Văn bản,K-Means,Hierarchical,DBSCAN
noma nhà_hàng đan_mạch đứng đầu thế_giới tâm_điểm bếp trưởng lừng_danh rené redzepi xin_lỗi nhân_viên hành_vi sai_trái thông_báo nghỉ_việc redzepi biểu_tượng cách_mạng ẩm_thực bắc âu_nổi_tiếng kỹ_thuật chế_biến điêu_luyện nguyên_liệu tự_nhiên cáo_buộc đấm nhân_viên dụng_cụ bếp tấn_công xô_đẩy tường giới quan_sát rené redzepi xác_nhận góc tối vốn tồn_tại lâu_đời căn_bếp michelin phản_ứng giới ẩm_thực cao_cấp bước_ngoặt buộc ranh_giới kỷ_luật ngược_đãi chuyên_gia ngành ẩm_thực cao_cấp vận_hành dựa mặc_định sản_phẩm chất_lượng áp_lực cực_đoan chịu_đựng đánh đồng tận_tụy nghiên_cứu công_bố  tiến_sĩ robin_burrow tiến_sĩ rebecca scott_trường kinh_doanh cardiff bạo_lực bình_thường hóa quy_trình đào_tạo nhà_hàng michelin nghiên_cứu dựa phỏng_vấn sâu đầu_bếp chuyên_nghiệp châu_âu kết_quả trải môi_trường coi bạo_lực tiêu_chuẩn gia_nhập cộng_đồng đầu_bếp nghiên_cứu mô_tả ném thức_ăn mặt mắc lỗi nôn_mửa ca làm_việc cơ_thể mặc_định chiến_tranh nghiên_cứu kết_luận thế_giới michelin khả_năng chịu_đựng đau_khổ thể_xác tinh_thần huy_hiệu danh_dự tư_cách nghề_nghiệp cấu_trúc bắt_nguồn hệ_thống brigade de cuisine lữ_đoàn bếp thế_kỷ  mô_hình quân_đội bếp ưu_tiên hiệu_suất phân_cấp quyền_lực tuyệt_đối hành_vi lạm_dụng quyền_hạn redzepi tên_tuổi đối_mặt cáo_buộc tương_tự  đầu bếp_pháp yannick alléno bị_cáo buộc đánh_đập nhân_viên nhà_hàng pavillon ledoyen  nhà_hàng tom kitchin đình_chỉ hai quản_lý khiếu_nại hành_vi chuẩn_mực công_đoàn đầu_bếp unichef đề_nghị michelin xem_xét tước nhà_hàng xảy lạm_dụng kris hall sáng_lập dự_án the burnt_chef hình_ảnh đầu_bếp nóng_nảy truyền_hình điển_hình gordon ramsay hell s_kitchen góp_phần bình_thường hóa hung_hăng công_chúng tiếp_nhận hành_vi dạng giải_trí vô_tình tiền_đề thực_trạng lạm_dụng đời thực_bộ phim the_bear đồng_cảm giới chuyên_môn mô_tả trực_diện chấn_tâm_lý nhân_viên bếp chịu_đựng hassel aviles đồng sáng_lập not  to  tổ_chức phi_lợi_nhuận chuyên sức_khỏe tinh_thần chống lạm_dụng ngành dịch_vụ thực_phẩm nhận_định hệ_thống bếp cũ nguy_hiểm nhân_sự tổ_chức văn_hóa làm_việc chịu_đựng thước_đo vốn tỷ_lệ trầm_cảm lạm_dụng chất kích_thích giới đầu_bếp bộ_phận ngành bảo_vệ quan_điểm khắt_khe đỉnh_cao đầu_bếp ali dey daly xuất_sắc đòi_hỏi kỷ_luật hy_sinh cảnh_báo chỉ_trích phá hỏng nỗ_lực nâng tầm nghề_nghiệp tổ_chức not  to  the burnt chef nhấn_mạnh môi_trường làm_việc dựa nỗi sợ_hãi chấp_nhận nhà_hàng michelin ranh_giới xóa_nhòa áp_lực hoàn_hảo người_quản_lý nhẹ yếu_tố con_người ngành ẩm buộc áp_lực khủng_hoảng_nhân_sự đại_dịch thế_hệ đầu_bếp trẻ chấp_nhận ngược_đãi đổi kinh_nghiệm áp_lực dư_luận đối_tác kinh_doanh tác_động dòng tiền minh_chứng đối_tác american express blackbird cắt đứt quan_hệ dự_án nhà_hàng noma bê_bối redzepi sáng_lập tổ_chức not  to  mạng xã_hội giúp công_khai câu_chuyện che_giấu trách_nhiệm toàn hệ_thống bao_gồm thực_khách lựa_chọn nhà_hàng dựa tiêu_chuẩn đạo_đức văn_hóa ngành nhà_hàng noma tuyên_bố cải_thiện_giới chuyên_gia nhận_định bền_vững phụ_thuộc tái_cấu_trúc hệ_thống quản_trị thay_vì dừng xin_lỗi ngành ẩm_thực chuyển_mình phụ_thuộc chấm_dứt tôn_vinh mô_hình vận_hành dựa đau_khổ nhân_viên đổi ngôi_sao michelin,2,0,0
lẩu phân_bò đại_diện tiêu_biểu khái_niệm ẩm_thực_đen dark cuisine trung_quốc thuật_ngữ kết_hợp thực_phẩm kỳ_lạ quy_chuẩn nấu_nướng thông_thường món xuất_xứ núi quý_châu tây_nam trung_quốc canh chế_biến dịch cỏ tiêu_hóa dạ_dày ruột_non bò mật bò thảo_mộc địa_phương quy_trình chế_biến phi_thơm tỏi gừng hành_lá ớt quý châu_thịt bò nội_tạng xào_sơ đổ hỗn_hợp dịch cỏ mật bò đun sôi nước_dùng món lẩu màu xanh ô_liu đậm món mùi hương tương_tự canh thảo_mộc thay_vì mùi hôi_nước vị thịt bò umami hậu_vị đắng mật cỏ thực_khách kèm chấm_pha ớt bột khô_hành lá tỏi băm dịch lỏng món chất_thải dịch tiêu_hóa sơ_cấp cỏ ngăn dạ_dày bò giết_mổ bò cỏ thảo_dược dịch thu chất xơ tiêu_hóa hỗn_hợp giàu diệp lục enzyme tiêu_hóa tương_tự trà thảo_mộc hình_thành cơ_thể động_vật món quen_thuộc cộng_đồng dân_tộc_thiểu_số miêu đồng gắn_bó lâu_đời núi đá_vôi đặc_trưng quý_châu bò vật chứa dinh_dưỡng tự_nhiên dịch_dạ cỏ ăn_uống mà_còn hấp_thụ dinh_dưỡng môi_trường nguyên_lý y_học cổ_truyền dịch chiết bò dược_tính thung_lũng độ_ẩm quý_châu người_dân lẩu bài_thuốc hệ tiêu_hóa giúp cơ_thể hấp_thụ dưỡng_chất thảo_mộc tự_nhiên dạ_dày bò quan_niệm tương_đồng hệ_thống y_học cổ_truyền sản_phẩm bò bồi_bổ món phản_ánh cư_dân địa_phương thích_nghi môi_trường sống thực_phẩm hạn_chế tận_dụng hệ tiêu_hóa gia_súc khai_thác dưỡng_chất cỏ thảo_dược tự_nhiên toàn_bộ vật món quan_điểm trái chiều alex he bếp_trưởng điều_hành anantara guiyang resort quý_châu thử món lẩu phân_bò chấp_nhận thành_phần nguyên_liệu hương_vị đặc_trưng quý_châu vị chua cay món cơm chiên trứng ớt muối cha_mẹ bữa thời thơ_ấu he địa_hình núi_non quý_châu cô_lập nguyên_liệu hạn_chế người_dân dựa ớt lên_men hương_vị món món đặc_trưng cá_nấu canh_chua gà xào_cay vị chua_nhẹ kết_hợp cay vị cay_tê mala nổi_tiếng tứ xuyên trùng_khánh ẩm_thực_quý châu_ít hoa_tiêu thay ớt lên_men độ cay vừa_phải vị cay_thơm kéo_dài lẩu phân_bò tranh_cãi phản_ánh lịch_sử sinh_tồn cộng_đồng miền núi động_vật tận_dụng khắc_nghiệt người_dân hình_thành khẩu_vị bản_sắc ẩm_thực khác_biệt,2,0,0
quán nằm đường  phường hiệp_bình diện_tích   m mở_cửa hôm   quán nhanh_chóng hấp_dẫn giới trẻ không_gian xanh_mát góc check in chủ quán mong_muốn thiên_nhiên không_gian sống con_người thông_qua tái_hiện hệ_sinh_thái xanh đô_thị quán nằm đường  phường hiệp_bình diện_tích   m mở_cửa hôm   quán nhanh_chóng hấp_dẫn giới trẻ không_gian xanh_mát góc check in chủ quán mong_muốn thiên_nhiên không_gian sống con_người thông_qua tái_hiện hệ_sinh_thái xanh đô_thị quán chia thành hai khu_vực cổng vườn cẩm_tú cầu mộc hoa_trang điểm_xuyết   cẩm_tú cầu nhập đà lạt không_gian thiết_kế phong_cách rừng nhiệt_đới bố_cục lớp phối_hợp tầm trung_thấp cây_leo bụi dây rừng độ rủ nhấn quán thác nhân_tạo ảnh   m đổ vách đá dựng_đứng khuôn_viên xanh_quán chia thành hai khu_vực cổng vườn cẩm_tú cầu mộc hoa_trang điểm_xuyết   cẩm_tú cầu nhập đà lạt không_gian thiết_kế phong_cách rừng nhiệt_đới bố_cục lớp phối_hợp tầm trung_thấp cây_leo bụi dây rừng độ rủ nhấn quán thác nhân_tạo ảnh   m đổ vách đá dựng_đứng khuôn_viên xanh_thác quán cà_phê video ảnh khu vườn nhiệt_đới cổ   chủ_yếu dòng kiểng lá philodendron monstera dương_xỉ ôn_đới cây_leo bụi rong rêu cung_cấp độ_ẩm loài khu rừng phát_triển quán hệ_thống tưới tự_động vòi phun nhỏ_giọt phun sương phun khói vi_sinh ảnh khu vườn nhiệt_đới cổ   chủ_yếu dòng kiểng lá philodendron monstera dương_xỉ ôn_đới cây_leo bụi rong rêu cung_cấp độ_ẩm loài khu rừng phát_triển quán hệ_thống tưới tự_động vòi phun nhỏ_giọt phun sương phun khói vi_sinh_hà phương_nhi  đầu quán quán rộng_rãi thoáng mát góc sống ảo giá vé cửa đông gái quảng_trị mong_muốn quán thường_xuyên tiểu_cảnh chăm_sóc cây_xanh nâng trải_nghiệm hà_phương_nhi  đầu quán quán rộng_rãi thoáng mát góc sống ảo giá vé cửa đông gái quảng_trị mong_muốn quán thường_xuyên tiểu_cảnh chăm_sóc cây_xanh nâng trải_nghiệm cạnh khu rừng tiểu_cảnh quán bố_trí không_gian ngoài_trời suối hang_động đường_ray hệ_thống phun sương hiệu_ứng du_khách chụp hình check in cạnh khu rừng tiểu_cảnh quán bố_trí không_gian ngoài_trời suối hang_động đường_ray hệ_thống phun sương hiệu_ứng du_khách chụp hình check in khu rừng nguyên_sinh sân_khấu quán tổ_chức đêm nhạc acoustic nhạc diễn tối thứ_bảy chủ_nhật  h  h khu rừng nguyên_sinh sân_khấu quán tổ_chức đêm nhạc acoustic nhạc diễn tối thứ_bảy chủ_nhật  h  h ban_ngày khu_vực sân_khấu quán hiệu_ứng sương mờ lan_tỏa mặt hồ ban_ngày khu_vực sân_khấu quán hiệu_ứng sương mờ lan_tỏa mặt hồ ban_ngày khu_vực sân_khấu quán hiệu_ứng sương mờ lan_tỏa mặt hồ khu_vực mê cung_gương bố_trí ẩn cây_cối lối đi gương phản_chiếu liên_tục hình_ảnh lá ánh đèn dòng du_khách cảm_giác khu rừng kéo_dài vô_tận lối đi nhân đôi nhân_ba trải_nghiệm bí_ẩn kích_thích_trí tò_mò bình_an phường an_phú khu_vực mê cung_gương bố_trí ẩn cây_cối lối đi gương phản_chiếu liên_tục hình_ảnh lá ánh đèn dòng du_khách cảm_giác khu rừng kéo_dài vô_tận lối đi nhân đôi nhân_ba trải_nghiệm bí_ẩn kích_thích_trí tò_mò bình_an phường an_phú mê cung gương_d mê cung gương_d mê cung_gương d giá vé quán   đồng người_lớn   đồng trẻ_em kèm_đồ uống thực_đơn quán đa_dạng  thức uống cà_phê trà ép trái_cây hình_thức tự_phục_vụ giá vé quán   đồng người_lớn   đồng trẻ_em kèm_đồ uống thực_đơn quán đa_dạng  thức uống cà_phê trà ép trái_cây hình_thức tự_phục_vụ mở_cửa  h  h quán đón  check in trải_nghiệm số_lượng gấp đôi tuần đông đi tuần_quán khu_vực xe rộng miễn_phí mở_cửa  h  h quán đón  check in trải_nghiệm số_lượng gấp đôi tuần đông đi tuần_quán khu_vực xe rộng miễn_phí ảnh,2,0,0
rung rueang pork noodles tuổi_đời  xuất_phát xe hàng rong đường_phố bangkok kinh_doanh phát_đạt chủ quán cửa_hàng cố_định quán đường_phố tiêu_biểu thái_lan không_gian bài_trí đơn_giản sạch_sẽ đông quán cẩm_nang michelin danh_sách bib_gourmand đồ_ăn ngon_giá hợp_lý  chả cá da cá_chiên giòn chả thịt băm bát mì vị tom yum lựa_chọn bỏ_qua michelin guide viết thực_khách mì ăn_theo sở_thích mì tom yum mì trộn khô mì topping thịt lợn da cá_chiên giòn chả cá bò_viên thịt_viên mì sợi dạng hủ_tiếu to hủ_tiếu mì trứng bánh phở gợi_ý gọi món hai tom yum thử hai vị khẩu_vị quán fanpage food blogger ghé  hoa hậu_kỳ_duyên thiên_ân video trải_nghiệm quán trang kèm tích_cực gợi_ý món thử diễn_đàn ẩm_thực du_lịch thái_lan quán mì rung_rueang du_khách gợi_ý mì tom yum cay nồng chuẩn_vị thái_lan có_giá học_sinh  baht   đồng_quán ngon giá bình_dân nha lưu_ý tom yum cay du_khách cân_nhắc vị cay kiểu_thái thành_viên diễn_đàn ẩm_thực_thái_lan facebook tripadvisor chấm    ý_kiến đợi đông phục_vụ rung rueang pork noodles nằm soi sukhumvit  trung_tâm thủ_đô bangkok du_khách đi tàu_điện cao_bts bến phrom_phong google maps xác_định quán  m cửa tàu_điện đi  phút đường đi thuận_tiện quán  h  h lý_tưởng bữa_lửng chuyến đi quán check in nổi_tiếng bangkok emquartier emporium công_viên benchasiri trung_tâm thương_mại terminal  cửa_hàng massage chân phố sukhumvit đồ_ăn đường_phố thái_lan michelin quán nốt ruồi làm_mưa_làm_gió diễn_đàn ẩm_thực,2,0,0
nhật_bản thực_khách húp thành tiếng mì soba_udon ramen truyền_thống sợi mì_ý thắc_mắc quốc_gia coi_trọng yên_tĩnh nhật_bản duy_trì thói_quen tiếng húp mì thể_hiện ngon_miệng tán_thưởng đầu_bếp gián_tiếp húp mì nằm tiện_lợi hương_vị nhật đũa cuộn tròn sợi mì nĩa húp mì giúp thức_ăn miệng nhanh_chóng hành_động kém_duyên liếm đầu_đũa món mì soba ramen udon đi kèm nóng_hổi húp giúp không_khí tràn nguội sợi mì_tránh bỏng_miệng chuyên_gia ẩm_thực_nhật_bản hương_thơm tiếp_xúc thụ_cảm khứu_giác giúp thực_khách cảm_nhận trọn_vẹn hương_vị món quán mì nhật_tiếng xì_xụp không_gian tương_tự tiếng nước_sôi nồi_lẩu tiếng xèo_xèo vỉ nướng horii yoshinori chủ cửa_hàng mì soba sarashina horii tuổi_đời  tokyo giải_thích thói_quen góc_độ lịch_sử kiều_mạch nguyên_liệu mì soba nhật_bản thế_kỷ mì soba phổ_biến thời edo   lựa_chọn hàng_đầu tầng_lớp lao_động giàu dinh_dưỡng giá rẻ thu_hoạch lúa_gạo  thành_phố edo_tokyo ngày_nay  quán soba xếp quán rượu izakaya số_lượng quầy hàng di_động thực_khách đứng vội_vã công_việc câu_nệ quy_tắc bàn khắt_khe giới quý_tộc tiếng xì_xụp dần trở_nên tự_nhiên lan thưởng_thức ramen mì ngày_nay húp mì thưởng_thức soba horii ép thực_khách quan_niệm hài_lòng khách_hàng quen_húp nhai chậm cảm_nhận vị ngon húp xì_xụp mì nhà_hàng quốc_tế coi hành_vi lịch_sự chương_trình đài tv asahi  du_khách thoải_mái văn_hóa nhật_bản nam du_khách pháp cảm_giác phiền_toái tiếng húp_mì xung_quanh quán soba khảo_sát trang  facebook   tham_gia phiền tiếng húp mì khảo_sát kết_quả đại_diện toàn_bộ cộng_đồng quốc_tế con_số giúp bản_địa_an_tâm nét đặc_trưng văn_hóa quán mì lâu_đời sarashina horii dân bản_địa_thường hướng_dẫn du_khách húp đúng_điệu thấu_hiểu văn_hóa bản_địa tuân_thủ cứng_nhắc quy_tắc ứng_xử tiếng xì_xụp linh_hồn không_gian ẩm_thực xứ_sở hoa đào,2,0,0
cà_phê hỏa nằm cạnh ga huế đường bùi_thị xuân phường thuận_hóa mở_cửa hôm   quán hấp_dẫn không_gian hoài_niệm nhà_ga  cà_phê hỏa mắt_xích chiến_lược nhà_ga tổng_công_ty đường_sắt việt_nam mô_hình có_mặt ga mạng_lưới đường_sắt quốc_gia ga long biên_ga hải_dương ga diêu_trì giám_đốc vận_hành nguyễn_tuấn_vũ xây_dựng mô_hình cà_phê đường tàu lựa_chọn không_gian thưởng_thức cà_phê du_khách cố_đô cà_phê hỏa nằm cạnh ga huế đường bùi_thị xuân phường thuận_hóa mở_cửa hôm   quán hấp_dẫn không_gian hoài_niệm nhà_ga  cà_phê hỏa mắt_xích chiến_lược nhà_ga tổng_công_ty đường_sắt việt_nam mô_hình có_mặt ga mạng_lưới đường_sắt quốc_gia ga long biên_ga hải_dương ga diêu_trì giám_đốc vận_hành nguyễn_tuấn_vũ xây_dựng mô_hình cà_phê đường tàu lựa_chọn không_gian thưởng_thức cà_phê du_khách cố_đô quán diện_tích   m sức chứa  không_gian chia thành hai khu_vực ngoài_trời hai mặt_tiền trồng cây_xanh hướng đường sân ga ảnh đại_diện quán  hoàn_thiện không_gian sưu_tầm hiện_vật ngành đường_sắt đầu_máy tà_vẹt bố_trí tiểu_cảnh hạng_mục tốn nhất_quán diện_tích   m sức chứa  không_gian chia thành hai khu_vực ngoài_trời hai mặt_tiền trồng cây_xanh hướng đường sân ga ảnh đại_diện quán  hoàn_thiện không_gian sưu_tầm hiện_vật ngành đường_sắt đầu_máy tà_vẹt bố_trí tiểu_cảnh hạng_mục tốn phép tham_quan check in đầu máy_dh  phép tham_quan check in đầu máy_dh  góc quán nằm sát ga huế quan_sát tàu chạy an_toàn khu_vực đường_ray chỗ ngăn tường kính bảo_vệ túc_trực ảnh góc quán nằm sát ga huế quan_sát tàu chạy an_toàn khu_vực đường_ray chỗ ngăn tường kính bảo_vệ túc_trực ảnh quỳnh tp huế đầu quán đi tàu hỏa đầu cà_phê ngắm tàu cảm_giác hồi_hộp gái  nhận_xét đông quán món giá_cả tương_xứng trải_nghiệm quỳnh tp huế đầu quán đi tàu hỏa đầu cà_phê ngắm tàu cảm_giác hồi_hộp gái  nhận_xét đông quán món giá_cả tương_xứng trải_nghiệm quán video mạng xã_hội đan_huy đà_nẵng trải_nghiệm quán không_gian rộng_rãi thoáng đãng đầu_máy xe_lửa view ngắm tàu hỏa đẹp_huy quán thường_xuyên quán video mạng xã_hội đan_huy đà_nẵng trải_nghiệm quán không_gian rộng_rãi thoáng đãng đầu_máy xe_lửa view ngắm tàu hỏa đẹp_huy quán thường_xuyên quán mở_cửa  h  h tuần đón đón   đông tối đồ uống quán phục_vụ món ăn_theo mô_hình nhà_hàng cơm_niêu cơm_niêu huế kèm món cá kho thịt luộc tôm_chua rau củ mùa quán mở_cửa  h  h tuần đón đón   đông tối đồ uống quán phục_vụ món ăn_theo mô_hình nhà_hàng cơm_niêu cơm_niêu huế kèm món cá kho thịt luộc tôm_chua rau củ mùa ảnh,2,0,0
ramen món mì truyền_thống phổ_biến nhật_bản bắt_gặp góc phố thực_khách khắp thế_giới yêu mì ramen béo sợi mì_dai bột mì muối kiềm_sốt topping thịt lợn trứng luộc_lòng đào rong biển hành_lá măng lên_men ngô hạt giá ramen ý_kiến tích_cực diễn_đàn ẩm_thực món mặn béo chủ_đề mì_ramen mặn reddit đồng_cảm tiktok instagram nội_dung thực_khách việt ramen món yêu nhật thưởng_thức mặn thực_khách ăn_ramen du_khách canada ăn_ramen hai mặn khẩu_vị chẳng nhẽ sức_khỏe khách_hàng ramen muối đồ_ăn cân_bằng khẩu_vị ramen phân_biệt dựa  ramen phổ_biến shio miso tonkotsu shoyu phiên_bản kết_hợp shio tonkotsu mặn ramen shio nêm_nếm chủ_yếu muối béo shio chế_biến gà thịt kiểu ramen tinh_tế truyền_thống lâu_đời nhật_bản ramen_miso tương_đậu nành_miso sánh màu nâu đậm hương_vị phong_phú phong_cách bắt_nguồn hokkaido mùa đông_lạnh kéo_dài đòi_hỏi bát mì đậm giàu năng_lượng ngày_nay ramen miso phổ_biến nhật_bản ưa_chuộng kyushu ramen tonkotsu nấu xương lợn hầm tan thành trắng đục béo hương_vị gà mỡ lợn ramen shoyu màu nâu nêm xì dầu shoyu gà tùy kết_hợp lợn bò cá_shoyu ramen phổ_biến lựa_chọn mặc_định thực_đơn ghi đầu ramen_nhật mặn_chát du_khách lo_lắng cảm_giác bình_thường ramen vốn món thanh_nhẹ ramen tonkotsu ban_đầu sinh dân lao_động ngư_dân công_nhân du_lịch ăn_uống nhẹ_nhàng muối bù mồ_hôi chảy người_dân cảng hakata kéo lưới bốc_vác gió lạnh muối liên_tục mồ_hôi hơi thở ăn_nhạt mệt chuột rút tụt huyết_áp ramen nêm mặn bù điện giải ramen béo vị mặn cân_bằng tonkotsu ramen nấu xương lợn mỡ tủy collagen đun   tiếng đặc sữa_mỡ vị nhạt món vị ngấy khí_hậu lạnh muối ramen ấm trời lạnh đói nhanh_ramen chần_mì  giây đậm nêm_nếm muối làm_việc no sức,2,0,0
ấn_độ nổi_tiếng đám_cưới hoa kéo_dài bữa tiệc hoành_tráng phong_tục puyyappla_perukkal nuôi_dưỡng rể truyền_thống hàng thế_kỷ hồi_giáo_mappila thành_phố thalassery bang kerala thalassery thành_phố ven biển nổi_tiếng sản_xuất bạch_đậu_khấu hạt tiêu đinh_hương thiết_lập thalassery khu định_cư dọc bờ biển malabar tây_nam ấn_độ  nhà_hàng hải_bồ đào_nha thương_nhân hà_lan tranh_giành quyền kiểm_soát thế_kỷ pha_trộn ả_rập tư_hà_lan ấn_độ hội_tụ phong_cách ẩm_thực đa_dạng quốc_gia puyyappla_perukkal bắt_nguồn văn_hóa hồi_giáo_mappila duy_trì truyền_thống hôn_nhân thế_kỷ  tập_tục xưa chú_rể sống cô_dâu mẹ_vợ vị danh_dự người_thân  món hầu_như trùng_lặp  nghi_lễ bắt_nguồn hệ_thống mẫu hệ marumakkathayam cổ_đại bang kerala tài_sản quyền thừa_kế truyền nữ_giới cộng_đồng đạo hindu hệ_thống truyền cảm_hứng hồi_giáo thalassery puyyappla perukkal tôn_vinh rể củng_cố_tình_cảm gia_đình văn_hóa mappila chào_đón rể gia_đình dấu_hiệu tôn_trọng khắp ấn_độ con_số  coi ý_nghĩa sự_kiện cuộc_đời tượng_trưng ban_phước suy_ngẫm văn_hóa hồi_giáo địa_phương trường_hợp mẹ cô_dâu qua_đời ốm_đau nghĩa_vụ vai_trò nữ trưởng bối đảm_nhận rubeena kalathiyath đầu_bếp the heritage  nhà_hàng di_sản  nằm thalassery hôm đám_cưới bình_minh chú_rể phục_vụ bánh_mì chiên bơ sữa trâu pazham vatti bánh chuối_chiên trứng luộc bữa pathiri ari rotti bánh_mì dẹt bột gạo ney pathiri vàng óng bánh_mì gạo_chiên bơ kèm cà_ri cừu bữa chú_rể trở tối thưởng_thức mâm cỗ vadas đậu lăng_giòn bánh rán mặn chiên ngập dầu unnakaya chuối_hấp nghiền nhuyễn_nhân dừa nạo_bạch đậu_khấu đường petti pathal bánh_nhân gà bữa trưa bữa tối bữa thịnh_soạn bữa món aleesa súp lúa_mì gà nấu cốt dừa muttamala_lòng đỏ trứng ngâm đường kakka roti bánh_mì gạo nhân_mutta sirka gạo sống trộn trứng chiên ngập dầu moodi pathiri bánh_mì gạo_xếp lớp cơm bơ cơm nấu bơ cơm_trộn thịt cừu mutton biryani tuần hai gà món hầm thịt cừu chiếm ưu_thế bữa tối món kalathiyath giải_thích truyền_thống suốt  diễn bữa tiệc loạt quy_tắc bất_thành_văn củng_cố tôn_trọng đi chú_rể mẹ_vợ tập_tục meen panam tiền cá cá coi món phục_vụ trừ chú_rể khoản tiền tượng_trưng mẹ_vợ chán_ngán chế_độ toàn thịt chú_rể tiền cô_dâu cô_dâu mẹ món cá đôi_khi tiền cất đệm tương_tự pha trà chaaya paisa tiền trà khoản thanh_toán khiêm_tốn ấm trà phản_ánh cuộc_sống chi_phối nghi_lễ giữ_gìn tôn_trọng nghĩa_vụ đồ_ăn chuẩn chú_rể tỏ thái_độ hài_lòng đôi_khi phản_đối người_lớn cô_dâu dỗ_dành truyền_thống vui_vẻ chú_rể trở_lại zafira_amin điều_hành lớp_học nấu_ăn bánh thalassery bữa tiệc kéo_dài  phổ_biến gia_đình hồi_giáo khu_vực ngày_nay cặp vợ_chồng sống xa_đại_gia_đình cư_dân di_cư thành_phố việc_làm hiện gia_đình thực_hành truyền_thống lâu_đời ngày_nay mẹ cô_dâu dọn  món rể bữa duy_nhất,2,0,0
tanya nanetti nữ chuyên_gia cà_phê tạp_chí barista đầu phát_hiện tồn_tại món dirty coffee cà_phê bẩn lưu_trú bangkok quán cà_phê đặc_sản món thực_đơn quảng_cáo đồ uống đặc_trưng quán pha_chế kiểu riêng_thức uống quán món thử nửa quán xâu_chuỗi manh_mối ly cà_phê bẩn thử tanya kết_luận thức uống phục_vụ lạnh đá pha_chế sữa lạnh tùy rót ly espresso đặc_double shot hiệu_ứng thị_giác đẹp_mắt dừng đôi_khi ly cà_phê bẩn bangkok kem siro đường mè đen katsuyuki tanaka chuyên_gia cà_phê nhật_bản new_york món thôi_thúc thưởng_thức ly cà_phê bẩn nguyên_bản katsuyuki mùa hè  khách_hàng quán gọi ly latte đá đi tiệm uống bận đá tan ly_latte loãng câu_chuyện katsuyuki_nảy ý_tưởng thức uống cà_phê lạnh loãng cà_phê bẩn màn chào_hỏi tanya katsuyuki rót sữa tươi nguyên kem lạnh nửa lọ thủy_tinh tiếp chiết xuất_espresso cà_phê xay mịn nén chặt lớp espresso đặc_chảy lớp sữa thành vòng rót sữa miệng lọ espresso chiết_xuất lớp espresso thành vòng hai tanya lập_tức nếm thử ly cà_phê bẩn thưởng_thức tầng hương_vị ngụm đậm hương_vị cà_phê vị chocolate tiếp vị sữa_ngọt béo phút_thức uống hòa_quyện espresso sữa_thức uống cân_bằng lớp espresso rang đậm đắng lớp sữa kem béo_điểm món uống thưởng_thức nhịp_độ katsuyuki ngụm ly cà_phê nguyên_bản  hương_vị espresso chocolate đen  sữa ngụm hai  espresso  sữa nguyên hòa quyện thành tỷ_lệ   cho_phép cảm_nhận hương_vị ly latte lạnh loãng linh_hồn món đồ uống nằm lớp espresso đặc siro hương_vị biến_đổi liên_tục chiết xuất_katsuyuki quan_sát rút tách dòng_chảy cà_phê vòi máy pha đi trạng_thái đậm_đặc giây_đầu dần trở_nên loãng đắng thao_tác rút tách tức_là dời ly vòi chảy cà_phê chuẩn dứt_khoát ngắt loãng dư_thừa rút tách giúp trọn cốt cà_phê giọt đọng vương mép ly thành vệt hằn minh_chứng rõ_ràng chất_lượng nguyên_bản ly_espresso làm_việc new york ví dấu_vết đọng mép ly vệt thiên_thần khái_niệm nhanh_chóng thu_hút chú_ý chủ_đề bàn_tán sôi_nổi cộng_đồng yêu cà_phê nguyên_liệu katsuyuki sữa tươi nguyên_liệu chất_lượng hàm_lượng chất_béo   trở hạt espresso dòng pha_trộn nguyên_bản flower_child bear pond espresso cà_phê bẩn đòi_hỏi kỹ_năng barista chuyên_gia cà_phê tự_do lựa_chọn sữa hạt cà_phê kết_quả,2,0,0
không_gian nhà_hàng cảm_hứng triết_lý wabi sabi nhấn_mạnh tinh_giản dấu_ấn đại_diện sabi sky_omakase trải_nghiệm omakase thiết_kế hướng hóa nguyên_liệu quy_trình chế_biến kuro shari cơm giấm đen đóng vai_trò trung_tâm cấu_trúc sushi thành_phần khâu gạo_độ mài nhiệt_độ nấu kỹ_thuật_phối trộn cơm giấm đen_ủ gạo lứt kết_hợp bột binchotan tạp_chất hải_sản hạt cơm độ dẻo độ tơi cá kuro shari yếu_tố kuro shari cơm giấm đen fermentation lên_men aging ủ khô kỹ_thuật ủ khô giúp đọng_vị umami mềm cấu_trúc protein nguyên_liệu lên_men enzyme vi_sinh tiêu_hóa yếu_tố định_hình phong_cách chế_biến thực_đơn nhà_hàng bố_trí  chỗ quầy  chỗ phòng  chỗ counter quầy bàn cong hướng thành_phố tương_tác đầu_bếp thực_khách ánh_sáng âm_thanh kiểm_soát nhịp trải_nghiệm menu thứ_tự ichi ni hai san_ba mu thực_đơn nguyên_liệu mùa cá_ngừ vây xanh ủ khô bafun_uni bào ngư_đen kỹ_thuật ủ khô áp_dụng cá_ngừ đánh_bắt tự_nhiên đọng_vị mùi ổn_định cấu_trúc cá kiểm_soát độ_ẩm nhiệt_độ yếu_tố mùa_vụ thể_hiện karasumi ủ rau củ lên_men gừng non_nhật vị_giác thực_đơn nguyên_liệu mùa song_hành món chương_trình sake pairing sommelier xây_dựng lựa_chọn sake thủ_công đồ uống cồn phối_hợp bổ_trợ hương_vị cân_bằng tổng_thể bữa,2,0,0
chuyên_gia ẩm_thực_mỹ bánh_mì kẹp món giản_dị yêu_thích hàng_đầu thế_giới khám_phá thế_giới bánh_mì kẹp_sandwich ví_như đi du_lịch khắp hành_tinh giúp du_khách dễ_dàng lựa_chọn món bánh_mì kẹp chuyến du_lịch giới_thiệu danh_sách  món bánh_ngon dựa tiêu_chí độ nổi_tiếng thực_khách chấm_điểm hương_vị truyền_thống bản_sắc gắn liền tiện_lợi thực_khách yêu món salad niçoise món pan bagnat bánh_mì kẹp nice miền nam pháp bánh_mì kẹp món bánh_mì pain_de campagne giòn rụm bánh ưa_chuộng cửa tiệm bánh_mì cắt đôi rau sống cá cơm_ô liu trứng luộc_thái lát cá_ngừ cắt miếng tưới đẫm dầu ô_liu muối tiêu_ảnh chuyên_gia ẩm_thực_mỹ bánh_mì kẹp món giản_dị yêu_thích hàng_đầu thế_giới khám_phá thế_giới bánh_mì kẹp_sandwich ví_như đi du_lịch khắp hành_tinh giúp du_khách dễ_dàng lựa_chọn món bánh_mì kẹp chuyến du_lịch giới_thiệu danh_sách  món bánh_ngon dựa tiêu_chí độ nổi_tiếng thực_khách chấm_điểm hương_vị truyền_thống bản_sắc gắn liền tiện_lợi thực_khách yêu món salad niçoise món pan bagnat bánh_mì kẹp nice miền nam pháp bánh_mì kẹp món bánh_mì pain_de campagne giòn rụm bánh ưa_chuộng cửa tiệm bánh_mì cắt đôi rau sống cá cơm_ô liu trứng luộc_thái lát cá_ngừ cắt miếng tưới đẫm dầu ô_liu muối tiêu_ảnh món cầm đơn_giản chứa giăm_bông hảo_hạng thế_giới giăm iberico cao_cấp lợn nuôi sồi thịt thái mỏng xếp chồng bánh_mì giòn_phết rưới dầu ô_liu nguyên_chất cà_chua tươi phô mai_ảnh món cầm đơn_giản chứa giăm_bông hảo_hạng thế_giới giăm iberico cao_cấp lợn nuôi sồi thịt thái mỏng xếp chồng bánh_mì giòn_phết rưới dầu ô_liu nguyên_chất cà_chua tươi phô mai_ảnh ngôi_sao ẩm_thực_việt bánh_mì ngày_nay biến_tấu tùy vùng_miền du_khách dễ_dàng món cửa tiệm xe đẩy rong góc phố khắp việt_nam nhân bánh_mì người_yêu pate chả_lụa cà_rốt muối chua_bào sợi củ cải_muối chua rau mùi sốt mayonnaise_thịt lợn hương_vị giòn tươi đậm_đà vô_cùng ngon_miệng nhận_xét thực_khách món ảnh ngôi_sao ẩm_thực_việt bánh_mì ngày_nay biến_tấu tùy vùng_miền du_khách dễ_dàng món cửa tiệm xe đẩy rong góc phố khắp việt_nam nhân bánh_mì người_yêu pate chả_lụa cà_rốt muối chua_bào sợi củ cải_muối chua rau mùi sốt mayonnaise_thịt lợn hương_vị giòn tươi đậm_đà vô_cùng ngon_miệng nhận_xét thực_khách món ảnh món bánh_mì ngập sốt ẩm_thực đường_phố nổi_tiếng guadalajara_thủ_phủ bang jalisco mexico thịt lợn băm kẹp bánh_mì giòn_rụm quết sốt đỏ_cay nồng_ảnh món bánh_mì ngập sốt ẩm_thực đường_phố nổi_tiếng guadalajara_thủ_phủ bang jalisco mexico thịt lợn băm kẹp bánh_mì giòn_rụm quết sốt đỏ_cay nồng_ảnh mặc_dù nguồn_gốc thành_phố turin venice nâng món nhẹ phổ_biến trưa tầm đầu_bếp nhồi miếng bánh_mì trắng_hình tam_giác nhân ô_liu cá_ngừ trứng luộc_lòng đào giăm nấm truffle quán bar khắp venice bày đĩa tramezzino trưa thưởng_thức món du_khách nhâm_nhi bờ kênh ly rượu vang_ảnh mặc_dù nguồn_gốc thành_phố turin venice nâng món nhẹ phổ_biến trưa tầm đầu_bếp nhồi miếng bánh_mì trắng_hình tam_giác nhân ô_liu cá_ngừ trứng luộc_lòng đào giăm nấm truffle quán bar khắp venice bày đĩa tramezzino trưa thưởng_thức món du_khách nhâm_nhi bờ kênh ly rượu vang ảnh gọi shawarma bắt_nguồn tiếng arab nghĩa_là miêu_tả nhân_thịt nướng xiên thẳng_đứng phiên_bản lan rộng địa_trung_hải châu_âu_shawarma biến_tấu thành gyro hy_lạp doner_kebab đức_thổ nhĩ_kỳ biến_thể món đường_phố nổi_tiếng thành_phần cơ_bản thịt nướng tẩm gia_vị gà cừu bò thái_mỏng xiên kẹp bánh_mì pita mỏng phủ rau cà_chua hành_tây rau mùi tây sốt_tahini tương_ớt gọi shawarma bắt_nguồn tiếng arab nghĩa_là miêu_tả nhân_thịt nướng xiên thẳng_đứng phiên_bản lan rộng địa_trung_hải châu_âu_shawarma biến_tấu thành gyro hy_lạp doner_kebab đức_thổ nhĩ_kỳ biến_thể món đường_phố nổi_tiếng thành_phần cơ_bản thịt nướng tẩm gia_vị gà cừu bò thái_mỏng xiên kẹp bánh_mì pita mỏng phủ rau cà_chua hành_tây rau mùi tây sốt_tahini tương_ớt nhập_cư italy định_cư khu hạ_french quarter phố_pháp bang new orleans thế_kỷ xix đầu thế_kỷ xx phát_minh món bánh_mì kẹp đặc_trưng new orleans món bánh ổ bánh_mì tròn phủ_mè sicily kích_thước to hai bàn_tay bánh_muffaletta lớp ô liu băm xúc xích genoa giăm phô_mai phô_mai thụy_sĩ hòa_quyện hương_vị thơm ngon cưỡng chuyên_gia ẩm_thực ảnh nhập_cư italy định_cư khu hạ_french quarter phố_pháp bang new orleans thế_kỷ xix đầu thế_kỷ xx phát_minh món bánh_mì kẹp đặc_trưng new orleans món bánh ổ bánh_mì tròn phủ_mè sicily kích_thước to hai bàn_tay bánh_muffaletta lớp ô liu băm xúc xích genoa giăm phô_mai phô_mai thụy_sĩ hòa_quyện hương_vị thơm ngon cưỡng chuyên_gia ẩm_thực ảnh gọi món bánh_mì kẹp_uruguay dịch thành dê phần_nhân thịt dê kết_hợp thịt bò_thái mỏng giăm thịt xông_khói rau diếp sốt mayonnaise phô mai mozzarella món chivito phủ trứng chiên thực_khách bụng đói ảnh gọi món bánh_mì kẹp_uruguay dịch thành dê phần_nhân thịt dê kết_hợp thịt bò_thái mỏng giăm thịt xông_khói rau diếp sốt mayonnaise phô mai mozzarella món chivito phủ trứng chiên thực_khách bụng đói ảnh món bánh_mì kẹp hở mặt dịch bánh_mì phết_bơ món quốc_dân đan_mạch bánh_mì lúa_mạch đen bánh nhân cá trích cà_ri ngâm chua tôm màu hồng trứng luộc_thái lát thịt bò nướng tái lớp bơ ảnh món bánh_mì kẹp hở mặt dịch bánh_mì phết_bơ món quốc_dân đan_mạch bánh_mì lúa_mạch đen bánh nhân cá trích cà_ri ngâm chua tôm màu hồng trứng luộc_thái lát thịt bò nướng tái lớp bơ_ảnh gắn liền tỉnh gauteng johannesburg bánh_mì kẹp_spatlo nam_phi gọi_là kota phần_tư phần_tư ổ bánh_mì khoét rỗng nhân_bánh nhồi thịt nguyên_liệu khoai_tây chiên tẩm gia_vị phô_mai thịt xông_khói xúc xích polony xúc_xích kiểu nga sốt atchar_cay xoài xanh trứng chiên ảnh gắn liền tỉnh gauteng johannesburg bánh_mì kẹp_spatlo nam_phi gọi_là kota phần_tư phần_tư ổ bánh_mì khoét rỗng nhân_bánh nhồi thịt nguyên_liệu khoai_tây chiên tẩm gia_vị phô_mai thịt xông_khói xúc xích polony xúc_xích kiểu nga sốt atchar_cay xoài xanh trứng chiên ảnh,2,0,0
cơm gà hải_nam nguyên_bản chế_biến gà_văn xương gà đặc_hữu đảo hải_nam trung_quốc gà thả vườn cỡ nuôi chế_độ riêng_biệt hạt đa cơm dừa cám đậu_phộng quy_trình nuôi_dưỡng giúp thớ thịt độ vị mùi thơm khác_biệt gà_công_nghiệp tiền_thân cơm gà hải_nam vốn bữa đạm_bạc lao_động nghèo cơm gà giỏ tre dọc đường món du_nhập đại_lục đầu thời nhà_minh   chân dòng di_cư hải_nam lan_tỏa khắp đông nam_á thế_kỷ  gia_đình hải_nam tận_dụng gà già gà_thải nấu mỡ gà thổi cơm nấu thế_kỷ  cung gà văn_xương trở_nên khan_hiếm biến_động chính_trị thay_vì biến món lan_tỏa văn_hóa bản_địa tiếp_nhận dừng chân cộng_đồng địa_phương điều_chỉnh công_thức nguyên_liệu biến_thể đặc_trưng vùng_miền malaysia singapore khai_sinh phiên_bản cơm gà hải_nam hiện_đại kiểu gà luộc kỹ_thuật quảng_đông cơm nấu đậm_đà chấm đặc_trưng tranh_cãi kéo_dài singapore tách độc_lập  cơm gà hải_nam singapore phiên_bản phổ_biến khác_biệt nằm kỹ_thuật luộc gà quảng_đông gà chín ngâm nước_đá lớp da giòn gạo nấu mỡ gà lá dứa tỏi chấm đi kèm tương_ớt xay gừng_băm hắc_xì dầu malaysia thành_phố malacca seremban cơm vo thành_viên tròn ấm gà luộc malaysia ưa_chuộng gà kèm hủ_tiếu ipoh món phục_vụ giá đỗ chần_loại nông_sản nổi_tiếng mập giòn nước_khoáng địa_phương thái gọi cơm gà hải_nam khao_man gai_điểm đặc_trưng chấm tương_đen lên_men trộn tỏi_gừng ớt_hiểm cơm huyết nội_tạng gà dọn kèm bát_canh kiểu tomyum bangkok phiên_bản cơm gà chiên giòn thịnh_hành việt_nam biến_thể cơm gà hải_nam cơm gà hội_an gà xé phay_trộn hành_tây rau răm dọn kèm cơm nấu cùng_nghệ khu_vực cơm gà việt_nam chú_trọng tươi_mát kèm rau sống xoài xanh_bào sợi nước_mắm chua_ngọt đảo hải_nam món chế_biến mộc_mạc thịt gà chặt miếng xương độ dai phiên_bản đông nam_á chấm gừng_tỏi rau mùi hắc_xì dầu tương_ớt đôi_khi hầm xương lợn vị đậm_đà phổ_biến món chuyên_gia kết_quả giao_thoa văn_hóa cộng_đồng hoa hải_ngoại,2,0,0
  tạp_chí ẩm_thực  food_wines mỹ công_bố hà_nội xếp hai danh_sách  thành_phố cà_phê thế_giới trải_nghiệm ẩm_thực đồ uống du_khách tạp_chí food_wine khảo_sát  đầu_bếp chuyên_gia du_lịch nhà_văn viết ẩm_thực du_lịch chuyên_gia rượu_vang toàn_cầu trải_nghiệm kết_quả hội_đồng cố_vấn toàn_cầu xếp_hạng ứng_cử_viên hàng_đầu hạng_mục cạnh vinh_danh hà_nội á_quân hạng_mục thành_phố cà_phê thế_giới chuyên_gia food wine gợi_ý  quán cà_phê du_khách thử   tạp_chí ẩm_thực  food_wines mỹ công_bố hà_nội xếp hai danh_sách  thành_phố cà_phê thế_giới trải_nghiệm ẩm_thực đồ uống du_khách tạp_chí food_wine khảo_sát  đầu_bếp chuyên_gia du_lịch nhà_văn viết ẩm_thực du_lịch chuyên_gia rượu_vang toàn_cầu trải_nghiệm kết_quả hội_đồng cố_vấn toàn_cầu xếp_hạng ứng_cử_viên hàng_đầu hạng_mục cạnh vinh_danh hà_nội á_quân hạng_mục thành_phố cà_phê thế_giới chuyên_gia food wine gợi_ý  quán cà_phê du_khách thử quán cà_phê chủ tú_vũ ví_dụ làn_sóng cà_phê hà_nội hạt robusta truyền_thống nâng tầm_ly cà_phê tuyển_chọn thực_đơn du_khách ly cà_phê đen cà_phê sữa đặc_pha phin truyền_thống cạnh biến_tấu sáng_tạo trái_cây mua phin chủ quán thiết_kế pha ly cà_phê ảnh quán cà_phê chủ tú_vũ ví_dụ làn_sóng cà_phê hà_nội hạt robusta truyền_thống nâng tầm_ly cà_phê tuyển_chọn thực_đơn du_khách ly cà_phê đen cà_phê sữa đặc_pha phin truyền_thống cạnh biến_tấu sáng_tạo trái_cây mua phin chủ quán thiết_kế pha ly cà_phê ảnh quán cà_phê minh_chứng thị_trường cà_phê đặc_sản phát_triển hà_nội lách hẻm hẹp du_khách trải_nghiệm không_gian uống cà_phê yên_tĩnh tách_biệt ồn_ào thủ_đô đội_ngũ hạt việt_nam tuyển_chọn kỹ phương_pháp pha_chế chính_xác thực_đơn nổi_bật cà_phê nguyên_bản kỹ_thuật rang nhạt_lý_tưởng ly_pour over cà_phê pha giấy lọc nhẹ_ảnh quán cà_phê minh_chứng thị_trường cà_phê đặc_sản phát_triển hà_nội lách hẻm hẹp du_khách trải_nghiệm không_gian uống cà_phê yên_tĩnh tách_biệt ồn_ào thủ_đô đội_ngũ hạt việt_nam tuyển_chọn kỹ phương_pháp pha_chế chính_xác thực_đơn nổi_bật cà_phê nguyên_bản kỹ_thuật rang nhạt_lý_tưởng ly_pour over cà_phê pha giấy lọc nhẹ_ảnh công_nhận nôi cà_phê trứng việt_nam ra_đời  sữa khan_hiếm đỏ trứng đánh đường sữa_đặc thay_thế du_khách thử món đồ uống lớp kem béo ngậy bánh_flan phủ lớp cà_phê đậm_đặc_cốc cà_phê món tráng miệng đựng ly trải_nghiệm thử hà_nội đầu ảnh công_nhận nôi cà_phê trứng việt_nam ra_đời  sữa khan_hiếm đỏ trứng đánh đường sữa_đặc thay_thế du_khách thử món đồ uống lớp kem béo ngậy bánh_flan phủ lớp cà_phê đậm_đặc_cốc cà_phê món tráng miệng đựng ly trải_nghiệm thử hà_nội đầu ảnh quán lựa_chọn lý_tưởng cà_phê đặc_sản việt_nam rườm_rà quán phương_pháp pha_chế thủ_công cung_cấp lớp_học thử nếm cupping sâu quy_trình nóng hà_nội du_khách thử ly cold brew blackbird ảnh quán lựa_chọn lý_tưởng cà_phê đặc_sản việt_nam rườm_rà quán phương_pháp pha_chế thủ_công cung_cấp lớp_học thử nếm cupping sâu quy_trình nóng hà_nội du_khách thử ly cold brew blackbird_ảnh ẩn biệt_thự thời_pháp khu_phố cổ loading t đem đa_dạng lựa_chọn thức uống cà_phê trứng cà_phê sữa_chua món nổi_bật phục_vụ tận ngả ghế_quán nổi_tiếng du_lịch tinh_thần đợi bàn_ảnh ẩn biệt_thự thời_pháp khu_phố cổ loading t đem đa_dạng lựa_chọn thức uống cà_phê trứng cà_phê sữa_chua món nổi_bật phục_vụ tận ngả ghế_quán nổi_tiếng du_lịch tinh_thần đợi bàn_ảnh không_gian quán đồ nội_thất phong_cách thế_kỷ  cà_phê pha_chế phương_pháp đo_lường chuẩn_xác du_khách kỳ_vọng mẻ cà_phê rang_nhạt thực_đơn hạt cà_phê trồng phương_pháp bền_vững ảnh không_gian quán đồ nội_thất phong_cách thế_kỷ  cà_phê pha_chế phương_pháp đo_lường chuẩn_xác du_khách kỳ_vọng mẻ cà_phê rang_nhạt thực_đơn hạt cà_phê trồng phương_pháp bền_vững ảnh nhà_rang trở_nên phổ_biến hà_nội tp hcm chi_nhánh việt hạt arabica tây_nguyên ly cà_phê đậm_hương trái_cây tương_phản truyền_thống robusta đậm_đắng thành_phố ảnh nhà_rang trở_nên phổ_biến hà_nội tp hcm chi_nhánh việt hạt arabica tây_nguyên ly cà_phê đậm_hương trái_cây tương_phản truyền_thống robusta đậm_đắng thành_phố ảnh,2,0,0
cập_nhật  danh_sách  món tệ thế_giới  tổng_hợp   lượt chấm_điểm hợp_lệ trung_bình   đại_diện bảng xếp_hạng kết_luận ẩm_thực toàn_cầu hướng tôn_vinh đặc_sản địa_phương khơi gợi niềm tự_hào văn_hóa thúc_đẩy khám_phá món volcano pizza món thụy_điển đầu_bếp halmat givra sáng_tạo nhà_hàng nya gul bla món ấn_tượng hình_dáng núi lửa vòng bánh phủ phô_mai giăm salami thịt xông_khói thăn bò trung_tâm khoai_tây chiên salad kèm_sốt hương_vị kết_hợp volcano pizza lựa_chọn đông đáp_ứng đa_dạng khẩu_vị món ảnh cập_nhật  danh_sách  món tệ thế_giới  tổng_hợp   lượt chấm_điểm hợp_lệ trung_bình   đại_diện bảng xếp_hạng kết_luận ẩm_thực toàn_cầu hướng tôn_vinh đặc_sản địa_phương khơi gợi niềm tự_hào văn_hóa thúc_đẩy khám_phá món volcano pizza món thụy_điển đầu_bếp halmat givra sáng_tạo nhà_hàng nya gul bla món ấn_tượng hình_dáng núi lửa vòng bánh phủ phô_mai giăm salami thịt xông_khói thăn bò trung_tâm khoai_tây chiên salad kèm_sốt hương_vị kết_hợp volcano pizza lựa_chọn đông đáp_ứng đa_dạng khẩu_vị món ảnh sviđ món độc_đáo iceland bao_gồm đầu cừu bổ_đôi nấu chín đầu cừu nướng lửa loại_bỏ lông món kèm củ cải_nghiền khoai_tây nghiền lễ_hội mùa đông truyền_thống iceland mặc_dù sviđ nổi_tiếng kỳ_lạ thẳng mắt vật đĩa thức_ăn ảnh sviđ món độc_đáo iceland bao_gồm đầu cừu bổ_đôi nấu chín đầu cừu nướng lửa loại_bỏ lông món kèm củ cải_nghiền khoai_tây nghiền lễ_hội mùa đông truyền_thống iceland mặc_dù sviđ nổi_tiếng kỳ_lạ thẳng mắt vật đĩa thức_ăn ảnh thorramatur tập_hợp món truyền_thống iceland thưởng_thức þorri   thực_đơn món cá thịt chế_biến phương_pháp cổ_truyền cắt kèm bánh_mì lúa_mạch đen bơ bữa tiệc buffet món tiêu_biểu cá_mập lên_men thịt cừu hun_khói đầu cừu xúc xích_huyết rượu ảnh thorramatur tập_hợp món truyền_thống iceland thưởng_thức þorri   thực_đơn món cá thịt chế_biến phương_pháp cổ_truyền cắt kèm bánh_mì lúa_mạch đen bơ bữa tiệc buffet món tiêu_biểu cá_mập lên_men thịt cừu hun_khói đầu cừu xúc xích_huyết rượu ảnh bánh_kếp huyết_blood pancakes món phổ_biến thụy_điển lan na_uy món chế_biến hỗn_hợp bột bánh_kếp truyền_thống bổ_sung huyết động_vật bánh mỏng crêpe dày_dai đặc_trưng màu nâu_sẫm chế_biến người_ta hành gia_vị kèm việt quất đỏ lingonberry_tươi mứt lingonberry lan thụy_điển bánh sẵn sản_phẩm chế_biến tiện_lợi ảnh bánh_kếp huyết_blood pancakes món phổ_biến thụy_điển lan na_uy món chế_biến hỗn_hợp bột bánh_kếp truyền_thống bổ_sung huyết động_vật bánh mỏng crêpe dày_dai đặc_trưng màu nâu_sẫm chế_biến người_ta hành gia_vị kèm việt quất đỏ lingonberry_tươi mứt lingonberry lan thụy_điển bánh sẵn sản_phẩm chế_biến tiện_lợi ảnh cá hồi navarra món truyền_thống navarre nguyên_liệu cá hồi giăm serrano bột mì chanh rau mùi tây dầu ô_liu muối cá hồi ướp muối lăn bột mì chiên dầu ô_liu vàng_giòn chín cá nấu nhồi miếng giăm serrano xào vắt chanh ảnh cá hồi navarra món truyền_thống navarre nguyên_liệu cá hồi giăm serrano bột mì chanh rau mùi tây dầu ô_liu muối cá hồi ướp muối lăn bột mì chiên dầu ô_liu vàng_giòn chín cá nấu nhồi miếng giăm serrano xào vắt chanh ảnh milcao món truyền_thống nguồn_gốc quần_đảo chiloé archipelago chile món khoai_tây bào khoai_tây nghiền kết_hợp mỡ heo gia_vị thành dạng bánh_khoai truyền_thống milcao khoai_tây bản_địa chiloé bánh thành_phần món đặc_trưng reitimiento curanto hiện milcao biến_tấu chiên nướng hấp luộc tóp mỡ ảnh milcao món truyền_thống nguồn_gốc quần_đảo chiloé archipelago chile món khoai_tây bào khoai_tây nghiền kết_hợp mỡ heo gia_vị thành dạng bánh_khoai truyền_thống milcao khoai_tây bản_địa chiloé bánh thành_phần món đặc_trưng reitimiento curanto hiện milcao biến_tấu chiên nướng hấp luộc tóp mỡ ảnh blodpalt gắn liền bắc thụy_điển lapland lan bánh_bao màu nâu sẫm bột lúa mạch đen lúa_mạch tiết động_vật truyền_thống bánh tiết tuần_lộc hiện món biến_thể tiết động_vật gia_vị ảnh blodpalt gắn liền bắc thụy_điển lapland lan bánh_bao màu nâu sẫm bột lúa mạch đen lúa_mạch tiết động_vật truyền_thống bánh tiết tuần_lộc hiện món biến_thể tiết động_vật gia_vị ảnh kugel yerushalmi món hầm mì nổi_tiếng màu_sắc đậm kết_cấu đặc hương_vị kết_hợp vị vị tiêu_cay nồng đường caramel tiêu_đen đặc_trưng món khác_biệt món hầm mì thành_phần sữa hương_vị nhẹ ảnh kugel yerushalmi món hầm mì nổi_tiếng màu_sắc đậm kết_cấu đặc hương_vị kết_hợp vị vị tiêu_cay nồng đường caramel tiêu_đen đặc_trưng món khác_biệt món hầm mì thành_phần sữa hương_vị nhẹ ảnh lươn đông_lạnh món đường_phố truyền_thống cockney thế_kỷ  ban_đầu rẻ món lươn bản_địa dồi_dào sông thames món kết_cấu mềm_vị nhẹ hơi mặn đôi_khi so_sánh cá trích_ngâm mùi món lươn kèm tiêu_trắng giấm nóng lạnh giấm_ớt hương_vị ảnh lươn đông_lạnh món đường_phố truyền_thống cockney thế_kỷ  ban_đầu rẻ món lươn bản_địa dồi_dào sông thames món kết_cấu mềm_vị nhẹ hơi mặn đôi_khi so_sánh cá trích_ngâm mùi món lươn kèm tiêu_trắng giấm nóng lạnh giấm_ớt hương_vị ảnh chapalele bánh_mì truyền_thống chile hai nguyên_liệu khoai_tây bột mì nguồn_gốc chiloé island chế_biến truyền_thống bánh hấp curanto hố đất nấu_ăn hiện_chapalele biến_tấu chiên áp_chảo nướng chín bánh món nhẹ kèm món hầm thịt ảnh tasteatlas nền_tảng trực_tuyến chuyên ẩm_thực khám_phá xếp_hạng quảng_bá món truyền_thống nguyên_liệu nhà_hàng địa_phương toàn thế_giới thành_lập zagreb croatia tasteatlas hoạt_động bản_đồ ẩm_thực kỹ_thuật_số cung_cấp thông_tin chi_tiết món công_thức nấu_ăn câu_chuyện văn_hóa đằng chapalele bánh_mì truyền_thống chile hai nguyên_liệu khoai_tây bột mì nguồn_gốc chiloé island chế_biến truyền_thống bánh hấp curanto hố đất nấu_ăn hiện_chapalele biến_tấu chiên áp_chảo nướng chín bánh món nhẹ kèm món hầm thịt ảnh tasteatlas nền_tảng trực_tuyến chuyên ẩm_thực khám_phá xếp_hạng quảng_bá món truyền_thống nguyên_liệu nhà_hàng địa_phương toàn thế_giới thành_lập zagreb croatia tasteatlas hoạt_động bản_đồ ẩm_thực kỹ_thuật_số cung_cấp thông_tin chi_tiết món công_thức nấu_ăn câu_chuyện văn_hóa đằng,2,0,0
tối hà_giang lựa_chọn ăn_uống món vặt dù_vậy du_khách hàng thắng dền món đặc_trưng hà_giang mùa lạnh cảnh núi_rừng hút gió_mùa đông ăn_bát thắng dền_tráng miệng bữa tối thịt gác bếp xúc xích lợn lựa_chọn hợp_lý minh huỳnh_lái_xe địa_phương nhâm_nhi bát thắng dền màu_sắc sặc_sỡ viên kẹo thắng dền ngoại_hình tương_đồng bánh_trôi tàu hà_nội bánh cống phù_lạng sơn chế_biến bột gạo_nếp nhân_chay đậu đỗ đặng_thị_hà_nga  món đường trần_hưng_đạo phường hà_giang  viên thắng dền to đầu ngón bánh trôi tàu bát  viên cạnh màu trắng truyền_thống quán phục_vụ thắng dền_ngũ sắc thẩm_mỹ màu_sắc nguyên_liệu tự_nhiên gấc_nghệ thanh_long hoa đậu_biếc quy_trình món bánh trôi gạo nếp ngon_xay thành bột giã vỏ bánh độ dai_không bở nấu đường nước_cốt dừa gừng đun nóng nga bí_quyết gừng nướng chín rửa sạch đập dập đem đun dậy mùi thơm gừng sống cửa_hàng hai nồi riêng_biệt luộc bánh nấu đường gừng chủ quán thả viên bột nồi sôi_đợi   phút bánh nổi mặt_nước bánh chín vớt bát chan đường gừng nóng_hổi rắc vừng lạc_rang thực_khách ngậm_viên bánh miệng cảm_nhận trọn_vẹn vị ngọt_béo chút cay_nồng gừng_nướng vị bùi vừng_lạc nghề thắng dền thời_vụ chủ_yếu nhộn_nhịp mùa đông nga gia_đình nguyên_liệu nặn bánh kịp hàng  h  h trung_bình quán tiêu_thụ  kg gạo nếp rét đậm  kg  âm_lịch thời_tiết ấm hàng thắng dền nghỉ phục_vụ chè truyền_thống chè đậu xanh đậu_đen đậu đỏ nhu_cầu giải_nhiệt,2,0,0
sự_kiện bổ_nhiệm đại_sứ_quán phối_hợp cục du_lịch quốc_gia việt_nam tổ_chức đại_sứ đặc_mệnh toàn_quyền naoki ito trao quyết_định đầu_bếp nguyễn_bá_phước chef fuku_nguyễn hệ_thống nhà_hàng hải_sản nhật_bản hatoyama chef fuku  gắn_bó theo_đuổi triết_lý ẩm_thực truyền_thống nhật_bản việt_nam huy_hiệu vàng taste of_japan chính_phủ nhật_bản  nước_ngoài thế_giới danh_hiệu cạnh tu_nghiệp nhật_bản thành_tựu ấn_tượng khen chủ_tịch hội đầu_bếp hokkaido huy_hiệu danh_dự thành_viên tích_cực hội nghiên_cứu ẩm_thực_nhật_bản truyền_thống hokkaido trở việt_nam  chef fuku tham_gia hệ_thống nhà_hàng hatoyama  đồng_hành thương_hiệu tân đại_sứ hatoyama dấu_ấn nổi_bật thành_công chuỗi sự_kiện taste of_japan thực_đơn mùa cao_cấp nghệ_thuật ẩm_thực_danh_hiệu fuku nguyễn_đạt phản_ánh tầm chiến_lược hệ_thống nhà_hàng hatoyama nhà_hàng cầu_nối hai ẩm_thực việt_nam nhật_bản nỗ_lực lan_tỏa phong_vị xứ_sở hoa đào việt_nam đại_diện hatoyama sở_hữu quy_trình vận_chuyển nhanh_chóng hải_sản quý_hiếm chợ cá toyosu tokyo hatoyama vòng  kết_hợp nguyên_liệu thượng_hạng môi_trường sáng_tạo giúp chef fuku hệ_thống bữa tiệc nhật_bản nguyên_bản sang_trọng dịp chef fuku giới_thiệu món đặc_sản ikameshi mực nhồi cơm dẻo thủ_công món ra_mắt việt_nam khuôn_viên đại_sứ_quán nhật_bản sự_kiện món ikameshi có_mặt thực_đơn toàn_bộ  cơ_sở nhà_hàng hatoyama,2,0,0
khía cua sống bờ rạch rừng đước mắm cà_mau mùa khía   âm_lịch người_dân bắt muối món dân_dã quen_thuộc miền tây khía cua sống bờ rạch rừng đước mắm cà_mau mùa khía   âm_lịch người_dân bắt muối món dân_dã quen_thuộc miền tây  âm_lịch mùa khía_lột vỏ mềm_kích_thước muối bảo_quản vợ_chồng nguyễn_văn_miên xã quách_phẩm nảy ý_tưởng xay khía riêu tương_tự chế_biến riêu cua  âm_lịch mùa khía_lột vỏ mềm_kích_thước muối bảo_quản vợ_chồng nguyễn_văn_miên xã quách_phẩm nảy ý_tưởng xay khía riêu tương_tự chế_biến riêu cua khía thu_mua giá     đồng kg tươi_sống chắc_thịt chất_lượng riêu trung_bình kg khía_tươi  gram riêu thành_phẩm khía thu_mua giá     đồng kg tươi_sống chắc_thịt chất_lượng riêu trung_bình kg khía_tươi  gram riêu thành_phẩm khía xịt rửa sạch ủ nước_đá gây_tê loại_bỏ khía xịt rửa sạch ủ nước_đá gây_tê loại_bỏ khía xịt rửa sạch ủ nước_đá gây_tê loại_bỏ sơ_chế nhân_viên tách thịt khía độ tươi_ba khía xay thành riêu đóng_gói an_toàn thực_phẩm sản_phẩm hai quy_cách   gram bán_sỉ   đồng kg bán_lẻ   đồng kg sơ_chế nhân_viên tách thịt khía độ tươi_ba khía xay thành riêu đóng_gói an_toàn thực_phẩm sản_phẩm hai quy_cách   gram bán_sỉ   đồng kg bán_lẻ   đồng kg riêu khía sản_phẩm ocop  địa_phương đăng_ký bảo_hộ độc_quyền cơ_sở xuất   riêu thị_trường chủ_yếu hà_nội tp hcm bình_dương lợi_nhuận hàng chục triệu đồng riêu khía sản_phẩm ocop  địa_phương đăng_ký bảo_hộ độc_quyền cơ_sở xuất   riêu thị_trường chủ_yếu hà_nội tp hcm bình_dương lợi_nhuận hàng chục triệu đồng nấu riêu khía vị mùi thơm miên n chủ cơ_sở hy_vọng riêu khía nấu riêu khía vị mùi thơm miên n chủ cơ_sở hy_vọng riêu khía nấu riêu khía vị mùi thơm miên n chủ cơ_sở hy_vọng riêu khía nguyễn_vân tp hcm riêu lo_ngại gợi_ý nấu bún_riêu khía hợp chả nấu canh rau hương_vị mới_lạ bữa nguyễn_vân tp hcm riêu lo_ngại gợi_ý nấu bún_riêu khía hợp chả nấu canh rau hương_vị mới_lạ bữa,2,0,0
mở_cửa nửa quán_xôi phường kim_liên thường_xuyên đông chiều_tối đêm hoàng_ngọc nga chủ quán hiệu_ứng truyền_thông khách_hàng hai tuần yếu_tố giúp giữ_chân thực_khách kỹ_tính khâu nguyên_liệu chế_biến món trưa xong tối tiếp nga mở_cửa nửa quán_xôi phường kim_liên thường_xuyên đông chiều_tối đêm hoàng_ngọc nga chủ quán hiệu_ứng truyền_thông khách_hàng hai tuần yếu_tố giúp giữ_chân thực_khách kỹ_tính khâu nguyên_liệu chế_biến món trưa xong tối tiếp nga quán đông khung  h  h tuần chờ   phút bàn nửa tiếng đồ_ăn chờ  phút quán đông khung  h  h tuần chờ   phút bàn nửa tiếng đồ_ăn chờ  phút thực_đơn quán món chả trứng kho trứng ốp thịt kho thịt rán sườn cay trung_bình bát   đồ_ăn kèm giá   đồng_quán hai khung  h  h  h  h hôm nga đi chợ nguyên_liệu sườn sườn_dẻ chất_lượng pate mẻ   rán sẵn quán rán pate gọi độ nóng vị ngon_quán hai khung  h  h  h  h hôm nga đi chợ nguyên_liệu sườn sườn_dẻ chất_lượng pate mẻ   rán sẵn quán rán pate gọi độ nóng vị ngon chủ quán kỹ_tính thực_khách đôi_khi chờ thưởng_thức món thịt rán nga rán sẵn khô cứng gọi thịt chế_biến tương_tự thịt kho chủ quán đun liên_tục nồi chia nồi nhỏ_om lửa dần giúp thịt nát trung_bình quán  kg thịt kho chủ quán kỹ_tính thực_khách đôi_khi chờ thưởng_thức món thịt rán nga rán sẵn khô cứng gọi thịt chế_biến tương_tự thịt kho chủ quán đun liên_tục nồi chia nồi nhỏ_om lửa dần giúp thịt nát trung_bình quán  kg thịt kho chủ quán cửa_hàng quá_tải thuê đầu_bếp nga thay_thế đứng bếp đòi_hỏi kỹ_năng thuần_thục đào_tạo đông_quán nguyên_tắc chế_biến sẵn số_lượng chờ_đợi kéo_dài quen coi cộng chất_lượng món ổn_định chủ quán cửa_hàng quá_tải thuê đầu_bếp nga thay_thế đứng bếp đòi_hỏi kỹ_năng thuần_thục đào_tạo đông_quán nguyên_tắc chế_biến sẵn số_lượng chờ_đợi kéo_dài quen coi cộng chất_lượng món ổn_định không_gian quán xếp   bàn thực_khách đứng chờ sẵn_sàng chỗ rời đi nghề nấu_xôi nga truyền mẹ chồng tâm  kinh_nghiệm hàng  quán địa_chỉ ẩm_thực quen_thuộc thế_hệ  x khu_vực kim_liên trọng_vũ long biên_xếp địa_chỉ danh_sách quán quen  km đọc thông_tin mạng ăn_thử khách_hàng thường_xuyên hạt xôi khô nát sườn thịt tẩm ướp hợp_khẩu_vị vũ món xứng_đáng kỳ_vọng không_gian quán xếp   bàn thực_khách đứng chờ sẵn_sàng chỗ rời đi nghề nấu_xôi nga truyền mẹ chồng tâm  kinh_nghiệm hàng  quán địa_chỉ ẩm_thực quen_thuộc thế_hệ  x khu_vực kim_liên trọng_vũ long biên_xếp địa_chỉ danh_sách quán quen  km đọc thông_tin mạng ăn_thử khách_hàng thường_xuyên hạt xôi khô nát sườn thịt tẩm ướp hợp_khẩu_vị vũ món xứng_đáng kỳ_vọng gia_đình huy_tùng ngô ngọc đầu quán hồi  chờ  phút đồ_ăn gọi pate rán trứng ốp sườn cay thịt rán thưởng_thức thịt rán ngon_khách gọi chủ chế_biến mềm thơm ngọc tùng nhận_xét món sườn cay hấp_dẫn mùi hương tỏa cưỡng vợ_chồng dự_định quán chờ gia_đình huy_tùng ngô ngọc đầu quán hồi  chờ  phút đồ_ăn gọi pate rán trứng ốp sườn cay thịt rán thưởng_thức thịt rán ngon_khách gọi chủ chế_biến mềm thơm ngọc tùng nhận_xét món sườn cay hấp_dẫn mùi hương tỏa cưỡng vợ_chồng dự_định quán chờ định_lượng suất xôi người_lớn pate thịt kho hai món thực_khách ưa_chuộng nhất_định_lượng suất xôi người_lớn pate thịt kho hai món thực_khách ưa_chuộng  h_quán đông chủ quán lỗi phục_vụ kịp_thời kế_hoạch phụ google review nền_tảng ẩm_thực_foody quán_xôi thực_khách chấm    ý_kiến khen chất_lượng món thân_thiện chủ quán  h_quán đông chủ quán lỗi phục_vụ kịp_thời kế_hoạch phụ google review nền_tảng ẩm_thực_foody quán_xôi thực_khách chấm    ý_kiến khen chất_lượng món thân_thiện chủ quán,2,0,0
nằm cửa_hàng thời_trang phố nguyễn_hy_quang phường đống đa nhà_hàng bến thực_khách quen_thuộc truyền_miệng quảng_bá quán thực_đơn tin_tưởng chủ quán đầu_bếp nằm cửa_hàng thời_trang phố nguyễn_hy_quang phường đống đa nhà_hàng bến thực_khách quen_thuộc truyền_miệng quảng_bá quán thực_đơn tin_tưởng chủ quán đầu_bếp diện_tích  m quán bố_trí  bàn tổng_cộng  chỗ  phục_vụ phòng  bao_trọn không_gian diện_tích  m quán bố_trí  bàn tổng_cộng  chỗ  phục_vụ phòng  bao_trọn không_gian chủ quán sống làm_việc núi bắc thiết_kế không_gian thực_phẩm phong_cách vùng_cao chủ quán sống làm_việc núi bắc thiết_kế không_gian thực_phẩm phong_cách vùng_cao chủ quán sống làm_việc núi bắc thiết_kế không_gian thực_phẩm phong_cách vùng_cao phương nguyễn_cùng cộng_sự mở_quán  tiền_thân ăn_nhậu vỉa_hè doanh_thu hai tạm dừng đại_dịch cơ_sở hoạt_động trở_lại  mô_hình nhà_hàng sáng_lập chất_lượng nguyên_liệu nâng tiêu_chuẩn ẩm_thực phương nguyễn_cùng cộng_sự mở_quán  tiền_thân ăn_nhậu vỉa_hè doanh_thu hai tạm dừng đại_dịch cơ_sở hoạt_động trở_lại  mô_hình nhà_hàng sáng_lập chất_lượng nguyên_liệu nâng tiêu_chuẩn ẩm_thực_quán chủ_yếu phục_vụ món nguyên_liệu tự_nhiên núi bắc chế_biến mùa linh_hoạt đầu_bếp bóc túi mù tùy hàng hóa quyết_định thực_đơn quán an_phương hà_nội mô_hình tiêu_chí ăn_sạch trải_nghiệm niềm chữ kệ treo quán phương thực_khách sức_hút quán phương thừa_nhận phục_vụ chi_tiết bữa quán an_phương hà_nội mô_hình tiêu_chí ăn_sạch trải_nghiệm niềm chữ kệ treo quán phương thực_khách sức_hút quán phương thừa_nhận phục_vụ chi_tiết bữa thực_khách phục_vụ thứ_tự khai_vị món tráng miệng hai thực_đơn  món đông phục_vụ   món khẩu_phần   gram rau thịt cá tinh_bột tính_toán giúp dư_thừa đồ_ăn ghi_nhớ quen phục_vụ trùng_lặp món cũ phương thực_khách phục_vụ thứ_tự khai_vị món tráng miệng hai thực_đơn  món đông phục_vụ   món khẩu_phần   gram rau thịt cá tinh_bột tính_toán giúp dư_thừa đồ_ăn ghi_nhớ quen phục_vụ trùng_lặp món cũ phương google review quán chấm   hàng trăm ý_kiến tích_cực chất_lượng món ăn_chủ quán mến tâm_huyết ẩm_thực đỗ quỳnh_trang viết dùng_bữa hà_trang quán hồi đầu  tò_mò kỹ phong_cách giá_cả bàn đồ_ăn hợp_khẩu_vị cân_nhắc món độc_đáo chi_phí mặt_bằng trang chuyển_đổi mô_hình kinh_doanh nhà_hàng trải   doanh_thu  triệu đồng lỗ   triệu đồng lỗ nản phương dù_vậy quán kiên_trì tiêu_chí đồ_ăn tươi tinh_tế khác_biệt lãi phương tương_lai chủ nhà_hàng dự_kiến phát_triển mảng đồ_ăn sơ_chế kỳ_vọng doanh_số gấp đôi phục_vụ tại_chỗ chuyển_đổi mô_hình kinh_doanh nhà_hàng trải   doanh_thu  triệu đồng lỗ   triệu đồng lỗ nản phương dù_vậy quán kiên_trì tiêu_chí đồ_ăn tươi tinh_tế khác_biệt lãi phương tương_lai chủ nhà_hàng dự_kiến phát_triển mảng đồ_ăn sơ_chế kỳ_vọng doanh_số gấp đôi phục_vụ tại_chỗ ảnh,2,0,0
chiều tuần khu mua_sắm myeongdong seoul nhà_hàng cá_nướng trung_quốc kín  h khay cá_nướng sốt_ớt đỏ đặc_trưng liên_tục phục_vụ khách_hàng chủ_yếu trẻ   myeongdong tụ_điểm ăn_uống hongdae_gangnam khu_vực quanh đại_học konkuk ghi_nhận tương_tự ẩm_thực trung_quốc món xa_lạ thành đời_sống thường_nhật giới trẻ xứ_sở kim chi_sự thâm_nhập vị mala cay_tê gia_vị nổi_tiếng tứ xuyên đầu  chuỗi lẩu tanghuo kungfu haidilao có_mặt hàn_quốc tệp khách_hàng hạn_hẹp chủ_yếu trung_quốc sinh_sống  hai món malatang_canh lẩu tanghulu kẹo hồ lô xu_hướng mạng xã_hội hàn_quốc hình_ảnh bắt_mắt instagram tiktok hình_ảnh ngôi_sao k pop thưởng_thức lẩu đêm gỡ rào_cản món ngoại_quốc_biến đồ_ăn trung_quốc thành trải_nghiệm thời_thượng món mala thực_khách mở_rộng món cá nướng mì đồ uống hiện thương_hiệu trà sữa trung_quốc mixue heytea chagee ồ_ạt mở_rộng chi_nhánh seoul tốc_độ nhanh_chóng cục thống_kê hàn_quốc năm_ngoái nhà_hàng trung_quốc ghi_nhận doanh_thu trung_bình hằng   triệu won   usd phân_khúc đồ_ăn hàn_quốc nhật_bản phương_tây dẫn_đầu lưu_lượng trung_bình   lượt tỷ_lệ giao hàng   đơn hàng tăng_trưởng trải_nghiệm trẻ hàn_quốc du_lịch thượng_hải thanh_đảo trùng_khánh thưởng_thức bản_địa_giúp thực_khách xóa định_kiến vệ_sinh nguyên_bản thay hương_vị chất_lượng trải_nghiệm lối ăn_uống yếu_tố then_chốt thu_hút thực_khách trẻ quán lẩu cá_nướng thực_khách chủ_động nguyên_liệu pha chấm điều_chỉnh tốc_độ bữa hình_thức phong_cách sống tự_chủ hóa giới trẻ làn_sóng phản_ánh chiến_lược thương_hiệu trung_quốc thị_trường nội_địa dần bão hòa hàn_quốc mật_độ dân_cư đô_thị nhạy_bén xu_hướng ưu_tiên doanh_nghiệp f b đại_lục bàn ăn_ở myeongdong đối_thoại đan_xen tiếng hàn tiếng trung_diễn tự_nhiên thực_khách hiện bận_tâm nguồn_gốc quốc_gia món coi đơn_giản bữa tối thân_thuộc cộng_đồng,2,0,0
người_dân hy_lạp bát súp nấu dạ_dày chân bò chữa viêm loét dạ_dày giải rượu bệnh dimitris tsarouhas chủ nhà_hàng thành_phố thessaloniki hy_lạp chuyên patsa nỗ_lực lập hồ_sơ đề_nghị unesco công_nhận món truyền_thống đặc_trưng hy_lạp giả_thuyết nguồn_gốc thời sử_thi odyssey homer_động_thái châm_ngòi tranh_chấp hai quốc_gia láng_giềng vốn duyên_nợ cà_phê lá nho_cuốn thịt cơm bánh_baklava người_dân hai tranh_giành quyền_sở_hữu thế_kỷ thời đế_quốc ottoman thổ nhĩ_kỳ hy_lạp vơ món súp gọi_là işkembe văn_hóa ẩm_thực_thổ suốt hàng trăm tsarouhas tập_hợp hồ_sơ chi_tiết giúp_đỡ tổ_chức văn_hóa địa_phương lena oflidis_tác_giả sách lịch_sử món súp công_thức món súp nhắc odyssey bữa tiệc nàng penelope cầu_hôn chồng nàng trở chuyến đi kéo_dài thập_kỷ patsa món chủ nhà_hàng  câu món chứa   collagen tinh_khiết đắc_lực phục_hồi khớp phẫu_thuật điều_trị bệnh dạ_dày uống rượu_bia niềm phổ_biến y_học chứng_minh patsa hy_lạp nấu chân dạ_dày bò işkembe thổ_thường nội_tạng istanbul nhà_hàng alem_iskembe đun_sôi dạ_dày bò  h hằng phục_vụ thực_khách ali turkmen chủ nhà_hàng thổ_nhĩ kỳ  baklava chiếm_đoạt vốn bản_sắc người_dân thổ_nhĩ_kỳ thưởng_thức món súp_lòng thế_kỷ truyền_thông thổ_nhĩ_kỳ dẫn_chứng_từ du_ký nhà_hành_hương evliya celebi thế_kỷ  mô_tả quầy hàng súp_lòng móng giò istanbul bằng_chứng lịch_sử  món quen alem iskembe murat pajik bày_tỏ quan_điểm dứt_khoát thổ_nhĩ_kỳ chấp_nhận động_thái hy_lạp biện_pháp súp_lòng món quảng_bá thế_giới pajik hy_lạp christos mousoulis góc quen nhà_hàng tsarouhas món patsa chế_biến truyền_thống gia_đình hy_lạp thế_hệ tranh_chấp sở_hữu món tsarouhas góc nhẹ_nhàng chia_rẽ hàng_xóm trái_lại hương_vị gắn_kết,2,0,0
quán bánh_xèo ngọc phường hải_châu_tấp nập  h mở_cửa  cơ_sở hiện cháu trai ngọc tiếp_quản lê_quốc_hoàng chủ quán đời  quán nghỉ lễ_tết cao_điểm du_lịch hè kỳ_nghỉ rơi quá_tải quán bánh_xèo ngọc phường hải_châu_tấp nập  h mở_cửa  cơ_sở hiện cháu trai ngọc tiếp_quản lê_quốc_hoàng chủ quán đời  quán nghỉ lễ_tết cao_điểm du_lịch hè kỳ_nghỉ rơi quá_tải hoàng chất_lượng món duy_trì thời nội làm_chủ  quán nằm địa_điểm sức chứa mặt_bằng quán gắn liền khách_hàng thế_hệ  x  x đông trở_lại hoàng địa_phương cơ_sở thu_hút du_lịch hoàng chất_lượng món duy_trì thời nội làm_chủ  quán nằm địa_điểm sức chứa mặt_bằng quán gắn liền khách_hàng thế_hệ  x  x đông trở_lại hoàng địa_phương cơ_sở thu_hút du_lịch thực_đơn quán bánh_xèo thịt nướng nem_lụi bò lá lốt giá   đồng   đồng tùy bánh_xèo giá   đồng đĩa    đồng_đĩa  đắt thịt nướng_đĩa bánh độ giòn tỷ_lệ pha bột gạo chủ quán bí_quyết nằm lớp bánh da bột đổ chảo thành lớp vỏ mỏng gọi món lớp vỏ chảo chiên hai dầu chế_biến giúp vỏ bánh_giòn thực_đơn quán bánh_xèo thịt nướng nem_lụi bò lá lốt giá   đồng   đồng tùy bánh_xèo giá   đồng đĩa    đồng_đĩa  đắt thịt nướng_đĩa bánh độ giòn tỷ_lệ pha bột gạo chủ quán bí_quyết nằm lớp bánh da bột đổ chảo thành lớp vỏ mỏng gọi món lớp vỏ chảo chiên hai dầu chế_biến giúp vỏ bánh_giòn món khác_biệt tráng lớp trứng viền_nhân tôm giá hoàng chế_biến bánh_xèo kèm viền trứng đặc_trưng cơ_sở đà_nẵng món nướng bò lá lốt nem_lụi quán thịt vai heo độ mềm_tránh khô cứng món bún_thịt nướng lựa_chọn thịt mềm tẩm ướp miệng cơ_sở phòng hòa hoàng_khuyên dùng_bữa không_gian chủ quán món nướng không_khí lạnh khô ảnh_hưởng hương_vị ban_đầu cơ_sở phòng hòa hoàng_khuyên dùng_bữa không_gian chủ quán món nướng không_khí lạnh khô ảnh_hưởng hương_vị ban_đầu nguyên_liệu quán thực_khách sạch_sẽ khu bếp dễ_dàng quan_sát nguyên_liệu quán thực_khách sạch_sẽ khu bếp dễ_dàng quan_sát ăn_thường chờ   phút ăn_thường chờ   phút đỗ việt_hương du_khách hà_nội gia_đình  đầu quán tích_cực mạng lớp viền trứng vỏ bánh độ giòn vừa_phải quen chấm chua_ngọt tương_đậu phộng hợp_khẩu_vị nữ du_khách đỗ việt_hương du_khách hà_nội gia_đình  đầu quán tích_cực mạng lớp viền trứng vỏ bánh độ giòn vừa_phải quen chấm chua_ngọt tương_đậu phộng hợp_khẩu_vị nữ du_khách đặng_đức thực_khách địa_phương quán lớp  tuần bánh_xèo thay cơm món nem nướng bò lá lốt ngon gia_đình pha chấm đậm_đà đức đặng_đức thực_khách địa_phương quán lớp  tuần bánh_xèo thay cơm món nem nướng bò lá lốt ngon gia_đình pha chấm đậm_đà đức google review quán chấm   hàng trăm nhận_xét trái chiều chất_lượng món bánh_xèo dầu_mỡ lớp vỏ giòn món bún_thịt nướng đậm_đà khẩu_vị nước_tương_đậu phộng tranh_luận vị nhạt mì_chính miệng món nem lụi bò lá lốt đôi_khi phản_ánh thịt bở dịch_vụ quán phàn_nàn chờ_đợi   phút cao_điểm dịp lễ_tết nhân_viên thiếu_sót khâu gọi món thái_độ khách_hàng hạn_chế cải_thiện phản_hồi chủ quán thường_xuyên phản_hồi xin_lỗi khách_hàng cam_kết điều_chỉnh nhân_sự trải_nghiệm google review quán chấm   hàng trăm nhận_xét trái chiều chất_lượng món bánh_xèo dầu_mỡ lớp vỏ giòn món bún_thịt nướng đậm_đà khẩu_vị nước_tương_đậu phộng tranh_luận vị nhạt mì_chính miệng món nem lụi bò lá lốt đôi_khi phản_ánh thịt bở dịch_vụ quán phàn_nàn chờ_đợi   phút cao_điểm dịp lễ_tết nhân_viên thiếu_sót khâu gọi món thái_độ khách_hàng hạn_chế cải_thiện phản_hồi chủ quán thường_xuyên phản_hồi xin_lỗi khách_hàng cam_kết điều_chỉnh nhân_sự trải_nghiệm,2,0,0
bác_sĩ hà_hải_nam phó trưởng khoa chỉ_định thuốc nhắm trúng đích_phác_đồ duy_nhất kéo_dài sống chi_phí điều_trị  triệu đồng bảo_hiểm_y_tế chi_trả lắc_đầu hàng chục triệu đồng sức cùng_lực kiệt bác_sĩ nam rời bệnh_viện trai ung_thư xương_hôn_nhân tan_vỡ tiên_lượng bệnh sống một_mình bài_toán kinh_tế tảng đá đè ý_chí điều_trị bác_sĩ nam trung_tâm y_học hạt_nhân ung_bướu bệnh_viện bạch_mai bác_sĩ phạm_cẩm_phương giám_đốc trung_tâm bệnh_nhân  hà_nội kết_quả ung_thư phổi di_căn xương gan_liệu_pháp miễn_dịch kéo_dài sống chi_phí dao_động   triệu đồng duy_trì điều_trị lâu_dài gia_đình tỷ đồng gom chục triệu đi khám chật_vật từ_chối người_bệnh căn_bệnh nguyền từ_bỏ sống tiền bác_sĩ phương việt_nam hiện   ca ung_thư số_liệu globocan  chi_phí điều_trị trung_bình bệnh_viện k  triệu đồng bệnh_nhân bảo_hiểm_y_tế chi_trả  triệu đồng  triệu đồng tức  tổng chi_phí người_bệnh bỏ_túi con_số gấp đôi ngưỡng   tổ_chức y_tế thế_giới khuyến_cáo rơi thảm_họa tài_chính y_tế mục_tiêu tỷ_lệ   song xa_gánh đè người_bệnh nghiên_cứu  tác_giả đại_học y_tế công_cộng khảo_sát   bệnh_nhân trung_tâm ung_thư gia_đình người_thân mắc ung_thư đối_mặt nguy_cơ nghèo hóa gấp   hộ phát_hiện bệnh  rơi kinh_tế nghiêm_trọng  tiền mua thuốc  tiền mua thức_ăn  đi vay_mượn điều_trị nguyên_nhân cốt_lõi nằm trống tốc_độ đổi_mới y_học tốc_độ cập_nhật danh_mục bảo_hiểm liệu_pháp nhắm trúng_đích miễn_dịch thế_hệ kéo_dài sống nằm danh_mục chi_trả bảo_hiểm_y_tế quỹ bhyt vốn áp_lực cân_đối thu_chi chi_phí thuốc ung_thư danh_mục đòi_hỏi quy_trình công_nghệ y_tế kéo_dài chặt_chẽ kết_quả bệnh_nhân xoay_xở hóa_đơn khả_năng chi_trả bác_sĩ ngô_văn_tỵ khoa ung_bướu bệnh_viện đại_học y hà_nội bệnh_nhân từ_bỏ điều_trị hy_vọng tiêu nốt đồng_tiền gia_đình đi tiếp dừng quyết_định bệnh_nhân đối_mặt pgs ts vũ hải giám_đốc trung_tâm ung_bướu bệnh_viện quân_y  nhấn_mạnh nguyên_tắc sai phổ_biến điều_trị ung_thư đắt liệu_pháp miễn_dịch xem_xét phác_đồ chuẩn thất_bại đường tốn_kém đầu lộ_trình dài_hạn bệnh_nhân kiệt_sức tài_chính kịp đi liệu_trình bác_sĩ cân_nhắc giải_pháp tối_ưu đường y_học hiện_đại lựa_chọn dự_phòng tín_hiệu tích_cực cung_ứng thuốc  việt_nam phép nhập_khẩu pembrolia thuốc miễn_dịch hoạt_chất pembrolizumab sản_xuất nga giá  triệu đồng lọ  triệu đồng biệt_dược gốc keytruda hàm_lượng bệnh_viện k xúc_tiến kế_hoạch đấu_thầu mua_sắm thuốc việt_nam hiện lưu_hành  thuốc trị ung_thư y_tế sửa_đổi danh_mục thuốc bảo_hiểm chi_trả mốc thuốc thế_hệ song pgs_hải giải_pháp căn_bản nằm chỗ chạy chi_phí điều_trị giai_đoạn muộn phát_hiện bệnh ung_thư phổi giai_đoạn đầu ca phẫu_thuật triệt_căn xạ_trị định_vị thân_sbrt kết_quả tương_đương bệnh_nhân phẫu_thuật ung_thư vú giai_đoạn phẫu_thuật bảo_tồn ca ung_thư đại_trực_tràng phát_hiện cắt khối_u hóa_chất giai_đoạn đầu điều_trị coi hẳn bệnh_nhân lo_lắng vòng bác_sĩ tỵ bổ_sung cảnh_báo sợ chi_phí y_tế thuốc_nam thảo_dược quảng_cáo rẻ độc_hại hóa_trị hiệu_quả chứng_minh lâm_sàng chần_chừ đánh can_thiệp hiệu_quả bác_sĩ nam ánh mắt phụ_nữ  hôm rời phòng_khám khóc giọng bình_thản sống đám giỗ trai sức mong nam,0,0,0
cựu hoa_hậu_kim sa_rang chú_ý tiết_lộ chế_độ ăn_kiêng nghiêm_ngặt duy_trì vóc_dáng video cuộc_sống đời_thường kênh youtube kim sa_rang sa_rang hôm   video nữ diễn_viên  cập_nhật tình_hình giới_thiệu cây_cảnh trang_trí tổ_ấm giới_thiệu kim quên tiêu_thụ tinh_bột cười_nói thực_đơn hàng trứng nướng bữa tối hôm_qua video  thói_quen giúp sở_hữu làn da vóc_dáng trẻ mãi già u_kim sa_rang tập mở_mắt động_tác bụng nằm ngửa ghế sofa lặp_đi_lặp_lại động_tác nâng chân hướng_dẫn nâng hạ chân đầu_gối hơi gập nhẹ siết chặt cơ_bụng nữ_diễn tổng_cộng  chia thành hiệp   bài_tập đánh_thức cơ_thể tập_luyện cường_độ tập cơ_bụng kim sa_rang kiểm_tra cân cân phân_tích chỉ_số cơ_thể chuyên_dụng theo_dõi sát_sao trọng_lượng mà_còn mỡ đẹp tiết_lộ trút quần_áo cân độ_chính_xác tuyệt_đối dựa kết_quả ghi_nhận điều_chỉnh khẩu_phần linh_hoạt chỉ_số một_chút kiểm_tra chỉ_số xong kim sa_rang giãn_cơ con_lăn chuyên_dụng nằm sàn lăn dọc lưng động_tác giải_tỏa căng cứng nách_nữ diễn_viên hướng_dẫn nhấn kích_thích gáy tác_động sâu khối cơ_đây bí_quyết giúp lưu_thông hệ bạch_huyết mềm mô_cơ giúp cơ_thể nhẹ_nhàng cạnh rèn_luyện vóc_dáng kim sa_rang chú_trọng bảo_vệ làn da công_nghệ mặt_nạ led_rửa mặt sạch thoa bước_dưỡng cơ_bản xong đeo mặt_nạ tia_sáng kích_thích sâu tế_bào da_nữ diễn_viên tuần hoàn_máu cải_thiện rõ_rệt kích_thích ánh_sáng giúp màu_da mà_còn vẻ rạng_rỡ thường_xuyên khen gương_mặt phát xong chăm_sóc kim sa_rang thực_đơn dinh_dưỡng ép xanh đặc_trưng quả_su su xay nhuyễn_su_su táo_dưa chuột kiwi rau húng_tây thức uống tươi_mát đẹp một_chút điều_chỉnh độ đặc_loại uống hương_vị pha_trộn táo_dưa chuột dưa lưới hàm_lượng chất xơ_dồi_dào món ép tiêu_hóa mà_còn cảm_giác no giúp kiểm_soát thèm hiệu_quả thanh_lọc cơ_thể ly ép xanh kim_sa_rang thưởng_thức bữa món cơm nấm bổ_dưỡng nấu cơm nấm rắc hạt gai dầu_hemp seeds cơm chín nữ diễn_viên đi khám sức_khỏe khuyên bổ_sung nấm thực_đơn kiên_trì duy_trì chế_độ kim sa_rang gọi chế_độ ăn_trường thọ món cung_cấp protein thực_vật dồi_dào mà_còn giúp duy_trì thói_quen ăn_uống lành_mạnh bền_vững áp_lực kim_sa rang sinh  đăng_quang hoa_hậu hàn_quốc  đăng_quang lấn sân lĩnh_vực diễn_xuất tham_gia phim_truyền_hình nổi_tiếng thousand years of_love the legend secret garden beloved eun dong nổi_tiếng nhan_sắc trẻ_trung chăm_sóc tập_luyện bền_bỉ,2,0,0
dư_lượng thuốc_trừ_sâu rau củ lo_ngại hàng_đầu sức khỏe tổ_chức công_tác môi_trường mỹ_ewg công_bố hướng_dẫn mua_sắm nông_sản  rau chân_vịt bó_xôi đứng đầu danh_sách dirty_dozen thực_phẩm bẩn tiêu_dùng sạch thực_phẩm chuyên_gia dinh_dưỡng lâm_lợi sầm nhấn_mạnh nước_sạch chảy tuần_hoàn phương_pháp an_toàn rửa sai vô_tình thuốc_trừ_sâu thấm sâu thực_phẩm thực_phẩm dâu_tây mỏng_manh củ khoai_tây bám bùn_đất kịch_bản sạch hướng_dẫn chi_tiết tích_tụ bùn_đất thuốc_trừ_sâu cuống gốc cắt gốc xả vòi_nước chảy sạch_kẽ lá cuống ngâm chậu dòng_chảy   phút lưu_ý rau cuộn chặt bắp_cải lớp lá hứng_chịu thuốc_trừ_sâu bám đất_cát vi_khuẩn môi_trường đất rửa sạch bùn_đất bề_mặt bàn_chải lông_mềm chà_nhẹ vòi_nước chảy lưu_ý ý_định gọt vỏ rửa sạch gọt dao thuốc_trừ_sâu lớp vỏ đi_sâu thịt cấu_trúc dày_đặc nụ hoa sâu_bệnh thuốc_trừ_sâu rửa trôi cắt súp lơ_thành miếng chậu lắc vòi_nước chảy khe hở búp hoa_nho cà_chua bi_dùng kéo cắt sát cuống_giữ cuống bẩn thấm thịt lỗ chân cuống_rửa nhẹ_nhàng chậu vòi_nước dâu_tây tuyệt_đối vứt đài xanh_cuống rửa nguyên cuống_rửa vòi_nước chảy  phút hái bỏ_đài chuyên_gia lâm_lợi sầm lưu_ý phản_tác_dụng rửa rau quy_tắc tối_thượng cắt rửa thuốc_trừ_sâu xâm_nhập vết cắt vitamin_tan vitamin c thất_thoát khoa_học chứng_minh chảy hiệu_quả loại_bỏ thuốc_trừ_sâu ngâm muối baking_soda giấm sai nồng_độ vòi_nước duy_trì dòng_chảy cỡ đũa chảy liên_tục  phút rửa rau củ bảo_vệ sức_khỏe trước_mắt mà_còn đầu_tư lâu_dài cơ_thể độc_tố thói_quen bữa hôm_nay,2,0,0
đồ_ngọt suy thận chất_độc kẻ giết thầm_lặng thông_qua bệnh tiểu_đường huyết_áp đường nồng_độ glucose máu buộc thận làm_việc quá_tải nguy_cơ suy thận tiêu_thụ glucose hấp thu_natri ruột_non muối cơ_thể tích_tụ buộc thận buộc làm_việc đào_thải muối dư_thừa lạm_dụng đường thúc_đẩy rối_loạn hóa béo phì_yếu_tố nguy_cơ hàng_đầu tiểu_đường rối_loạn hóa nguyên_nhân phổ_biến tổn_thương mạch_máu hệ_thống mạch_máu nuôi thận nguy_cơ suy thận mạn đường ức_chế cơ_thể sản_xuất oxit nitric no hợp_chất kích_thích thành_mạch co_giãn đường kích_thích thu_hẹp mạch_máu huyết_áp bệnh thận thúc_đẩy suy thận mạn_tính tiến_triển who khuyến_cáo  g đường uống một_nửa trung_bình việt người_lớn trẻ_em đường tự_do  tổng năng_lượng nạp cơ_thể hàng tỷ_lệ  tương_đương  g  muỗng cà_phê lợi sức khỏe đường kẹo mà_còn nằm tương_tương ớt bánh_mì nước_ngọt đóng chai thay_vì bánh_kẹo trái_cây tươi uống giúp thận thải lọc độc_tố bác_sĩ,2,0,0
nhật_bản khoáng nóng đô_thị tokyo osaka yokohama viễn_tưởng kết_hợp hậu_cần thông_minh logistics công_nghệ khoáng hóa mineralization xóa_nhòa phố_thị núi giàu suối khoáng nóng mô_hình vận_chuyển khoáng nguyên_bản khách_sạn  khu căn_hộ cao_cấp tokyo áp_dụng công_nghệ khoáng hóa giải_pháp onsen nhân_tạo dựa cơ_sở khoa_học y_tế khắt_khe áp_dụng thay_vì vận_chuyển hàng khối cồng_kềnh chiết_xuất thành_phần tinh_túy khoáng thành dạng lỏng đậm đặc_concentrate công_nghệ tách ion tái_hòa tan nước_máy đô_thị tỷ_lệ chuẩn_xác chuyên_gia công_nghệ gia_nhiệt điều_chỉnh nhiệt_độ ngâm khoáng nhu_cầu thể_trạng công_nghệ_khoáng nhân_tạo nguyên chất_lượng mà_còn giúp con_người chủ_động loại_bỏ tạp_chất cân_chỉnh hàm_lượng khoáng mục_đích sức khỏe khoáng nóng đô_thị trào_lưu xa_xỉ chiến_lược y_tế dự_phòng nhật_tắm khoáng công_nhận liệu_pháp phục_hồi giúp căng_thẳng thần_kinh tăng_cường hệ miễn_dịch cư_dân đô_thị vốn cường_độ làm_việc tiến_sĩ shivani_amin bác_sĩ lối sống los angeles lợi_ích kết_hợp liệu_pháp tắm_khoáng nóng thói_quen thường_ngày khoáng nóng đô_thị tích_hợp  liệu_pháp thủy trị_liệu nhiệt_trị_liệu khoáng_trị_liệu giúp khoáng chất thẩm_thấu da kết_hợp liệu_pháp xông_hơi nóng xông_hơi lạnh hiện_đại giúp khoáng_chất lưu_giữ cơ_thể tác_động sâu_sắc cải_thiện lưu_thông máu_huyết dịu cơ_bắp đau hiệu_quả khoáng tăng_cường thải độc cơ_thể giúp điều_trị cải_thiện sức khỏe tác_dụng phụ lợi_ích hoạt_động trị_liệu làn da khỏe ngâm giàu khoáng chất sạch trẻ hóa làn da cải_thiện kết_cấu sức_khỏe tổng_thể da_liệu_pháp tắm_khoáng nóng tăng_cường sức khỏe tim_mạch nhiệt_độ giúp cải_thiện lưu_thông máu cần_thiết giải_độc phân_phối chất dinh_dưỡng khắp cơ_thể song_song thói_quen trị_liệu người_dân xứ mặt_trời mọc tối_ưu_hóa sức_khỏe thông_qua vận_động ăn_uống thức dậy hít thở không_khí trong_lành núi ven biển lồng_ghép đi làm_vườn nhịp sống thường_nhật duy_trì sức_mạnh cơ_bắp bữa áp_dụng chế_độ truyền_thống washoku quy_tắc súp món thực_đơn ưu_tiên cá giàu omega  rau củ mùa thực_phẩm lên_men miso natto dưa muối gia_đình duy_trì khẩu_phần đa_dạng món kiểm_soát chặt_chẽ calo_nạp áp_lực cơ_quan nội_tạng duy_trì đồng_bộ thói_quen lành_mạnh nhật_bản báo_cáo tuổi_thọ trung_bình   thống_kê tổ_chức y_tế thế_giới who nam_giới  nữ_giới chạm   quốc_gia ghi_nhận   mốc  phụ_nữ chiếm  hiệu_quả chăm_sóc sức_khỏe tự_thân bền_bỉ,2,0,0
vitamin k_tan chất_béo nghĩa_là chất_béo hấp_thụ cơ_thể vitamin hai dạng chính_k chủ_yếu thực_phẩm nguồn_gốc thực_vật k thực_phẩm động_vật vai_trò vitamin k đông máu vitamin cơ_thể sản_xuất protein cần_thiết cầm máu vết_thương chảy_máu lâu_lành nhu_cầu vitamin_k khuyến_nghị hàng  mcg nữ_giới  mcg nam_giới trưởng_thành rau lá xanh cải_xoăn rau chân_vịt cải_xanh giàu vitamin k chất xơ_chất chống oxy hóa folate trứng cá thực_phẩm lên_men sản_phẩm sữa giàu vitamin k vitamin_k cần_thiết hòa_canxi xương máu vitamin k giúp sản_sinh osteocalcin protein liên_kết canxi cấu_trúc xương duy_trì xương khỏe cơ_thể vitamin nguy_cơ gãy xương loãng xương phụ_nữ mãn_kinh bảo_vệ sức khỏe xương khỏe vitamin k bổ_sung canxi vitamin d magie collagen tập_thể_dục lực đi chạy  phút duy_trì cân hợp_lý hạn_chế thuốc_lá rượu_bia tầm_soát loãng xương_định kỳ_vitamin đóng vai_trò duy_trì sức khỏe tim_mạch vôi hóa mạch_máu góp_phần điều_chỉnh protein góp_phần ngăn_ngừa lắng_đọng canxi động_mạch xơ_cứng động_mạch bệnh tim_mạch vitamin giúp mạch_máu khỏe nguy_cơ mắc bệnh tim đóng vai_trò bảo_vệ làn da giúp tổng_hợp protein điều_chỉnh sửa_chữa mô cần_thiết chữa lành vết_thương vết bầm tím sẹo vitamin góp_phần quầng thâm mờ vết bầm tím tuân_thủ quy_tắc chống nắng hàng sạch sâu_dưỡng ẩm ăn_uống khoa_học uống  lít rau xanh cá_béo cá hồi cá thu giàu omega  viêm nghiên_cứu vitamin k ức_chế phát_triển tế_bào ung_thư thông_qua hòa phân_chia tế_bào thúc_đẩy apoptosis chết tế_bào chương_trình,2,0,0
hệ tiêu_hóa khỏe ảnh_hưởng miễn_dịch mà_còn tác_động tâm_trạng nhận_thức giúp kích_thích tiết nước_bọt ẩm thức_ăn tiêu_hóa giúp thức_ăn di_chuyển trơn_tru đường tiêu_hóa cơ_thể tiêu_hóa trở_nên chậm_chạp phân_khô nhu_động ruột_kém ổn_định nguy_cơ táo_bón giúp vận_chuyển chất dinh_dưỡng máu vitamin khoáng chất_tan cơ_thể hấp_thụ dễ_dàng góp_phần duy_trì sức khỏe tổng_thể mẹo bổ_sung lọc duy_nhất bổ_sung cơ_thể đồ uống giàu dinh_dưỡng ép điện giải_canh hầm xương súp cung_cấp chất lỏng giàu hệ tiêu_hóa tăng_cường chất dinh_dưỡng thực_phẩm cung_cấp  tổng_lượng chất_lỏng cần_thiết hàng ưu_tiên trái_cây rau củ giàu bữa cốc bàn làm_việc rót nhắc_nhở uống thường_xuyên uống ngụm   phút thói_quen giúp bổ_sung thức dậy uống thúc_đẩy thải độc cải_thiện tâm_trạng cà_phê trà cung_cấp cơ_thể đồ uống chứa caffeine lợi_ích hệ tiêu_hóa uống bình_thường đồ uống caffein nhàm_chán uống trái_cây cam_quýt chanh tắc_nho cốc axit_citric chanh kích_thích sản_sinh nước_bọt nuốt tiêu_hóa ngon quả_mọng thảo_mộc tươi hương_vị uống tăng_cường sức khỏe tiêu_hóa mục_tiêu bổ_sung    lít chia thành uống hạn_chế cà_phê rượu_bia lợi tiểu_dễ duy_trì tập_thể_dục  phút căng_thẳng áp_lực hệ tiêu_hóa tăng_cường thực_phẩm lên_men sữa chua_kim chi dưa chua bổ_sung lợi_khuẩn giúp hệ tiêu_hóa khỏe ổn_định,2,0,0
thận cơ_quan thải_độc nhạy_cảm thực_phẩm chứa hàm_lượng natri bác_sĩ hung_yung hsiang chuyên_gia thận học  kinh_nghiệm bệnh_viện đa_khoa tam_quân thường_xuyên vô_tình_nạp cơ_thể thực_phẩm độc_hại đăng facebook hôm   bác_sĩ hung câu_chuyện đàn_ông  suy thận mạn giai_đoạn  kèm huyết_áp ăn_uống lành_mạnh kỷ_luật đồ chiên rán nước_ngọt  chức_năng thận suy_giảm nghiêm_trọng huyết_áp vọt nguyên_nhân bác_sĩ hung xác_định thói_quen tiêu_thụ món truyền_thống mì bò bún_sợi rau luộc món tưởng_chừng vô_hại chứa muối bác_sĩ hung_kẻ_thù thận dầu_mỡ natri muối văn_hóa đài_loan trung_quốc bẫy sức_khỏe món chứa muối liệt_kê  món quen_thuộc nhận_diện phòng_tránh món tưởng lành_mạnh thực_chất chứa muối sai_lầm mì bò uống hương_vị đậm_đà súp mì bò kho nêm_nếm tương_muối tương_hột ước_tính bát mì bò chứa   mg natri tiêu_thụ muối tối_đa cho_phép trưởng_thành thanh_đạm món thực_chất thực_phẩm chứa hàm_lượng natri cao_lượng muối kho xốt kèm mà_còn nằm sợi bún muối khâu sản_xuất bát bún chứa   mg natri chiếm một_nửa muối cơ_thể món nhầm_lẫn độ lành_mạnh rau xanh cơ_thể nằm xốt đi kèm gia_vị phổ_biến xì_dầu dầu_hào tương_đặc xốt_tỏi chứa hàm_lượng natri đĩa rau rưới xốt đậm_đà chứa   mg natri tương_đương một_nửa định_mức muối cho_phép bảo_vệ sức khỏe thận tận_hưởng ẩm_thực bác_sĩ hung gợi_ý người_dân thói_quen điều_chỉnh đơn_giản thay_vì kiêng_khem khắc_nghiệt ví_dụ mì_bò ưu_tiên thay_vì kho đậm_đà tuyệt_đối uống súp bún mì sợi chủ_động khẩu_phần một_nửa thay_vì tô món rau luộc loại_bỏ thói_quen rưới xốt công_nghiệp thay tỏi_tiêu một_chút dầu ô_liu hương_vị tự_nhiên bác_sĩ bảo_vệ thận đòi_hỏi chế_độ kỷ_luật cực_đoan bí_quyết đôi_khi nằm lựa_chọn hàng bớt đi ngụm một_chút xốt ăn_nhạt đi một_chút thận khỏe suốt đời,2,0,0
bữa bữa bữa cung_cấp năng_lượng dự_trữ quan_niệm cơ_thể tiêu_hóa dinh_dưỡng tối giảm_tích lũy_mỡ sở_thích trường_hợp nhịn mệt_mỏi hiệu_suất thức dậy muộn đi ngủ tối_muộn trường_hợp đàn_ông năng_lượng cơ_thể     calo bữa chiếm   calo giúp tái_cung_cấp năng_lượng giấc_ngủ nhịn bữa cân dễ_dàng đói ăn_uống kiểm_soát nhịn tiêu_thụ thức_ăn trưa tiêu_hóa trào_ngược dạ_dày đau bụng viêm loét dạ_dày kích_thích hệ tiêu_hóa nghiên_cứu đăng tạp_chí học_viện dinh_dưỡng kiêng_mỹ  bữa nguy_cơ tử_vong mỹ  trở bữa bữa tối gia_tăng khả_năng mắc bệnh tim_mạch hai bữa   tiếng tỷ_lệ tử_vong nguyên_nhân tạp_chí tim_mạch dự_phòng châu_âu bữa tối_muộn nguy_cơ tử_vong gấp   bệnh tim_mạch thói_quen nhịn cortisol khả_năng thèm chất_lượng giấc_ngủ kém theo_dõi lắng_nghe cơ_thể bổ_sung dinh_dưỡng kết_hợp tập_luyện năng_lượng hoạt_động pgs ts,2,0,0
liên_tục hướng_dẫn học_viên siết cơ_bụng thẳng lưng huấn_luyện_viên vóc_dáng thon gọn từng_trải giai_đoạn khủng_hoảng tâm_lý nặng_nề béo phì sinh đầu_lòng cân thúy chạm mốc  kg chiều   m miêu_tả bóng đi thể_trạng khuôn_mặt vỡ nét trông già đi cú sốc ngoại_hình đẩy mẹ trẻ trạng_thái trầm_cảm phụ_nữ e_ngại ánh mắt lạ khép_kín lảng_tránh xung_quanh quyết_tâm tròn thúy lộ_trình rèn_luyện thể_chất kéo_dài  chặng đường khởi_động cải_tổ triệt_để thói_quen dinh_dưỡng lịch_trình bận_rộn mẹ nuôi cắt_giảm calo_nạp thúy loại_bỏ đồ uống chứa đường thức_ăn bữa ăn_hàng kiểm_soát chặt_chẽ bát cơm kết_hợp đạm trắng thịt gà cá rau_quả mặt khoa_học mô_hình ăn_uống giàu_đạm chất xơ_giúp cơ_thể duy_trì cảm_giác no tăng_cường trao_đổi chất chủ_động tinh_bột buộc cơ_thể lớp mỡ dự_trữ năng_lượng hoạt_động mặc_dù áp_dụng kỷ_luật thép thực_đơn giai_đoạn đầu diễn chậm_rãi cân thúy nhẹ   kg lột_xác diễn giai_đoạn hai thúy aerobic bộ_môn thể_dục nhịp_điệu đóng vai_trò công_cụ đốt mỡ chủ_lực hoạt_động tập_luyện cường_độ tác_động sinh_lý sâu_sắc phân_tích đại_học tel aviv tập_aerobic đều_đặn tiêu_thụ glucose cơ_quan nội_tạng cấu_trúc mô cơ_quan trở_nên mô_cơ cắt_giảm năng_lượng nuôi_dưỡng khối_u giúp  nguy_cơ phát_triển ung_thư di_căn thúy duy_trì lịch tập  tuần chuẩn_xác tuyệt_đối động_tác bắt_buộc tập lưng thẳng mở_rộng vai kết_hợp tư_thế chân hơi chùng tối_ưu_hóa hiệu_quả đốt mỡ cơ_chế vận_động kết_hợp tạ_tay bục_nhảy ép sâu_vùng eo_xuyên suốt rèn_luyện thúy vững quan_điểm ép_buộc cơ_thể biện_pháp cực_đoan duy_trì chế_độ dinh_dưỡng đầy_đủ dưỡng_chất chất_lượng giấc_ngủ cơ_thể rơi trạng_thái sốc_nhiệt kiệt_sức hai kiên_trì thúy cân  kg chỉ_số mỡ nội_tạng dừng   ngưỡng tiêu_chuẩn phòng_tránh bệnh_lý hóa mỡ máu gan nhiễm mỡ biến_đổi thể_chất kéo_theo hồi_sinh mặt tinh_thần phụ_nữ mặc_cảm_thúy cơ_sở dạy aerobic thái_nguyên xây_dựng kế_hoạch mở_rộng quy_mô mong_muốn trải_nghiệm con_người cơ_thể phản_bội nỗ_lực rèn_luyện bền_bỉ,2,0,0
thạc_sĩ bác_sĩ phạm_quang khải_khoa phẫu_thuật thận_tiết niệu nam_học bệnh_viện e đồ uống mùa hè quen_thuộc áp_lực thận tiêu_thụ mùa hè nhu_cầu uống nước_ngọt đường gas tăng_lực giải_khát tăng_lực chứa caffeeine đường huyết_áp tạm_thời ảnh_hưởng lọc cầu thận thường_xuyên uống stress hóa nước_ngọt chứa phosphate đường lạm_dụng nguy_cơ rối_loạn hóa canxi nguy_cơ sỏi thận suy thận mạn uống giải_khát thận trả_giá bác_sĩ ép đóng chai ép công_nghiệp chứa đường chất bảo_quản_phẩm màu thường_xuyên nguy_cơ béo phì tiểu_đường mà_còn ảnh_hưởng hệ_thống mạch_máu thận khả_năng lọc suy_giảm ép trái_cây đóng chai chứa fructose acid uric nguy_cơ sỏi tổn_thương thận nạp đường tinh_luyện axit_uric máu hình_thành sỏi thận trà sữa chứa đường kèm trân châu_thạch đường nguy_cơ kháng_insulin trà chứa oxalate hình_thành sỏi thận trà đặc_chứa oxalate uống thay lọc nguy_cơ sỏi cà_phê chứa caffeine liều_lượng ngưỡng cà_phê chất chống buồn_ngủ yếu_tố hại tim_mạch nghiên_cứu  ly cà_phê kiểu pha lọc cholesterol toàn   mg dl liều cực   ly ldl   mg dl caffeine ức_chế melatonin hormone hòa giấc_ngủ tác_dụng chống oxy_hóa bảo_vệ tim_mạch caffeine duy_trì nồng_độ cortisol đêm thúc_đẩy viêm hệ_thống kháng_insulin lạm_dụng cà_phê nguy_cơ mất_ngủ tim_mạch mía mát giúp thanh_nhiệt giải_độc song mía ngọt_lượng đường đường uống mía đường đường_huyết ảnh_hưởng vi_mạch thận có_thể_trạng bình_thường uống cân đường ruột_yếu bụng tiêu_chảy thường_xuyên bệnh tiểu_đường mỡ máu gout hạn_chế dừa thức uống giải_nhiệt quen_thuộc song giàu kali uống kali máu bệnh thận tiềm_ẩn tuyệt_đối dừa thay_thế lọc uống hằng uống gây_rối_loạn điện giải ảnh_hưởng chức_năng trẻ_em uống dừa hằng dạ_dày trẻ uống no_ức_chế cảm_giác thèm ăn_ăn bữa bia lợi_tiểu acid uric nguy_cơ gout sỏi thận uống mát thực_chất thận khát bác_sĩ bia chứa cồn cốc bia tương_đương cồn trưởng_thành gan cồn con_số trung_bình tùy thể_trạng quãng đi yếu_tố bệnh_lý tuổi_tác_cân dạ_dày,2,0,0
hướng_dẫn dinh_dưỡng hiện_đại hai chuyên_gia maggie bell talia follador hàm_lượng chất xơ_đóng vai_trò then_chốt điều_tiết đường_huyết carbohydrate đường máu nhanh_chóng chất xơ_protein chất_béo hoạt_động hệ_thống phanh hãm giúp cơ_thể hấp thu đường người_bệnh tiểu_đường tiền tiểu_đường an_tâm bổ_sung hai hoa_quả thực_đơn hàng phối_hợp thực_phẩm hợp_lý táo trung_bình  gram cung_cấp  gram carbohydrate bao_gồm  gram đường tự_nhiên   gram chất xơ chuyên_gia follador khuyên nhai kỹ vỏ táo lớp vỏ chứa chất xơ_hòa tan enzyme giúp ức_chế hóa tinh_bột thói_quen gọt vỏ đi lớp bảo_vệ tự_nhiên đường_huyết vọt tương_tự cam  gram chứa  gram carbohydrate   gram chất xơ đáp_ứng  nhu_cầu vitamin c hàng hàm_lượng polyphenol vitamin c dồi_dào cam_quýt giúp cơ_thể cải_thiện hóa glucose kháng_insulin chống viêm_nhiễm lâu_dài giới chuyên_môn cảnh_báo hạn_chế uống cam_ép nguyên_chất vắt loại_bỏ chất xơ đường đặc đi thẳng máu_trừ kèm_thức uống bữa dồi_dào protein tối_ưu_hóa lợi_ích trái_cây chuyên_gia bell đề_xuất phương_pháp kết_hợp táo cam thực_phẩm chứa đạm chất_béo lành_mạnh thưởng_thức hoa_quả hạt bơ đậu_phộng sữa chua_chiến_lược dinh_dưỡng chậm tiêu_hóa ngăn_chặn triệt_để đường máu đột_biến cạnh chọn_lựa chế_biến trái_cây chuyên_gia khuyên áp_dụng thói_quen sinh_hoạt bảo_vệ hệ hóa đi nhẹ_nhàng  phút bữa hạ đường huyết_đỉnh hiệu_quả chủ_động thư_giãn căng_thẳng mãn_tính tác_nhân hàng_đầu gây_rối_loạn insulin kiểm_soát nghiêm_ngặt khẩu_phần khéo_léo phối_hợp chất_đệm thay_vì kiêng_khem tiêu_cực thực_phẩm tự_nhiên,2,0,0
bs cki nguyễn_thị việt_hà phòng_khám đa_khoa tâm cầu giấy làn da hoạt_động mùa hè thích_nghi môi_trường nhiệt_độ tia_cực tím chăm_sóc sai mồ_hôi bã_nhờn da tổn_thương mụn nám_sạm lão hóa da đổ dầu mùa hè rửa mặt liên_tục sữa rửa mặt tẩy_rửa sạch khô_thoáng song_rửa mặt lớp lipid tự_nhiên bề_mặt da lớp bảo_vệ phá vỡ da khô tiết dầu môi_trường thuận_lợi vi_khuẩn nổi mụn nhạy_cảm ánh nắng_tẩy da chết   tuần sản_phẩm peel hóa_học nồng_độ da mùa hè lớp sừng bảo_vệ da bào mòn mỏng đi da bắt nắng sắc_tố mùa nắng_nóng da tiết mồ_hôi bã_nhờn cần_dưỡng ẩm_song thực_chất da tuyến bã nhờn hoạt_động bù_đắp da bóng dầu bít_tắc lỗ chân_lông nổi_mụn duy_trì kem dưỡng_ẩm cân_bằng da tiết_dầu củng_cố hàng_rào bảo_vệ da tác_động nắng_nóng thoa kem chống nắng thoa thoa   hoạt_động ngoài_trời mồ_hôi dựa kem chống nắng che_chắn vật_lý mũ khẩu_trang áo chống uv da sạm màu nổi mụn mùa nắng_nóng trang_điểm lớp dày che khuyết_điểm sai_lầm mồ_hôi dầu_nhờn bít_tắc lỗ chân_lông mụn bùng_phát tẩy_trang kỹ cặn mỹ_phẩm tồn_đọng da viêm_nhiễm kích_ứng bác_sĩ hà khuyến_cáo sản_phẩm trắng nhanh_trị nám cấp_tốc trôi_nổi mạng sản_phẩm chứa corticoid chất_bào mòn da trắng ngắn lâu_dài da mỏng_yếu bắt nắng sắc_tố điều_trị mụn_nám lão hóa da công_nghệ_cao chăm_sóc da sai mùa_hè hiệu_quả điều_trị thiết_bị laser hiện_đại fotona starwalker fotona dynamis thẩm_mỹ hệ_thống bệnh_viện đa_khoa tâm khả_năng tác_động chọn_lọc sắc_tố tái_tạo da tổn_thương bề_mặt chống nắng dưỡng_da sắc_tố trở_lại e_ngại tiết mồ_hôi phòng hòa liên_tục không_khí khô hòa da nhanh_chóng trở_nên khô_ráp kích_ứng bổ_sung dưỡng ẩm_da kéo_dài bác_sĩ hà khuyến_cáo chăm_sóc da mùa nắng_nóng bảo_vệ cân_bằng da sạch dưỡng_ẩm chống nắng đầy_đủ hạn_chế tác_động bào_mòn da,3,0,0
đăng trang chuyên_gia dinh_dưỡng zeng jianming bệnh_nhân phòng_khám ăn_uống thanh_đạm lành_mạnh chỉ_số xét_nghiệm máu chuẩn nguyên_nhân sai thực_phẩm chuyên_gia chế_độ người_bệnh thận hình_phạt thực_chất trò_chơi thay_thế cạm bẫy mặn thực_phẩm chế_biến sẵn bệnh_nhân ăn_ngon chất nắm vững nguyên_tắc thay_thế thực_phẩm khoa_học zeng sai_lầm phổ_biến nằm quan_niệm thực_phẩm nguyên_hạt gạo lứt_ngũ_cốc hạt lựa_chọn sức_khỏe chức_năng thận suy_giảm khả_năng kiểm_soát chỉ_số phosphorus máu kém đi thực_phẩm vô_tình gánh bài_tiết thận giai_đoạn thực_phẩm tinh_chế cơm trắng mì trắng bánh_bao chay lựa_chọn an_toàn hai mặn mua muối natri_song chuyên_gia cảnh_báo muối mặn tương_chứa hàm_lượng natri thị_trường kali thay_thế cực_kỳ nguy_hiểm người_bệnh thận thay bệnh_nhân muối thông_thường tiết_chế liều_lượng tăng_cường gia_vị tự_nhiên hành_gừng tỏi chanh kích_thích vị_giác hại rau củ nghịch_lý bệnh_nhân thận rau xanh hàm_lượng kali tuyệt_đối chạm song cà_chua kiwi vốn trái_cây hàm_lượng kali chuyên_gia khuyến_nghị thay_thế an_toàn táo_nho_dứa lê_riêng rau xanh phương_pháp chế_biến thái chần sôi đổ đem xào nấu loại_bỏ tối_đa kali dư_thừa đạm tâm_lý sợ suy thận bệnh_nhân dám thịt suy_dinh_dưỡng zeng nhu_cầu protein chạy thận bệnh_nhân tham_vấn bác_sĩ chuyên_gia dinh_dưỡng thực_đơn thể_trạng áp_dụng chuyên_gia gợi_ý đơn_giản thực_đơn hàng bữa thay_vì chè mè đen bột_ngũ_cốc bánh_mì kẹp thịt xông_khói kèm trà sữa người_bệnh bánh_mì trắng trứng chần sốt bánh_bao chay trứng hấp lọc bữa trưa thay_vì món cơm chan sốt canh thịt_viên cơm trắng cá_hấp gà xào_hành rau_chần lưu_ý uống dùng_bữa tối mì tôm bánh_mì công_nghiệp hầm xương bồi_bổ thay nửa bát cơm trắng kết_hợp đạm chất_lượng rau xanh zeng áp_lực thận miếng thịt thói_quen tiêu_thụ thực_phẩm mặn_đồ chế_biến sẵn bữa uống canh bữa ăn_uống chất_lượng sống bệnh_nhân trái_lại chìa_khóa duy_trì chức_năng thận lâu_dài,2,0,0
video mừng sinh_nhật douyin trần kiều_ân làn da mịn_màng vẻ tươi_tắn ban_đầu nữ diễn_viên cắm nhầm nến  nhắc đổi thành  hâm_mộ bình_luận bí_quyết trẻ  trần_kiều_ân nổi mụn áp_lực khắc_phục duy_trì thói_quen uống sữa_đậu_nành hàng chứa hàm_lượng isoflavone dồi_dào sữa_đậu_nành thúc_đẩy sản_sinh collagen mờ nếp nhăn nuôi_dưỡng làn da trắng thức uống giúp hòa nội_tiết_tố hiệu_quả nữ diễn_viên lưu_ý đường đường giữ_dáng nạp calo cơ_thể cạnh uống sữa hạt trần kiều_ân sở_thích nội_tạng động_vật e_ngại nội_tạng động_vật óc lợn mùi_vị chương_trình trần_kiều_ân ăn_lòng óc lợn giúp diện_mạo trẻ_trung giải_thích lợn chứa hàm_lượng collagen dồi_dào giúp duy_trì độ đàn hồi da óc lợn giàu phospholipid giúp bảo_vệ não_bộ phục_hồi tế_bào nội_tạng giàu sắt coi thần_dược bổ máu giúp cơ_thể hồng_hào tươi_tắn cơ_địa máu song_song chăm_sóc da diễn_viên chú_trọng dáng chế_độ cân bưởi bữa trần_kiều_ân nửa bưởi ly ép bưởi kết_hợp thực_phẩm cắt tinh_bột nữ diễn_viên thực_đơn liên_tục  nghỉ_ngơi  ăn_uống tự_do chu_kỳ giúp  kg vòng  hiệu_quả ấn_tượng bưởi calo chứa  calo  gram cảm_giác no năng_lượng nạp hàm_lượng naringin dồi_dào bưởi ổn_định đường_huyết thúc_đẩy trao_đổi chất_biến thực_phẩm thay_thế lý_tưởng tinh_bột bữa ăn_hàng phương_pháp ăn_uống trần_kiều_ân liệu_pháp châm_cứu thẩm_mỹ gọi châm điêu liệu_pháp làm_đẹp đông_y mũi kim_siêu tác_động khắp cơ_thể từ_đầu đến_chân nữ diễn_viên phương_pháp giúp cải_thiện đau_mỏi vai_gáy chứng_bướu góa phụ dowager s hump mà_còn cơ_mặt trở_nên săn liệu_pháp châm_cứu thẩm_mỹ kỹ_thuật châm_kim hòa khí_huyết kinh_lạc tác_động lớp da mô_mỡ cân_cơ khuôn_mặt hiệu_quả da mờ vết thâm_thu lỗ chân_lông nâng_cơ thói_quen quy_trình chăm_sóc trần_kiều_ân tắm bồn yêu ngâm bồn_tắm hiệu_quả vã mồ_hôi phương_pháp tập_thể_dục tắm_bồn thúc_đẩy lưu_thông máu thư_giãn cơ_bắp mà_còn đào thải độc_tố tích giúp cơ_thể trở_nên thon gọn săn chuyên_gia lưu_ý liệu_pháp tiền sử_mắc bệnh tim_mạch tiểu_đường trần_kiều_ân_sinh  diễn_viên hàng_đầu làng giải_trí đài_loan tên_tuổi gắn liền tác_phẩm_truyền_hình_như trần_kiều_ân mệnh_danh nữ_hoàng dòng phim thần_tượng tham_gia phim đề_tài suốt đầu thập_niên  trần_kiều_ân sức hút nhan_sắc trẻ trung_vóc dáng thon gọn thường_xuyên bí_quyết làm_đẹp giữ_dáng mạng xã_hội,2,0,0
bác_sĩ lương_trình siêu_trưởng khoa tiêu_hóa gan_mật bệnh_viện quản_lý sức khỏe bắc đầu đài_loan trường_hợp thanh_niên thói_quen uống trà sữa đồ_ngọt ăn_đêm kiểm_tra sức_khỏe chỉ_số men gan gpt alt vọt  gấp ngưỡng bình_thường  bệnh_nhân chẩn_đoán gan nhiễm mỡ xơ_hóa đối_mặt khủng_hoảng_sức khỏe chàng trai quyết_tâm từ_bỏ thói_quen ăn_uống tai_hại tuân_thủ nghiêm_ngặt chế_độ dinh_dưỡng tập_luyện  cân  kg  kg vóc_dáng thon gọn gan nhiễm mỡ biến chỉ_số men gan hồi_phục an_toàn xơ_hóa gan vốn nguy_hiểm đảo_ngược thành_công gan nhiễm mỡ đơn_thuần tích_tụ_mỡ gan mà_còn dấu_hiệu cảnh_báo hệ hóa toàn cơ_thể suy_yếu bác_sĩ lương_trình siêu tỷ_lệ  đài_loan mắc bệnh gan nhiễm mỡ xác_định mỡ chiếm  trọng_lượng gan diễn_biến âm_thầm triệu_chứng rõ_rệt minh_chứng cơ_thể bất_thường hóa giới y_khoa chia gan nhiễm mỡ thành hai rượu rượu  hiệp_hội nghiên_cứu gan thế_giới chính_thức đổi căn_bệnh thành bệnh gan nhiễm mỡ hóa gan nhiễm mỡ quan_hệ tách rời hội_chứng hóa đối_tượng nguy_cơ thừa_cân chỉ_số bmi  trở mắc tiểu_đường type  hai bất_thường hóa trở triglyceride cholesterol hdl tiền tiểu_đường chỉ_số viêm crp kỳ khám sức khỏe_định_kỳ lầm_tưởng chỉ_số men gan bình_thường nghĩa_là cơ_thể khỏe bác_sĩ lương nhấn_mạnh gan nhiễm mỡ giai_đoạn đầu diễn_biến âm_thầm ẩn kết_quả xét_nghiệm máu chỉ_số ổn_định ngó lơ_bệnh tiến_triển giai_đoạn nguy_hiểm xơ_hóa gan xơ_gan ung_thư gan lo rối_loạn hóa đi kèm bệnh_nhân gan nhiễm mỡ nguy_cơ tử_vong bệnh_lý tim_mạch đột_quỵ nhồi máu tim ung_thư gan giải_đáp thắc_mắc ăn_chay kiêng_đồ chiên rán uống rượu mắc bệnh bác_sĩ lương thủ_phạm đồ uống đường tinh_bột tinh_chế đường fructose trà sữa trái_cây bánh_kẹo cơ_thể gan hóa thành triglyceride lưu_trữ dạng mỡ tiêu_thụ chất_béo nạp đường gan_tích mỡ trầm_trọng y_học thuốc đặc_trị loại_bỏ gan nhiễm mỡ cân coi phương_pháp hiệu_quả nghiên_cứu xác_nhận  trọng_lượng cơ_thể cải_thiện nhiễm mỡ  mức_độ viêm_nhiễm xơ_hóa gan thuyên_giảm rõ_rệt bảo_vệ gan phục_hồi_sức khỏe nắm vững nguyên_tắc cốt_lõi điều_chỉnh thực_đơn cắt_giảm tối_đa đường tinh_bột tinh_chế duy_trì thói_quen tập_thể_dục đều_đặn tiêu_hao năng_lượng kiên_trì kiểm_soát cân ổn_định,2,0,0
tiến_sĩ bác_sĩ lê_thị hương_giang trưởng khoa tiết_chế dinh_dưỡng bệnh_viện   công_an phở bữa quen_thuộc hàng triệu việt ngon_tiện_lợi bát phở giàu dinh_dưỡng thói_quen húp cạn tiềm_ẩn nguy_sức khỏe thông_thường bát phở trung_bình chứa   ml chứa    g muối tương_đương     mg natri tổ_chức y_tế thế_giới who khuyến_cáo trưởng_thành tiêu_thụ  g muối thói_quen uống hết_nước bát phở cơ_thể tiếp_nhận toàn_bộ hạn_mức muối cho_phép bác_sĩ vị mặn phở lấn_át vị xương_ninh chất điều_vị vị_giác đánh_lừa vô_tình nạp_lượng muối vượt_ngưỡng miệng muối ninh xương thịt chứa thành_phần áp_lực hóa hầm xương giải_phóng purin_chất hình_thành acid_uric cơ_thể nghiên_cứu choi cộng_sự tạp_chí new england journal of_medicine  chế_độ giàu purin thịt đỏ hầm acid uric máu nguy_cơ bệnh gout chất_béo tủy mỡ xương hòa tan chất_béo bão_hòa khẩu_phần hiệp_hội tim_mạch mỹ_aha yếu_tố góp_phần cholesterol xấu xơ_vữa động_mạch nghiên_cứu phân_tích hầm xương chứa vi_lượng kim_loại chì giải_phóng xương động_vật nồng_độ lặp bài_toán tích_lũy sinh_học cơ_thể bác_sĩ bác_sĩ dư_thừa natri kéo_dài thủ_phạm hàng_đầu huyết_áp suy thận bệnh_lý tim_mạch tiền_sử huyết_áp bệnh tim_mạch suy thận chức_năng thận suy_giảm lạm_dụng điều_trị bệnh gout nồng_độ acid_uric cao_tuổi hệ hóa kém nhạy_bén thận_trọng loại_bỏ phở thực_đơn bảo_vệ sức_khỏe an_toàn thưởng_thức bánh phở thịt rau nếm cảm_nhận hương_vị húp cạn tăng_cường rau xanh rau sống rau_chần bổ_sung chất_xơ kali giúp đào thải bớt natri hạn_chế gia_vị nước_mắm bột canh bàn phở vốn đậm_đà đa_dạng thực_đơn tuần liên_tục bún_phở xen_kẽ bữa nhẹ_nhàng ngũ_cốc khoai_lang món mặn bảo_vệ sức khỏe,2,0,0
sữa sữa chua_phô mai tươi_chứa khoáng_chất giúp cải_thiện sức khỏe võng_mạc màng_mạch bổ_sung thực_phẩm sữa mắt sữa sữa chua_phô mai tươi_chứa khoáng_chất giúp cải_thiện sức khỏe võng_mạc màng_mạch bổ_sung thực_phẩm sữa mắt đỏ giàu vitamin a_lutein zeaxanthin kẽm dưỡng_chất giúp nguy_cơ tuổi_tác đục thủy tinh_thể bảo_vệ giác_mạc tăng_cường sức khỏe_mắt đỏ giàu vitamin a_lutein zeaxanthin kẽm dưỡng_chất giúp nguy_cơ tuổi_tác đục thủy tinh_thể bảo_vệ giác_mạc tăng_cường sức khỏe_mắt beta carotene tiền chất vitamin_a chuyên_gia thực_phẩm giúp cải_thiện thị_lực mà_còn cholesterol cà_rốt canh luộc sinh_tố tận_dụng tối_đa lợi_ích dinh_dưỡng beta carotene tiền chất vitamin_a chuyên_gia thực_phẩm giúp cải_thiện thị_lực mà_còn cholesterol cà_rốt canh luộc sinh_tố tận_dụng tối_đa lợi_ích dinh_dưỡng giàu vitamin e_kẽm chất chống oxy hóa giúp chống gốc tự_do bảo_vệ tế_bào mắt nắm hạt óc chó hạnh_nhân hướng_dương để_mắt khỏe giàu vitamin e_kẽm chất chống oxy hóa giúp chống gốc tự_do bảo_vệ tế_bào mắt nắm hạt óc chó hạnh_nhân hướng_dương để_mắt khỏe cải_bó xôi cải_xoăn chứa lutein_zeaxanthin vitamin_c dưỡng_chất mắt rau sống chần_sơ tối_đa dinh_dưỡng cải_bó xôi cải_xoăn chứa lutein_zeaxanthin vitamin_c dưỡng_chất mắt rau sống chần_sơ tối_đa dinh_dưỡng,2,0,0
nghiên_cứu  công_bố tạp_chí hệ_thống tạp_chí danh_giá đúc_kết công_thức trường_thọ cực_kỳ đơn_giản  trụ_cột sinh_hoạt trạng_thái vàng tuổi_thọ dự_kiến kéo_dài   nghiên_cứu   tình_nguyện_viên theo_dõi trung_bình  kết_quả trạng_thái vàng chế_độ ăn_lành_mạnh tập_thể_dục cường_độ trung_bình  phút ngủ    tiếng tin_vui ngủ  phút tập_thể_dục   phút nửa rau xanh kéo_dài tuổi_thọ  chuẩn dinh_dưỡng trường_thọ nạp thực_phẩm   g hai bữa   h   h ưu_tiên táo_cam quýt lê dâu_tây việt quất đào   g tương_đương hai bàn_tay chụm   rau rau lá đậm chiếm một_nửa trưởng_thành  g đậu_nành tương_đương  ml sữa_đậu_nành  g đậu phụ   g tuần  g ưu_tiên hạt nguyên_vị tẩm ướp muối đường nắm lạc đậu_phộng   quả_óc chó   hạt_dẻ định_mức  tuần   g tuần cá sông cá_chép giàu protein chất_béo khoáng chất  g sữa lỏng mua lưu_ý bảng thành_phần duy_nhất sữa_tươi nguyên_chất hàm_lượng protein   g  ml duy_trì vận_động  tuần  phút thói_quen tập_luyện đi kỹ_thuật bình_thường nửa bàn_chân   giây   bước_phút kích_hoạt_chức_năng tim phổi thân thẳng cánh_tay vung tự_nhiên đầu_gối hơi khụy tiếp đất bảo_vệ khớp giấc_ngủ tiêu_chuẩn   tiếng mà_còn ngủ  h trường_thọ phép màu kết_quả kỷ_luật hàng,2,0,0
rơi vòng xoáy phương_pháp cực_đoan nhịn thuốc cân blogger nổi_tiếng tiểu_hồng thư_susann trả_giá cân chạm mốc  kg  ngừng thuốc cơ_thể phù_nề làn da mái_tóc trở_nên bóng dầu rối_loạn hóa quyết_tâm susann xây_dựng lộ_trình ăn_uống tử_tế vận_động định_kỳ ổn_định hóa kết_quả  kg  kg duy_trì vóc_dáng thon gọn suốt  susann áp_dụng công_thức_ăn sạch_eatclean tỷ_lệ đĩa  cốt_lõi phương_pháp nạp rau củ chất_lượng cao_ngũ_cốc nguyên_hạt protein  rau xanh  protein  tinh_bột carbohydrate protein sữa  ml sữa tách béo  trứng luộc ăn_no thèm ăn_vặt rau xào bí_ngô  miếng thịt bò canh trứng tinh_bột tăng_cường rau đạm duy_trì cơ_bắp ức_chế đói nấm_đùi gà cải_chíp xào nhấn_mạnh chìa_khóa ổn_định cảm_giác thèm ăn_uống tử_tế đầy_đủ chất nhẫn_nhịn đồ_ăn tập gym uống thúc_đẩy trao_đổi chất thay_vì tập_luyện khổ_sai susann sắp_xếp   tuần công_thức bài_tập kháng_lực oxy xây_dựng cơ_bắp bổ_sung bài_tập sức_bền oxy  phút  phút tập tạ kháng_lực     phút cardio phương_pháp giúp cơ_thể đường_nét rõ_rệt mà_còn giúp cơ_thể mệt_mỏi duy_trì sức_bền lâu_dài  kiên_trì susann trút  kg mỡ thừa mà_còn cải_thiện rõ_rệt thể_chất lẫn tâm_lý hóa ổn_định da tóc bóng_dầu biến duy_trì thói_quen ăn_uống khoa_học tập_luyện cường_độ định_kỳ cân duy_trì ổn_định  kg suốt  phá_bỏ nỗi lo tái_béo hiệu_ứng yoyo,3,0,0
uống bia lạnh giải_nhiệt tạm_thời thực_chất bia cồn lạm_dụng hại uống bia giãn_mạch huyết_áp đột_quỵ nắng_nóng cơ_thể mồ_hôi mệt_mỏi uống bia cồn nguy_cơ máu đặc_mạch dãn khát vòng_lặp nguy_cơ biến_chứng hại bệnh huyết_áp tim_mạch đái_tháo đường nắng_nóng ưu_tiên lọc điện giải chanh_quýt mía dừa rượu_bia uống   cốc giải_trí nồng_độ cồn nguy_hiểm quy_định thổi nồng_độ cồn tức_là vi_phạm lạm_dụng đồ uống cồn hại sức_khỏe nguy_cơ tai_nạn lưu_thông đường tập thể_thao môn chạy bóng_đá bóng_chuyền cơ_thể tiêu_tốn năng_lượng rối_loạn điện giải_bia tác_dụng lợi tiểu_nghĩa_là bài_tiết đường tiểu_điều trở_nên nghiêm_trọng gây_rối_loạn điện_giải cơ_thể bia gan thận làm_việc vất_vả cơ_thể trạng_thái mệt_mỏi tập thể_thao tập_luyện nghỉ_ngơi thư_giãn uống lọc điện_giải năng_lượng bác_sĩ,2,0,0
ths bs bùi_thị_duyên_phó trưởng khoa dinh_dưỡng bệnh_viện quân_y  ăn_uống kém chất_lượng bữa cơ_thể vận_hành nhịp sinh_học khả_năng hóa năng_lượng tối_độ nhạy_insulin cơ_thể glucose kém hiệu_quả ăn_muộn tinh_bột chất_béo năng_lượng dư_thừa thành mỡ tích_trữ nghiên_cứu ăn_muộn cân kém hiệu_quả chế_độ nghiên_cứu ghi_nhận tiêu_thụ năng_lượng tối đề_kháng insulin nguy_cơ rối_loạn hóa ảnh_hưởng cân tối_muộn tác_động xấu hệ tiêu_hóa giấc_ngủ ăn_sát ngủ dạ_dày hoạt_động cơ_thể nghỉ_ngơi nguy_cơ trào ngược_dạ_dày thực_quản bụng ngủ vòng  ngủ nguy_cơ trào ngược lâu_dài thói_quen ăn_muộn bệnh mạn_tính báo_cáo ăn_muộn đường huyết_giảm khả_năng đốt mỡ góp_phần hội_chứng hóa đái_tháo đường type  bệnh tim_mạch bác_sĩ khuyến_cáo ngủ   bữa tối năng_lượng đồ_chiên đường hạn_chế  h,2,0,0
 thiết_lập_mạc phủ edo_tướng quân tokugawa ieyasu triều_đình atami onsen tỉnh shizuoka ngâm suốt tuần kỳ_nghỉ liệu trình  thế_kỷ y_học hiện_đại dần xác_nhận người_nhật tắm_khoáng nóng đơn_thuần thư_giãn liệu_pháp điều_trị cơ_sở sinh_lý rõ_ràng tác_động cấp_độ tế_bào trở khả_năng chống oxy hóa phục_hồi mô tổn_thương nghiên_cứu khoa_học hóa chuyên_gia phân_tích khoáng nóng dược_tính hình_thành mưa băng_tuyết tan thấm đất di_chuyển tầng nứt gãy vỏ trái_đất độ sâu hàng km áp_suất cực nhiệt_độ magma biến thành_dung môi tự_nhiên hàng trăm hàng nghìn nén chặt hòa_tan khoáng chất tầng đá mẹ silica tái_tạo collagen lưu_huỳnh tác_dụng kháng_khuẩn chống viêm magie canxi tác_động hệ thần_kinh cơ_xương khớp khoáng_chất cơ_thể con_người hàng_rào bảo_vệ hiệu_quả da nhiệt_độ phát_huy vai_trò ngâm nóng   độ c lớp sừng da mềm lỗ chân lông_giãn tối_đa mao_mạch da giãn_nở kéo máu đổ bề_mặt gọi_là vasodilation trạng_thái ion_khoáng đi biểu_bì đường xuyên tế_bào liên_tế_bào nang_lông tuyến mồ_hôi nghiên_cứu  đăng xác_nhận khả_năng hấp_thụ magie da nhiệt_độ  độ c ngâm nóng nửa đầu liệu_pháp nửa tắm onsen bỏ_qua lạnh chu_trình tắm tương_phản nóng lạnh contrast hydrotherapy cơ_chế nhà_sinh_lý_học gọi_là bơm mạch_máu vascular_pump cơ_thể đột_ngột nóng lạnh mạch_máu bề_mặt co_rút vasoconstriction lỗ chân lông_khép áp_lực cơ_học đẩy dòng máu khoáng_chất bề_mặt da sâu mô khớp_cơ cơ_quan nội_tạng co_mạch ngăn_khoáng chất hấp_thụ thoát ngược tuyến mồ_hôi nghiên_cứu viện y_tế quốc_gia mỹ_nih lưu_trữ chu_trình nóng lạnh_lặp giúp thanh_thải axit lactic tích_tụ kích_hoạt_hệ bạch_huyết thông_thường chu_trình hiệu_quả ngâm nóng   phút xối ngâm lạnh   phút lặp lịch_sử bác_sĩ gotō konzan   cải_cách y_học thời edo xây_dựng lý_thuyết khí_trệ giải_thích cơ_chế bệnh_sinh đình_trệ dòng năng_lượng cơ_thể khái_niệm tương_đương rối_loạn hệ thần_kinh tự_chủ y_học hiện_đại kê đơn ngâm khoáng_nóng phương_pháp kích_thích hệ giao_cảm phục_hồi cân_bằng nội_môi konzan quan_sát lâm_sàng khoa_học hiện_đại giải_thích cơ_chế ngâm nóng_hệ giao_cảm kích_thích huyết_áp nhịp tim đường_huyết cơ_thể phản_ứng kích_hoạt_hệ phó giao_cảm điều_chỉnh tương_tác duy_trì đều_đặn tuần giúp hệ thần_kinh tự_chủ trạng_thái cân_bằng nhật gọi chu_kỳ điều_trị cơ_bản isshūkan hitomeguri tuần liệu_trình quy_ước thiết_lập   bối_cảnh y_học hiện_đại đối_mặt gánh bệnh mãn_tính lối sống onsen di_sản văn_hóa bảo_tồn can_thiệp phòng_ngừa cơ_sở sinh_lý nghiên_cứu nghiêm_túc ngày_nay nhật_bản khoáng nóng đô_thị tokyo osaka yokohama viễn_tưởng kết_hợp hậu_cần thông_minh logistics công_nghệ khoáng hóa mineralization xóa_nhòa phố_thị núi giàu suối khoáng_nóng hệ_thống khoáng_hóa mô_phỏng tái_tạo cấu_trúc ion mỏ khoáng_điểm chú_ý công_nghệ cân_chỉnh hàm_lượng khoáng ổn_định loại_bỏ tạp_chất khả_năng hóa_liệu trình chăm_sóc sức khỏe thể_trạng công_nghệ khoáng hóa đầu_tư mềm bọt cảm_giác ấm sâu giúp khả_năng hòa_tan khoáng_chất giãn nở lỗ chân lông giãn nở mạch_máu tuần hoàn_máu khoáng_chất hấp_thụ da đi cơ_thể hiệu_quả tắm_khoáng nóng áp_dụng ôn_đới nhiệt_đới hàn_đới suối tự_nhiên khu nghỉ_dưỡng chăm_sóc sức_khỏe công_nghệ khoáng gia,2,0,0
bác_sĩ shoichiro nakao hiện công_tác thành_phố kirishima tỉnh kagoshima xuất_bản sách hướng_dẫn sách tài_liệu y_khoa mà_còn gợi_ý thói_quen ăn_uống thưởng_thức_vị ngon nguyên_bản thực_phẩm thay_vì phụ_thuộc kết_hợp gia_vị bác_sĩ nakao chuyên_gia nội_khoa tim_mạch cơ_duyên lối sống  đi biệt_phái sống một_mình tình_cờ món rau_xào gia_vị hương_vị tự_nhiên thực_phẩm hấp_dẫn hành_trình cắt_giảm muối đường chế_độ ăn_hàng dựa nghiên_cứu chuyên_sâu kinh_nghiệm bác_sĩ nakao giải_thích sách chế_độ muối đường giúp chuyên_gia chế_độ loại_bỏ muối đường bổ_sung phương_pháp can_thiệp dinh_dưỡng lợi_ích hệ tim_mạch hóa cơ_thể cắt_giảm tối_đa muối_nạp giúp thể_tích tuần_hoàn áp_lực thẩm_thấu thành_mạch ngăn_ngừa kiểm_soát hiệu_quả căn_bệnh huyết_áp từ_bỏ đường tinh_luyện tuyến tụy quá_tải giúp cơ_thể kháng_insulin ổn_định đường_huyết đẩy_lùi nguy_cơ mắc bệnh tiểu_đường thói_quen ăn_uống gánh lọc máu thận bảo_vệ lớp nội_mạc mạch_máu tổn_thương viêm dư_thừa natri glucose lâu_dài thưởng_thức thực_phẩm nguyên_bản phục_hồi độ nhạy vị_giác mà_còn giúp cơ_thể duy_trì môi_trường nội_môi cân_bằng khỏe tự_nhiên đọc dễ_dàng tiếp_cận vị bác_sĩ  giải_pháp thay_thế tinh_tế thay_vì đường tinh_luyện mật_ong rượu gia_vị mirin truyền_thống độ hương_vị món muối gia_vị tự_nhiên kích_thích vị_giác tỏi_gừng thảo_mộc ra_mắt sách đầu_tay bác_sĩ nakao miệt_mài kiến_thức blog diễn_thuyết tập_san bệnh_nhân sách hành_trình  hy_vọng duy_trì sức_khỏe lâu_dài thế_hệ trẻ đón_nhận thử trải_nghiệm lối sống bác_sĩ nakao,2,0,0
thông_tin pgs ts bs hồ thị_kim thanh_phó hiệu_trưởng trường đại_học y hà_nội nêu hội_nghị nội_tiết asean  afes  chủ_đề bệnh nội_tiết đái_tháo đường rối_loạn hóa công_nghệ diễn đà_nẵng  hội_nghị thu_hút  đại_biểu quốc_tế   đại_biểu số_liệu y_tế  việt_nam  triệu hiện sống bệnh đái_tháo đường  bệnh_nhân biến_chứng bao_gồm biến_chứng tim_mạch thần_kinh thận nghiên_cứu cơ_sở_dữ_liệu canada người_bệnh đái_tháo đường đối_tượng nguy_cơ mắc bệnh truyền_nhiễm nhiễm_trùng bệnh rsv bệnh đái_tháo đường rsv virus mùa lây_lan lây_truyền đường hô_hấp hít giọt bắn người_bệnh ho hắt_hơi tiếp_xúc dịch_tiết đường hô_hấp nhiễm_bệnh rsv lây_nhiễm gia_đình dựa dữ_liệu nghiên_cứu mỹ_ước_tính trung_bình nhiễm khả_năng lây biểu_hiện lâm_sàng bệnh rsv đa_dạng mầm bệnh triệu_chứng triệu_chứng cảm_lạnh suy hô_hấp cấp_tính trường_hợp rsv nghiêm_trọng nguy_cơ xảy biến_chứng tim_mạch nhập_viện tử_vong pgs ts bs hồ thị kim_thanh bệnh rsv biến_chứng nghiêm_trọng ảnh_hưởng chất_lượng cuộc_sống thách_thức phương_pháp điều_trị rsv chủ_yếu phương_pháp điều_trị đặc_hiệu hội_nghị chuyên_gia chú_trọng phòng_ngừa bệnh truyền_nhiễm nhiễm_trùng mắc bệnh đái_tháo đường cần_thiết nguy_cơ mắc bệnh nhiễm_trùng biến_chứng gs ts bs trần_hữu_dàng chủ_tịch hội nội_tiết đái_tháo đường việt_nam khuyến_nghị hiệp_hội đái_tháo đường mỹ_ada  người_bệnh đái_tháo đường tiêm vaccine thiết_yếu tùy_độ bao_gồm vaccine_ngừa viêm gan b covid  cúm phế_cầu rsv_bạch hầu_ho gà uốn_ván việt_nam hướng_dẫn chẩn_đoán điều_trị đái_tháo đường type  y_tế  khuyến_nghị người_bệnh tiêm phòng cúm phế_cầu hàng tiêm_chủng viêm gan b  hội nội_tiết đái_tháo đường việt_nam thảo_luận đồng_thuận bổ_sung tiêm chủng_bạch hầu_ho gà uốn ván rsv bệnh_nhân đái_tháo đường type  nhấn_mạnh vai_trò phòng_bệnh chủ_động nguy_cơ gs ts bs trần_hữu_dàng gs ts bs tony cunningham chủ_nhiệm bộ_môn vaccine_viện truyền_nhiễm sydney đại_học sydney tiến_bộ công_nghệ vaccine giúp tăng_cường đáp_ứng miễn_dịch phòng_ngừa bệnh truyền_nhiễm lớn_tuổi phòng_ngừa hiệu_quả bệnh truyền_nhiễm nhiễm_trùng phụ_thuộc vai_trò bác_sĩ điều_trị bác_sĩ đồng_hành giúp người_bệnh tầm vaccine rủi_ro tiềm_ẩn bệnh quyết_định chủ_động tiêm phòng bảo_vệ sức_khỏe lâu_dài gs ts bs tony cunningham nghiên_cứu milan italy  bệnh_nhân đái_tháo đường tin_tưởng đồng_ý tiêm_chủng cúm bác_sĩ chuyên_khoa đái_tháo đường khuyến_nghị hội_nghị vai_trò nhân_viên y_tế thúc_đẩy tiêm_chủng gánh bệnh_tật bệnh truyền_nhiễm nhiễm_trùng phòng_ngừa vaccine cộng_đồng hội_nghị afes  gsk việt_nam đồng_hành_hội nội_tiết đái_tháo đường phiên thảo_luận chuyên_đề  đồng_hành ngành dược_phẩm sinh_học việt_nam niềm phòng_bệnh biện_pháp hiệu_quả bảo_vệ sức khỏe_gsk cộng_đồng y_tế triển_khai hoạt_động phòng_ngừa tiên_phong nghiên_cứu phát_triển mở_rộng khả_năng tiếp_cận giải_pháp tiêm_chủng đổi_mới góp_phần bảo_vệ sức_khỏe lứa,2,0,0
mía chứa chất dinh_dưỡng canxi magie kali sắt vitamin a_c b b giúp bổ_sung năng_lượng điện giải chất lỏng cơ_thể vitamin_chất chống oxy hóa mía góp_phần tăng_cường hệ miễn_dịch bảo_vệ cơ_thể chống nhiễm_trùng bệnh_tật song đồ uống đường ly mía  ml chứa đường   g tùy chế_biến đồ uống đường_huyết điều_trị tiểu_đường mắc tiểu_đường rối_loạn hòa đường_huyết kháng_insulin uống mía thường_xuyên kiểm_soát đường_huyết cân mía lựa_chọn chứa chất dinh_dưỡng giàu calo đường tự_nhiên  ml mía chứa   calo thường_xuyên cân thay_vì mỡ béo phì sức_khỏe bệnh tim gan nhiễm mỡ cholesterol cân uống lọc trà thảo_mộc đường dừa_nước mía ép máy_móc vệ_sinh nguy_cơ nhiễm_khuẩn hệ miễn_dịch cơ_thể khả_năng chống bệnh nhiễm_trùng nhẹ hệ miễn_dịch yếu già trẻ_em mắc bệnh đồ uống hợp vệ_sinh nhiễm_trùng dạ_dày tiêu_chảy ngộ_độc thực_phẩm chế_biến đồ uống thay_vì mua cửa_hàng bán_rong mía hệ tiêu_hóa kém hơi mắc hội_chứng ruột_kích_thích ibs giàu đường đơn lên_men dạ_dày đôi_khi hơi cảm_giác khó_chịu viêm dạ_dày thường_xuyên ợ_chua kích_ứng uống mía sữa trà thảo_mộc dừa_nước ép lô hội góp_phần dịu tiêu_hóa axit dạ_dày đồ uống đường bám súc_miệng phát_triển vi_khuẩn sâu nướu rủi_ro súc miệng uống duy_trì thói_quen vệ_sinh miệng bao_gồm đánh nha_khoa khám định_kỳ,2,0,0
nam_giới quan_hệ tình_dục  tuần trở   nguy_cơ mắc bệnh tim sinh_hoạt thông_tin bác_sĩ lã cẩn_hanh giám_đốc phòng_khám tiết niệu dịch_an thành_phố đài trung_chia_sẻ viết trang dựa nghiên_cứu tạp_chí tim_mạch mỹ lã hiện bác_sĩ khoa tiết_niệu bệnh_viện cheng_ching duy_trì đời_sống tình_dục đều_đặn tần_suất xuất_tinh gắn_kết tình_cảm đôi lứa mà_còn mật_thiết sức khỏe tim_mạch tuyến tiền_liệt tuổi_thọ nam_giới hoạt_động tình_dục giúp nguy_cơ mắc bệnh tim nghiên_cứu người_yêu hai tuần tỷ_lệ mắc bệnh tim nghiêm_trọng một_nửa quan_hệ nghiên_cứu quy_mô mỹ bệnh_nhân tim_mạch tần_suất quan_hệ tỷ_lệ tử_vong mắc bệnh tim_mạch đơn_thuần tình_dục hình_thức vận_động tuyệt_vời đốt cháy trung_bình  calo tương_đương bài_tập_thể_dục nhẹ giải_phóng endorphin giúp căng_thẳng tăng_cường hệ miễn_dịch nghiên_cứu kéo_dài  đại_học harvard nam_giới duy_trì tần_suất xuất_tinh  nguy_cơ mắc ung_thư tuyến tiền_liệt     bác_sĩ_lã giải_thích xuất_tinh đều_đặn giúp tuyến tiền_liệt đào thải độc_tố hòa nội_tiết_tố tăng_cường lưu_thông máu chậu nam_giới điều_chỉnh tần_suất sức khỏe độ  duy_trì         lắng_nghe cơ_thể điều_chỉnh sức chuyên_gia chức_năng tình_dục thực_chất dấu sức_khỏe rối_loạn cương_dương mật_thiết xơ_cứng động_mạch bệnh tim_mạch nguy_cơ đột_quỵ thay_vì khả_năng sinh_lý dấu_hiệu bất_thường nam_giới thăm_khám nguyên_nhân duy_trì thói_quen lành_mạnh hạn_chế thực_phẩm chế_biến sẵn cắt_giảm chất_béo tập_thể_dục cai thuốc_lá bảo_vệ sức_khỏe gốc,0,0,0
thân_hình nặng_nề biến nhường_chỗ diện_mạo săn gọn_gàng hành_trình miệt_mài đạp xe cân suốt  khoa tâm_sự   xem_mạng xã_hội_khoa liên_tục hình_ảnh diễn_viên hàn_quốc vóc_dáng cân_đối trẻ lứa thu_nhập sống phong_cách hôm khoa máy hành_trình  cân toàn_bộ lên_mạng xã_hội công_thức khoa thuốc cân nhịn ít_tập giai_đoạn chật_vật huấn_luyện_viên cắt_giảm khẩu_phần học tập video mạng phòng gym chốn chào_đón ánh mắt dò_xét châm_chọc thân_hình quá_khổ tập thay_vì khoa bình_luận trái chiều động_lực  chàng trai sụt  kg hai phòng tập hai khoa   tiếng ban_đầu đi  phút nâng dần  phút tiếng đi kéo_dài áp_lực khớp chân_khoa đạp xe miệt_mài yên xe suốt bốn tiếng thay_vì tập tạ thành_tích tập nhẹ động_tác chấn_thương hai cân  kg nghiên_cứu hiệp_hội y_khoa quốc_đạp xe  km tuần một_nửa nguy_cơ mắc bệnh tim_mạch vành bộ_môn tác_động chân lưng vai cánh_tay kích_thích sản_xuất chất_lỏng hoạt_dịch bôi_trơn khớp đau_nhức cứng khớp cộng chạy cường_độ tác_động khớp thừa_cân tập_luyện dài_hơi đạp tốc_độ nhẹ_nhàng cơ_thể đốt cháy mỡ  khoa tăng_cường_độ bậc tiếp  kg kết_thúc  cân dừng  kg tổng_cộng  kg biến con_số khủng_khiếp chàng trai vốn lười vận_động kéo_theo khoa màn_hình điện_thoại nhãn hàng gửi mời hợp_tác chú_trọng chăm_sóc da kem chống nắng xác_định giai_đoạn nam thanh_niên sâu luyện_tập cơ_bắp siết chặt chế_độ ăn_uống hướng thân_hình  múi đừng đích chia mục_tiêu mốc biến tập_luyện thành thói_quen cơm uống kết_quả ngọt_khoa,0,0,0
bệnh_nhân tiểu_đường kiêng_khem khắt_khe hạn_chế trái_cây nạp đường fructose viết trang chuyên_gia dinh_dưỡng xue xiaojing quan_điểm tiểu_đường trái_cây chính_xác mấu_chốt nằm nghiên_cứu đăng tạp_chí dịch_tễ học trung_quốc  xue hiện giám_đốc công_ty công_nghệ sức_khỏe bệnh_nhân tiểu_đường trái_cây tươi  tuần kiểm_soát chỉ_số đường huyết_đói chỉ_số đường_huyết trung_bình hbac phân_tích gộp  tạp_chí tiêu_thụ trái_cây giúp đường_huyết đói   mg dl hiệu_quả cải_thiện chỉ_số hbac phụ_thuộc trái_cây đường_huyết ổn_định người_bệnh hạn_chế  xoài dưa_hấu chuối_nho dứa vị mọng trái_cây chỉ_số gi đường_huyết đột_ngột thưởng_thức người_bệnh kiểm_soát khẩu_phần nghiêm_ngặt chuyên_gia cảnh_báo trái_cây tươi đường_huyết ép trái_cây sấy khô thủ_phạm giấu mặt loại_bỏ chất_xơ cơ_thể hấp_thụ đường nghiên_cứu  tạp_chí ép trái_cây nguyên_chất  tác_động tiêu_cực đường máu tương_tự đồ uống đường thích_hợp bệnh_nhân tiểu_đường làm_thức uống hàng ngược_lại việt_quất dâu_tây kiwi lê táo_ăn vỏ lựa_chọn an_toàn giúp cải_thiện kiểm_soát hbac hiệu_quả nghiên_cứu công_bố  tạp_chí tiêu_thụ giúp cải_thiện chỉ_số hbac khả_năng kiểm_soát ổn_định đường_huyết  xue xiaojing gợi_ý công_thức bữa phụ_lý_tưởng món việt quất trộn phô mai kem hạt việt quất giàu anthocyanin chất chống oxy_hóa chất_xơ kết_hợp phô_mai đường hạt giúp cảm_giác no đường_huyết bình_thường xue lưu_ý rau xanh trái_cây tác_động đường_huyết rau xanh rau lang_súp lơ_rau chân_vịt đường calo giàu khoáng chất giúp viêm ổn_định đường_huyết thoải_mái ngược_lại trái_cây vị tự_nhiên đường fructose đường_huyết người_bệnh tiểu_đường phân_biệt rau ăn_hàng trái_cây   gi thực_phẩm giàu_đạm đường_huyết ổn_định,2,0,0
thói_quen cơm thừa ngăn_mát tủ_lạnh chuyên_gia cảnh_báo hành_động tiềm_ẩn rủi_ro an_toàn thực_phẩm bác_sĩ yên_tông hải giám_đốc trung_tâm độc_chất lâm_sàng bệnh_viện trường canh đài_loan vi_khuẩn bacillus cereus vụ ngộ_độc thực_phẩm quy_mô trường_học trường_hợp bảo_quản thực_phẩm chứa tinh_bột cơm suất cơm hộp mấu_chốt nằm ngăn_mát ngăn đá cơm tủ_lạnh ý_kiến cơm_trắng ngăn_mát chuyên_gia ngành gạo tối_ưu cơm_thừa hộp kín bảo_quản ngăn đá giải_thích nhiệt_độ ngăn_mát lạnh bảo_quản cơm hoàn_hảo hạt cơm ám_mùi thực_phẩm đi độ_ẩm bề_mặt kết_cấu khô cứng kém ngon lý_tưởng chia cơm hộp chuyên_dụng ngăn đá cơm tươi ngon_lò vi_sóng giúp cơm đông_lạnh độ dẻo ngon nấu cơm rã đông xịt một_chút bề_mặt công_suất  w  phút  giây nồi cơm_điện hấp cơm   phút lựa_chọn bác_sĩ yên_việc đơn_thuần đồ_ăn ngăn đá giúp thực_phẩm an_toàn tuyệt_đối mấu_chốt nằm lưu_trữ nghĩa_là thực_phẩm nấu chín tủ_lạnh cơm trắng nhiệt_độ phòng suốt đi cất vi_khuẩn bacillus cereus kịp sinh_sôi tiết độc_tố hôm cơm đi hấp hâm_nóng rang nhiệt_độ tiêu_diệt độc_tố hại ngộ_độc thực_phẩm vi_khuẩn bacillus cereus chia hai dạng dựa tài_liệu giáo_dục sức_khỏe cục quản_lý thực_phẩm dược_phẩm đài_loan ngộ_độc dạng nôn tiêu_chảy dạng nôn chủ_yếu thực_phẩm chứa tinh_bột món gạo người_bệnh triệu_chứng buồn nôn_nôn mửa đau bụng cảm_giác khó_chịu ủ_bệnh ngắn triệu_chứng  phút  đài_loan vụ ngộ_độc thực_phẩm quy_mô suất trường_học bắt_nguồn bảo_quản cơm xâm_nhập vi_khuẩn bacillus cereus dạng ngộ_độc tiêu_chảy bắt_nguồn thực_phẩm đa_dạng bác_sĩ dạng nôn_loại ngộ_độc vi_khuẩn bacillus cereus tiêu_chảy ủ_bệnh tương_đối thực_phẩm kích_hoạt triệu_chứng tiêu_chảy phong_phú xúc_xích sốt mứt salad bánh_pudding bác_sĩ yên nhấn_mạnh độc_tố vi_khuẩn bacillus cereus_tiết khả_năng nhiệt_cực nguồn_gốc hội_chứng độc_tố nôn_bền_bỉ cơm nhiễm_khuẩn đi hâm_nóng rang nhiệt_độ độc_tố tồn_tại phá hủy giải_thích nhiệt_độ ngăn_mát tủ_lạnh duy_trì  độ c nhiệt tác_dụng ức_chế phát_triển vi_sinh_vật tiêu_diệt vi_khuẩn cơm nhiễm_độc_tố nôn vi_khuẩn bacillus cereus độc_tố trở_nên cực_kỳ lì_lợm loại_bỏ phương_pháp hâm_nóng thông_thường bác_sĩ yên y_học khái_niệm gọi_là nhiệt_độ nguy_hiểm  độ c  độ c vi_sinh_vật tụ_cầu vàng staphylococcus aureus vi_khuẩn e_coli bacillus cereus salmonella dễ_dàng sinh_sôi nhân_bản nhanh_chóng khung nhiệt_độ nhiệt_độ trung_bình rơi  độ c nằm nhiệt_độ nguy_hiểm lý_tưởng cất cơm tủ_lạnh vòng mùa hè hai mùa đông duy_trì nhiệt_độ tủ_lạnh  độ c giúp thực_phẩm nguy_hiểm nguy_cơ nhiễm_khuẩn bacillus cereus,2,0,0
  sadie hartley  vô_cùng ngạc_nhiên mở_cửa helmshore lancashire bó hoa tươi phụ_nữ gặp_mặt kịp biến tuần phụ_nữ lạ_mặt_khác gõ_cửa sadie mở_cửa thay_vì hoa cầm súng điện dao đâm  nhát sadie nữ doanh_nhân thành_đạt điều_hành công_ty lĩnh_vực truyền_thông y_tế hai chồng cựu lính cứu hỏa ian johnston  cuộc_sống nhận_xét hạnh_phúc_viên mãn sadie kết_thúc âm_mưu máu_lạnh hai phụ_nữ mua hoa sarah_williams đồng_phạm katrina walsh đôi  kế_hoạch vụ giết hoàn_hảo nhắm sadie katrina tặng hoa sadie thăm_dò lượt sarah tội_ác tuần sarah huấn_luyện_viên trượt_tuyết  coi sadie chướng_ngại_vật tình_bí_mật chồng nạn_nhân ian johnston_ian thừa_nhận tình_thoáng sarah chấm_dứt ly_dị đầu khu trượt_tuyết  tình_nhân hai ian cố_gắng rời sarah ta chiếm_hữu ghen_tuông quan_hệ sarah ian cơ_bản tan_vỡ  ta ám_ảnh người_tình   sarah gửi thư_nặc_danh sadie khoe_khoang quan_hệ tình_dục tuyệt_vời ian lưng vợ_chồng sadie ly_thân ngắn quyết_định sống helmshore sarah gửi nhắn ian chặn   trao_đổi tin_nhắn hình_ảnh khiêu_dâm án_mạng xảy sarah vốn quan_hệ trao_đổi tình_tiền sugar daddy giàu_có  lăng_nhăng đàn_ông ta dường_như si_mê ám_ảnh ian quyết_tâm diệt_trừ vợ vô_tội tình_nhân cũ sarah rủ thân_katrina huấn_luyện_viên cưỡi ngựa  kế_hoạch cảnh_sát đoạn nhật_ký katrina viết âm_mưu tội_ác đoạn có_lẽ đóng vai_trò giúp loại_bỏ phụ_nữ tồi_tệ đôi đức   mua súng điện xe_hơi phương_tiện tẩu_thoát mua giày quá_cỡ đánh_lạc hướng điều_tra_viên tặng hoa thử_nghiệm sadie mở_cửa lạ một_mình quyết_định    chăm_sóc ngựa sadie trở một_mình ian đi trượt_tuyết dãy alps thụy_sĩ sarah katrina biết_điều thiết_bị theo_dõi xác_định ian  h tối sadie tiếng gõ_cửa mở_cửa sarah lao dí súng điện đầu tê_liệt tự_vệ sarah dao đâm_tình địch tổng_cộng  nhát mặc nạn_nhân nằm úp_mặt vũng máu quên đóng_cửa rời hiện_trường katrina tiêu_hủy quần_áo giày dính máu giấu bằng_chứng bao_gồm dao súng_điện trang_trại cảnh_sát phát_hiện án_mạng hôm đồng_nghiệp báo_cáo sadie mất_tích sarah bắt vụ giết máu chứa adn nạn_nhân xe tẩu_thoát bồn tắm sarah hình_ảnh camera giám_sát ghi diễn_tập tuần án_mạng phiên tòa ian_bật khóc nói_hối_hận nhắn nội_dung khiêu_dâm sarah hai kết_thúc tình luồng nhắn bâng_quơ vô_nghĩa khủng_khiếp mất_mát tưởng_tượng nổi ian bày_tỏ   sarah katrina kết_tội giết sarah tuyên_án tù chung_thân thời_hạn tối_thiểu  katrina kết_án tù chung_thân thời_hạn tối_thiểu  thẩm_phán vụ án tội_ác cảm_xúc thời ám_ảnh tàn_nhẫn độc_ác toàn_bộ vụ_việc kế_hoạch diễn_tập chi_tiết phát_biểu tòa_án thanh_tra paul_withers vụ giết vụ ám_sát máu lạnh chủ_ý kế_hoạch cẩn_thận phụ_nữ vô_tội sarah sát_hại sadie katrina giúp_đỡ ta tham_gia sâu kế_hoạch hành_vi tàn_bạo hai tội,0,4,0
luka magnotta cũ eric clinton newman sinh  ontario cặp cha_mẹ teen đi học   bố_mẹ hắn ly_hôn  bố chẩn_đoán mắc bệnh_tâm_thần phân_liệt luka_cáo_buộc mẹ thường_xuyên nhốt mặc_thú cưng chết rét thiếu_niên luka chẩn_đoán mắc chứng_tâm_thần phân_liệt_thể hoang_tưởng giọng đầu hắn học trung_tâm điều_trị tâm_thần  luka kết_tội lừa_đảo  chiếm_đoạt   usd thẻ_tín_dụng phụ_nữ khuyết_tật trí_tuệ hắn  tù treo  quản_chế tòa_án hắn tâm_thần nghiêm_trọng uống thuốc  luka chính_thức đổi cuộc_sống nhập_viện sức khỏe tâm_thần thể_chất luka kiếm tiền nghề mại_dâm thử_sức nghề người_mẫu diễn_viên phim khiêu_dâm đồng_tính vũ_công_thoát y tham_gia truyền_hình  hắn nộp đơn tuyên_bố phá_sản khoản nợ   usd luka đăng_tải video sốc mạng  cảnh làm_ngạt thở mèo mạng luka báo cảnh_sát ban_đầu hắn phủ_nhận thủ_phạm thú_nhận tội_ác email gửi  ám_chỉ mục_tiêu động_vật    luka sát_hại phân_xác jun lin  căn_hộ hắn montreal video mạng báo_cáo video cảnh_sát   jun lin justin lin sinh_viên quốc_tế vũ_hán trung_quốc canada học ngành khoa_học máy_tính lin kết_hôn phụ_nữ ly_hôn canada ta hẹn_hò đồng_tính lin feng    sống feng tài_chính lin tiết_lộ xu_hướng tình_dục gia_đình trung_quốc trai ta feng hai kết_thúc quan_hệ lin bố_mẹ áp_lực kết_hôn phụ_nữ ổn_định cuộc_sống chia_tay quan_hệ bạn_bè thường_xuyên nhắn_tin lin grindr ứng_dụng gặp_gỡ đàn_ông luka lin phản_hồi quảng_cáo craigslist hắn đề_nghị quan_hệ tình_dục yếu_tố trói buộc lin sống tối    camera an_ninh ghi hình_ảnh ta luka tòa chung_cư montreal  h    gói hàng chứa bàn_chân trái gửi trụ_sở đảng bảo_thủ canada đường bưu_điện gói hàng dính máu mùi hôi_thối đánh_dấu biểu_tượng trái_tim màu đỏ gói hàng chứa bàn_tay_trái chặn bưu_điện địa_chỉ gửi đảng tự_do canada ngày_một lao_công phát_hiện bộ_phận thi_thể phân_hủy valy đống rác hẻm tòa chung_cư khu snowdon montreal valy   thu_gom rác_thải hôm hiện_trường cảnh_sát túi rác chứa xác chó quần_áo dính máu cưa máy_dao bộ_phận thi_thể giấy_tờ tùy_thân luka đoạn phim camera giám_sát tòa nghi_phạm túi rác hình_ảnh trùng_khớp nghi_phạm video giám_sát bưu_điện côte des neiges tối   cảnh_sát khám_xét căn_hộ luka thuê hắn  tiền thuê   căn_hộ trống rỗng máu vật_dụng bao_gồm nệm tủ_lạnh bàn bồn_tắm ban_đầu điều_tra_viên luka nạn_nhân thi_thể xác_định danh_tính tối hôm video trực_tuyến cảnh hắn xâm_phạm thi_thể lin điều_tra_viên hình_ảnh camera giám_sát vụ giết luka mặc áo giống_hệt áo lin mặc ghi_chú gói hàng gửi đảng bảo_thủ sáu bộ_phận cơ_thể gửi đi hung_thủ án   gói hàng chứa bàn_chân gửi trường st george gói hàng chứa bàn_tay_phải gửi trường tiểu_học false creek vancouver british columbia hai gói hàng gửi montreal   bộ_phận thi_thể xác_định lin đối_chiếu adn máu adn khắp căn_hộ luka lin cảnh_sát đầu nạn_nhân công_viên   luka trốn đất_nước đội tóc giả máy_bay paris   hắn berlin tiệc_tùng đàn_ông quen_biết mạng frank rubert ban_hành thông_báo đỏ luka chính_quyền canada   thông_báo đỏ quốc_gia thành_viên interpol bắt_giữ tạm_thời luka chờ dẫn_độ canada_luka tội_phạm truy_nã gắt_gao thế_giới    luka quán internet berlin đọc báo frank khuôn_mặt luka trang tờ báo nhân_viên quán internet hắn gọi cảnh_sát chiều hôm luka bắt_giữ quán internet ban_đầu hắn phủ_nhận danh_tính thừa_nhận cảnh_sát tóm hai tuần luka dẫn_độ canada phiên tòa xét_xử   luka thừa_nhận cáo_buộc án trạng_thái rối_loạn tinh_thần trách_nhiệm công_tố_viên lập_luận vụ sát_hại lin tội_ác tổ_chức mục_đích   luka bồi_thẩm đoàn_kết_tội giết cấp_độ xâm_phạm thi_thể phát_tán gửi tài_liệu nội_dung đồi trụy ghê_rợn đường bưu_điện luka kết_án tù chung_thân thời_hạn tối_thiểu xét ân_xá  tội giết cấp_độ cộng  tù tội_danh thi_hành hắn thụ_án tù nhà_tù an_ninh tối_đa quebec mark marek chủ_sở_hữu_trang_web đăng_tải video_man rợ luka buộc_tội suy_đồi đạo_đức công_chúng tội_danh hiếm mark tội  kết_án  tù treo   luka đăng quảng_cáo tìm_kiếm bạch_mã hoàng_tử trang_web kết_nối kết_án quảng_cáo xóa tuần trang_web lá thư tìm_kiếm luka dự_định kết_hôn tù_nhân new brunswick hai hôn_nhân hoàn_tất hiệu_lực mặt pháp_lý sách mẹ luka đồng_tác_giả ra_mắt  luka đầu lên_tiếng công_khai kết_án hối_hận chiến_lược bào_chữa miễn_trừ trách_nhiệm hình_sự rối_loạn tâm_thần hắn bệnh_tâm_thần luật_sư áp_lực buộc hắn chấp_nhận  luka cơ_sở giam_giữ mức_độ an_ninh trung_bình hắn xét ân_xá   ,0,4,0
nạn_nhân epstein dụ_dỗ trang_trại tiền_bạc hứa học_tập nghề_nghiệp lợi_dụng biệt_lập trang_trại khống_chế lên_tiếng đầu  tội_ác che_đậy tài_liệu điều_tra công_bố vai_trò trang_trại zorro vụ bê_bối epstein thu_hút chú_ý gái trẻ tiền tìm_kiếm học_tập việc_làm chuyến đi trang_trại zorro bang new mexico nhà_tài_chính jeffrey epstein giấc mơ khu phức_hợp cổng bảo_vệ nghiêm_ngặt cưỡi ngựa băng cao_nguyên tự_do chụp ảnh dinh_thự rộng   m lái_xe địa_hình bơi_lội đi đường phim mua_sắm tỷ_phú trung_niên hình_ảnh nhà_tài_trợ hào_phóng ước_mơ gái khuyên tiền_mặt ảnh treo epstein chụp chính_trị_gia_doanh_nhân nổi_tiếng vị trẻ quyền_lực giúp_đỡ nạn_nhân chuyến đi dần trải_nghiệm kinh_hoàng epstein chạm đùi bắt cởi_đồ massage tấn_công đồ_chơi tình_dục khu đất biệt_lập gia_đình bạn_bè gái chống ta nạn_nhân  gái chẳng rắc_rối xảy bất_động_sản nổi_tiếng epstein mặt_phố  tầng new york hòn đảo tư_nhân caribbean trang_trại new mexico chú_ý xa_hoa biệt_lập khu đất epstein mua  gia_đình cựu thống_đốc bruce king ta thuê đất chăn_thả chính_quyền giúp kiểm_soát khu_vực rộng_lớn xung_quanh trang_trại nằm sa_mạc rộng_lớn hàng_xóm km epstein nhanh_chóng cải_tạo khu đất xây_dựng hàng chục công_trình gỗ toa tàu cổ lều du_mục tòa thiết_kế phim_trường miền tây ta trang_trại zorro gợi nhân_vật đeo mặt_nạ che_giấu thân_phận nạn_nhân epstein virginia giuffre so_sánh trang_trại disneyland hồi_ký viết khu vườn chăm_sóc tỉ_mỉ đài phun sân tennis đường_băng phủ cỏ chứa máy_bay thị_trấn thu hầu làm_vườn epstein gọi khu lâu_đài  sở_hữu trang_trại epstein   tiếp_đón giao_lưu bạn_bè nổi_tiếng báo_cáo  epstein cộng_sự trang_trại địa_điểm thí_nghiệm chọn_lọc quy_mô phụ_nữ thụ_tinh_nhân_tạo tinh_trùng ta sinh ta bằng_chứng xảy  nạn_nhân trải_nghiệm cơ_quan điều_tra  cáo_buộc epstein dụ_dỗ lạm_dụng trang_trại  một_nửa vị_thành_niên nạn_nhân vòng epstein mua trang_trại địa_điểm ta lạm_dụng phụ_nữ trẻ chiêu dụ_dỗ epstein linh_hoạt hứa giúp_đỡ tài_chính nghề_nghiệp chuyến du_lịch miễn_phí  annie farmer  lo_lắng học_phí đại_học epstein mời trang_trại tỷ_phú tiền vé máy_bay chuyến đi chương_trình tình_nguyện thái_lan farmer đơn_độc trang_trại rộng_lớn khai farmer epstein đồng_phạm đi mua bốt cao_bồi đắt tiền đi phim epstein vuốt ve_tay chạm đùi farmer ép massage chân tỷ_phú hôm epstein bò giường_nằm áp sát âu_yếm hoảng_sợ farmer chạy trốn phòng tắm  epstein dụ_dỗ gái  thăm trang_trại epstein trò epstein gọi phòng tấn_công đồ_chơi tình_dục cảm_giác chết nạn_nhân thừa_nhận lên_tiếng lạm_dụng epstein tiền đe_dọa bịt miệng  annie farmer đặc_vụ fbi điều_tra cáo_buộc chống epstein florida chuyến đi new_mexico epstein maxwell  fbi thu_thập thông_tin nạn_nhân nhân_chứng khắp mỹ điều_tra xảy trang_trại zorro đình_trệ nguyên_nhân xuất_phát thỏa_thuận tội tranh_cãi  bắt bang florida tiền gái vị_thành_niên quan_hệ tình_dục epstein thỏa_thuận công_tố_viên liên_bang khu_vực nam_florida alex acosta phụ_trách thỏa_thuận cho_phép ta tội cáo_buộc tiểu_bang vụ án liên_bang nghiêm_trọng acosta công_tố_viên thỏa_thuận nhận_tội lo_ngại bản_án tội phiên tòa kết_quả nghi_vấn trang_trại zorro bỏ_ngỏ hoàn_thành án tù florida  epstein đăng_ký tội_phạm tình_dục ta sinh_sống new mexico ta đăng_ký tội florida hành_vi sai_trái nạn_nhân  độ phép quan_hệ tình_dục new mexico epstein quan_hệ tình_dục nạn_nhân  florida cáo_buộc bao_gồm thỏa_thuận tội nghĩa epstein trình_diện cảnh_sát new_mexico ta danh_sách trực_tuyến epstein mời nhà_khoa_học nổi_tiếng giám_đốc công_nghệ trang_trại nạn_nhân phụ_nữ tự_xưng priscilla doe đệ_đơn kiện cáo_buộc epstein new mexico   tiền đe_dọa ép_buộc quan_hệ tình_dục bạn_bè nạn_nhân lên_tiếng giuffre bay vòng_quanh thế_giới bao_gồm new mexico  nô_lệ tình_dục epstein sjoberg sinh_viên epstein ép_buộc massage tình_dục trang_trại  loạt điều_tra phanh_phui chi_tiết thỏa_thuận tội  vụ án epstein thu_hút chú_ý công_tố_viên liên_bang new york điều_tra văn_phòng tổng chưởng_lý new_mexico xem_xét hoạt_động trang_trại zorro công_tố_viên liên_bang new york bang tạm dừng điều_tra ảnh_hưởng vụ án liên_bang new mexico đồng_ý   epstein bắt new_york cáo_buộc buôn_bán tình_dục trẻ vị_thành_niên ta phát_hiện chết phòng giam chết epstein hướng điều_tra chấm_dứt   công_tố_viên liên_bang truy_tố maxwell tội giúp epstein dụ_dỗ lạm_dụng gái vị_thành_niên cáo_trạng new york đề_cập khai farmer trang_trại  chứng_minh thủ_đoạn tương_tự maxwell epstein maxwell kết_tội âm_mưu buôn_bán tình_dục nhận_án  tù_đầu  bộ_tư_pháp mỹ công_bố hàng triệu trang tài_liệu điều_tra epstein thông_tin tiết_lộ trang_trại zorro vị nạn_nhân cáo_buộc thông_tin chú_ý email gửi   eddy aragon dẫn_chương_trình phát_thanh new mexico_cáo_buộc hai thi_thể chôn trang_trại xác_minh thông_tin thúc_đẩy chính_quyền bang điều_tra   nhà_chức_trách đầu khám_xét trang_trại  chết epstein nạn_nhân người_thân điều_tra lẽ_ra cổng trang_trại người_dân địa_phương dựng đài tưởng_niệm hoa thánh_giá kêu_gọi công_lý nạn_nhân trang_trại zorro hiện sở_hữu don huffines doanh_nhân chính_trị_gia texas mua di_sản epstein  biến thành khu nghỉ_dưỡng đạo cơ_đốc đổi thành trang_trại san_rafael  cơ_quan quản_lý huffines_ngừng xây_dựng địa_điểm,0,4,0
denise amber lee  xe kẻ bắt_cóc trói bịt mắt cưỡng_hiếp bắt_cóc nhà_riêng chiều    khoảnh_khắc hiếm_hoi hắn xe chộp điện_thoại hắn gọi  cố giành_giật sống cuộc_gọi denise  cuộc_gọi khẩn_cấp diễn phút lái_xe đường gọi  la_hét cầu_cứu vùng_vẫy ghế xe kẻ bắt_cóc chạy ngang phụ_nữ đi đường tốt_bụng máy suốt chín phút liên_tục thông_báo xe thực  thông_tin cảnh_sát lẽ_ra denise phút hàng_loạt sai_sót hệ_thống điều_phối  giải_cứu lỡ hai thi_thể denise phát_hiện mộ nông_denise amber_lee englewood florida thị_trấn ven biển nam sarasota bờ vịnh mexico gái trung_sĩ sở cảnh_sát charlotte quen chồng nathan lee học lớp đại_học kết_hôn  tuổi_sinh hai trai denise luật_sư sinh gác kế_hoạch chăm_sóc gia_đình nathan lee  công_việc nuôi vợ_con chiều    denise cắt tóc trai hiên north port florida đàn_ông michael king lái_xe quanh khu_phố hắn dường_như tìm_kiếm michael_king denise tiếp_cận chứng_kiến toàn_bộ king súng khống_chế bắt_cóc  h nathan lee trở nhà_cửa khóa hai trai ví chìa_khóa điện_thoại denise ổn lập_tức gọi  denise trung_sĩ cảnh_sát tham_gia huy_động lực_lượng tìm_kiếm bốn vụ bắt_cóc denise chộp điện_thoại kẻ bắt_cóc gọi   phút đường_dây hắn hề nhân_viên tổng_đài toàn_bộ diễn đoạn ghi_âm_denise khóc liên_tục cầu_xin gia_đình ơn thả chúa cứu giọng nhân_viên điều_phối thờ_ơ tỏ khó_chịu chào  tiếng khóc denise liên_tục địa_điểm địa_chỉ rời rõ_ràng nạn_nhân trả_lời đầy_đủ denise trả_lời câu nhân_viên điều_phối lặp câu tương_tự trấn_an thể_hiện cảm_thông nhân_viên điều_phối denise_liệu bảo_kẻ bắt_cóc âm_lượng radio cuộc_gọi denise tín_hiệu cầu_cứu duy_nhất  phút phụ_nữ đi đường gọi  denise đập cửa_kính xe kẻ bắt_cóc la_hét cầu_cứu máy suốt  phút suốt cuộc_gọi liên_tục cung_cấp chính_xác xe kẻ bắt_cóc lái đi thông_tin giúp cảnh_sát xe nhân_viên điều_phối cuộc_gọi nhập thông_tin hệ_thống máy_tính sĩ_quan tìm_kiếm dữ_liệu điều_tra thông_tin đi  nhân_viên trực tổng_đài  mâu_thuẫn nói_chuyện denise gọi  michael king dừng xe hắn bình xăng xẻng đèn_pin denise ghế hét gọi cảnh_sát ta michael king chất_đồ xe lái đi nạn_nhân gái gọi  muộn cảnh_sát tưởng denise gái điên_rồ em_trai buộc_tội vụ án hai vụ bắt_cóc thi_thể denise phát_hiện khỏa_thân chôn mộ nông mẹ  bắn phát mắt vô_trách_nhiệm góp_phần kết đau_lòng denise gia_đình khởi_kiện  sở cảnh_sát charlotte đồng_ý dàn_xếp vụ kiện tiền   triệu usd thừa_nhận sai_phạm hai nhân_viên điều_phối đình_chỉ công_tác  vụ án chấn_động bang florida dự_kiến thi_hành án tử_hình michael king tiêm thuốc_độc  h hôm_nay   nhà_tù bang florida raiford luật_sư king tòa_án tối_cao mỹ_hoãn thi_hành án viện_dẫn lo_ngại quy_trình tiêm thuốc_độc văn_phòng tổng chưởng_lý bang florida bác_bỏ lập_luận chiêu_trò câu chồng nạn_nhân hy_vọng khép đàn_ông nathan lee dự_kiến vụ hành_quyết michael king chứng_kiến chồng_con nạn_nhân cha_mẹ anh_trai em_gái chết denise chồng thành_lập quỹ denise amber lee tổ_chức chuyên vận_động cải_thiện hệ_thống tổng_đài khẩn_cấp  toàn mỹ gia_đình tác_động chính_quyền thông_qua đạo_luật denise amber lee thiết_lập tiêu_chuẩn toàn tiểu_bang đào_tạo nhân_viên vận_hành điều_phối tổng_đài  trải  đào_tạo nathan lee đi khắp_nơi câu_chuyện vợ nhân_viên điều_phối khẩn_cấp hy_vọng sai_lầm tương_tự lặp bang tăng_cường đào_tạo nhân_viên điều_phối  vụ án nội_bộ  câu_chuyện denise nổi_tiếng hiếm nhân_viên điều_phối câu_chuyện nỗi đau biến nathan_lee thúc_đẩy an_ủi hy_vọng chết vô_ích,0,4,0
hồ_sơ công_khai dương_tuệ sinh  tỉnh quý_châu_giữ chức bí_thư đảng_đoàn ủy ban y_tế tỉnh quý_châu   điều_tra   bà_tuệ chức bí_thư đảng_ủy kiêm phó chủ_nhiệm trung_tâm kiểm_soát phòng_ngừa dịch_bệnh tỉnh quý_châu  phó chủ_nhiệm ủy ban y_tế kế_hoạch hóa gia_đình tỉnh quý_châu  phó chủ_nhiệm ủy ban y_tế tỉnh quý_châu  đầu  dương_tuệ phim_tài_liệu chiến_dịch chống tham_nhũng quý_châu_thú tham_gia giao_dịch quyền đổi tiền doanh_nhân tích_cực cấu_kết doanh_nhân vơ_vét tiền_bạc lạm_dụng quyền_lực trục_lợi phim_tài_liệu tiết_lộ bí_thư đảng_ủy kiêm phó chủ_nhiệm trung_tâm kiểm_soát phòng_ngừa dịch_bệnh tỉnh quý_châu_dương_tuệ phát_hiện thu_mua thiết_bị y_tế thuốc_men vật_tư tiêu_hao ngành dược_phẩm kiếm dương_tuệ chỉ_thị chu_người tin_tưởng quen_biết chục thành_lập công_ty kinh_doanh thiết_bị y_tế mặt_hàng quyền_lực giúp công_ty phát_triển kinh_doanh biến chu_thành túi_tiền bồi_dưỡng phục_vụ dương_tuệ ban_đầu kế_hoạch bồi_dưỡng túi_tiền dương_tuệ mấy suôn_sẻ phát_hiện túi_tiền dự_án đơn_giản duy_trì hoạt_động chen hệ_thống quan_hệ lợi_ích sẵn ngành dương_tuệ chi ta tự_lập địa_bàn dự_án dương_tuệ ra_sức hoàng_vợ nguyên bí_thư tỉnh ủy quý_châu_tôn chí_cương tôn nâng_đỡ thăng_chức bí_thư đảng_đoàn ủy ban y_tế tỉnh quyền_lực dương_tuệ tuân mệnh_lệnh hoàng trắng_trợn bảo_kê công_ty chu_kiểm_soát nhét túi_tiền đầu  đầu  chu tặng quà dương_tuệ dịp tết_nguyên_đán tết trung_thu tổng_cộng  triệu nhân_dân_tệ ndt tiền_mặt chừng thỏa mãn_lòng tham dương_tuệ   dương_tuệ để_ý biệt_thự quan_sơn hồ thành_phố quý_dương có_giá  triệu ndt  tỷ đồng dương_tuệ biệt_thự do_dự giá cao_chu thuyết_phục dương_tuệ đừng lỡ cơ_hội_đồng_thời đề_nghị giúp giải_quyết tiền_bạc đồng_ý tiền mua biệt_thự dương_tuệ chu_bày_tỏ tiền giúp_đỡ dự_án kiếm tiền tiền mua biệt_thự chu nhanh_chóng đem  triệu ndt tiền_mặt hai chu_lại tiền dương_tuệ tổng_cộng  triệu ndt  giao_dịch chu_cẩn_thận đem tiền tỉnh tài_khoản sắp_xếp đi rút_tiền  thông_qua thủ_đoạn vòng   thành_phố hai mua biệt_thự dương_tuệ dương_tuệ dám ngang_nhiên tiền quan_hệ chu_là trao_đổi lợi_ích hai chu nâng_đỡ tin_cậy mặt_khác dương_tuệ cố_tình tách_bạch quan_hệ chu_dương_tuệ chu công_cộng quen_biết hiếm liên_lạc điện_thoại ứng_dụng nhắn_tin chồng dương_tuệ chu_công_ty chu_dựa dương_tuệ giành dự_án công_ty hậu_thuẫn chu mua biệt_thự giá  triệu ndt dương_tuệ chi   triệu ndt tu_sửa bể bơi xây tốn   triệu ndt biệt_thự bốn tầng thiết_kế xa_hoa nằm bờ hồ công_viên quan_sơn hồ phim_tài_liệu dương_tuệ thừa_nhận đánh lý_trí ham hưởng_lạc trả_giá tham_một biệt_thự xe_hơi tổng  triệu nhân_dân_tệ ta kịp sống biệt_thự điều_tra biệt_thự hằng mơ_ước bằng_chứng phạm_tội chối_cãi biệt_thự đánh_đổi sự_nghiệp chính_trị tự_do ngu_ngốc điên_rồ dương_tuệ    ủy ban kiểm_tra kỷ_luật tỉnh quý_châu thông_báo dương_tuệ khai_trừ đảng cách_chức hủy tư_cách đại_biểu tham_dự đại_hội đảng tỉnh quý_châu  tha_hóa dương_tuệ giới_hạn ta dẫn_đầu vi_phạm kỷ_luật pháp_luật dễ_dãi lơ_là quản_lý băng_hoại kỷ_cương hệ_thống gương xấu dương_tuệ giám_đốc phòng mua_sắm kim_long lợi_dụng chức_vụ giúp doanh_nhân trúng_thầu dự_án y_tế hối_lộ   tand trung_cấp thành_phố an_thuận tỉnh quý_châu công_bố bản_án sơ_thẩm vụ án hối_lộ dương_tuệ thẩm_tra tòa_án kết_luận   dương_tuệ lợi_dụng chức_vụ mua_sắm thiết_bị y_tế ký_kết hợp_đồng dự_án kỹ_thuật điều_chuyển công_tác hối_lộ bất_hợp_pháp tổng_số tiền   triệu ndt  tỷ đồng tòa_án nhận_định hành_vi dương_tuệ cấu_thành tội tiền vi_phạm thành_thật khai tội_lỗi bắt chủ_động tiết_lộ thông_tin cơ_quan điều_tra nắm thái_độ ăn_năn tích_cực hoàn_trả tiền thu lợi bất_chính dương_tuệ hưởng khoan_hồng luật_định kết_án   tù phạt  triệu ndt dương_tuệ chấp_nhận phán_quyết kháng_cáo,0,0,0
emma caldwell tuổi_thơ hạnh_phúc chị_gái qua_đời ung_thư đau buồn emma_sa ma_túy đường mại_dâm kiếm tiền mua thuốc   bố_mẹ emma trình_báo mất_tích liên_lạc phố inglefield glasgow  h    cảnh_sát phụ_nữ  hành_động tình_hình nghiêm_trọng emma phát_hiện thuốc methadone điều_trị nghiện ma_túy gái mại_dâm tuần dắt chó đi dạo rừng limefield thị_trấn biggar_south lanarkshire thành_phố glasgow  km phát_hiện thi_thể khỏa_thân emma mương cạn emma gái mại_dâm  glasgow sát_hại trở_lại dấy nghi_vấn kẻ giết hàng_loạt hoành_hành_cuộc điều_tra chết emma nhanh_chóng thu_hút chú_ý dư_luận ý_kiến bất_đồng nghi_phạm mâu_thuẫn nội_bộ lực_lượng đặc_nhiệm strathclyde glasgow phức_tạp hóa tìm_kiếm kẻ giết bản_chất công_việc emma điều_tra trở_nên mua_dâm giao_dịch bí_mật hành_nghề mại_dâm khu đèn_đỏ glasgow cung_cấp cảnh_sát manh_mối gái mại_dâm quen_thân emma cảnh_sát khách_hàng ám_ảnh emma nấp biển quảng_cáo cố bắt_chuyện emma hắn lái_xe tốc_độ tối_đa hăm_dọa sợ_hãi đi hắn duy_nhất phép tiếp_xúc emma emma đồng_nghiệp hắn cưỡng_hiếp cảnh_sát nghi_phạm điều_tra giúp_đỡ phụ_nữ cảnh_sát xác_định xe van nghi_phạm xe công_ty biển_hiệu sĩ_quan sợi dây_cáp siết cổ_emma dây biển_hiệu đèn neon    cảnh_sát xác_định nghi_phạm iain packer ta phủ_nhận mua_dâm thường_xuyên lui_tới khu đèn_đỏ gái mại_dâm packer đàn_ông phát_cuồng emma thám_tử ảnh gái mại_dâm mô_tả packer hung_hăng_nóng_nảy biện_pháp an_toàn quan_hệ thám_tử tóm hung_thủ điều_tra_viên bảo coi packer nghi_phạm sĩ_quan điều_tra bí_mật riêng_biệt vụ giết  nghi_phạm xác_định điều_tra gọi_là chiến_dịch bảo_vệ đàn_ông thổ_nhĩ_kỳ cuộc_gọi điện_thoại emma tối mất_tích dữ_liệu điện_thoại_di_động emma địa_điểm quán cà_phê thổ_nhĩ_kỳ gái mại_dâm_thường lui_tới abubekir oncu gọi emma phủ_nhận tối gọi điện thừa_nhận quan_hệ thân_mật emma ta khăng_khăng án_mạng thám_tử chiến_dịch bảo_vệ toàn_bộ chú_ý oncu bạn_bè ta tiêu tốn chi_phí giám_sát quán cà_phê   thiết_bị lén thám_tử ban_đầu điều_tra packer gái mại_dâm packer địa_điểm hẻo_lánh glasgow lái_xe mô_tả địa_điểm quen_thuộc thám_tử cánh cổng màu bạc packer dừng xe trái thi_thể emma sĩ_quan thông_báo packer nghi_phạm thông_báo packer loại_trừ diện nghi_vấn hắn thú_nhận sốc quan_hệ emma  hại dựa thú_nhận thám_tử packer khu_vực hắn gái mại_dâm điều_rợn packer thi_thể emma mét sĩ_quan báo_cáo packer kẻ giết phản_hồi packer điều_tra_viên ngừng điều_tra bằng_chứng buộc_tội theo_dõi quán cà_phê thổ_nhĩ_kỳ đoạn hội_thoại ghi_âm sòng bạc nằm cạnh quán cà_phê nhắc cảnh_sát khám_xét sòng bạc quần_áo emma khám_xét quán cà_phê hai vết máu ga trải giường emma bốn_triệu bảng chi điều_tra vụ án emma điều_tra tốn_kém scotland kết_quả bốn đàn_ông thổ_nhĩ kỳ buộc_tội   hóa chuyên_gia điều_tra dịch đoạn ghi_hình giám_sát quán cà_phê sĩ_quan gốc thổ_nhĩ kỳ trình_độ tiếng thổ_nhĩ_kỳ bậc o trình_độ sơ_cấp kia thừa_nhận trình_độ hạn_chế dịch_giả độc_lập mời nội_dung đoạn hội_thoại dịch sai trích_dẫn ngoài_ngữ cảnh máu emma quán cà_phê gái mại_dâm chứng_tỏ đồ_vật sòng bạc xác_nhận emma_cáo_buộc chống bốn đàn_ông sụp_đổ sĩ_quan điều_tra nghi_phạm ban_đầu iain_packer bất_chấp bằng_chứng_chỉ hắn  vụ sát_hại emma khép packer tự_do  hắn tiếp_cận nhà_báo câu_chuyện góc ngạo_mạn nguyên_nhân tàn hắn packer nhà_báo sam_poling phỏng_vấn hai phim_tài_liệu sóng  chương_trình packer công_khai thừa_nhận quen_biết emma mua_dâm hành_vi bạo_lực nói_chuyện sam poling phụ_nữ vẽ chân_dung packer_kẻ bạo_lực tình_dục lạm_dụng phụ_nữ cưỡng_hiếp thiếu_nữ  phim_tài_liệu phát_sóng gái cũ liên_lạc cảnh_sát packer rình_rập tấn_công hắn phạt  tù   tội cảnh_sát thông_tin liên_kết packer vụ sát_hại emma chứng_cứ pháp_lý truy_tố_tội giết packer tù hồ_sơ vụ án năm_xưa điều_tra_viên lật khai cũ đối_chiếu chi_tiết bỏ_qua dấu_vết sức cạnh áp_lực gia_đình nạn_nhân dư_luận buộc điều_tra truy_tìm nguyên_nhân packer thẩm_vấn danh_sách nghi_phạm  đầu  điều_tra_viên củng_cố hồ_sơ chuỗi bằng_chứng kết_quả pháp_y phân_tích liên_kết packer nạn_nhân nữ hành_vi phạm_tội lặp mẫu đất  hiện_trường thi_thể emma độ trùng_khớp  mẫu đất xe van làm_việc packer   packer bắt buộc_tội giết emma hai hắn tòa hàng chục tội_danh bạo_lực_thể_xác tình_dục phụ_nữ phiên tòa phụ_nữ trẻ bật khóc làm_chứng packer cưỡng_hiếp  hắn sát_hại emma vụ tấn_công đau_đớn lẽ_ra xảy hắn kết_tội giết_emma điều_tra ban_đầu cảnh_sát nạn_nhân duy_nhất packer xâm_hại tình_dục  phụ_nữ thi_thể emma rừng   packer  kết_tội giết_emma  tội_danh bao_gồm  vụ hiếp_dâm vụ tấn_công tình_dục tổng_cộng  phụ_nữ hắn kết_án tù chung_thân tối_thiểu  packer liên_kết  vụ sát_hại gái mại_dâm glasgow  vụ giải_quyết nhà_chức_trách điều_tra công_khai sai_sót vụ án gia_đình emma cảnh_sát bỏ_rơi văn_hóa độc_hại kỳ_thị phụ_nữ lạm_dụng quyền_lực packer nhởn_nhơ vòng pháp_luật hãm_hại phụ_nữ tội_phạm học robert_giles iain packer kẻ hiếp_dâm phạm_tội tình_dục lịch_sử scotland hiện_đại,0,4,0
bi_kịch khởi_nguồn quan_hệ phức_tạp_tiêu đào sinh  lý_mai sinh  làm_quen ứng_dụng trò_chuyện   yêu thuê căn_hộ sống  mai hai liên_tục cãi_vã   đào đề_nghị chia_tay chấm_dứt   quyết_định dừng trận cãi_cọ mai quen hàn_siêu đi uống rượu hẹn_hò ngắn chia_tay mâu_thuẫn hẹn_hò chia_tay siêu_mai sống căn_hộ đào quan_hệ mai đào dần hàn_gắn yên_bình phá vỡ loạt cuộc_gọi nửa_đêm  h    siêu gọi điện mai_mong tái_hợp từ_chối ngờ  h siêu say rượu lái_xe căn_hộ mai đào sống hồ_sơ tòa_án siêu_cãi mai cửa tiếng ồn_đào phòng ngủ gia_nhập tranh_cãi đối_phương trai cũ gái đào dao gấp màu đen   cm bàn trà phòng cửa vung dao mặt siêu cãi_vã cãi_vã leo_thang thành ẩu_đả đào túm cổ áo_siêu siêu túm cổ_áo đào đẩy giằng_co đào dao đâm chém_siêu ta ngã đất mai_giật dao gấp đào ném bồn rửa chén đào bếp dao_gọt trái_cây mai giật ném bồn rửa chén mai gọi điện bố đào bảo_mai gọi cấp_cứu cảnh_sát nhân_viên y_tế hiện_trường siêu tử_vong đào cảnh_sát bắt cảnh_sát mẫu máu siêu nồng_độ cồn   mg  ml giới_hạn cho_phép  mg  ml mấu_chốt tranh_cãi vụ án hành_vi đào phòng_vệ chính_đáng cố_ý giết luật_sư bào_chữa đào lập_luận siêu xâm_nhập trái_phép say_xỉn lỗi nghiêm_trọng hành_động đào phòng_vệ chính_đáng coi giới_hạn phòng_vệ chính_đáng hình_phạt hành_vi cố_ý thương_tích chú_ý khai nhân_chứng khai ban_đầu đào siêu tấn_công đổi thành tức_giận túm cổ áo ta siêu hai giật cánh_tay vai khai mai mô_tả ban_đầu siêu_đấm mặt đào thành đào vươn túm cổ áo siêu_siêu vươn túm cổ áo đào đẩy phiên tòa phúc_thẩm tand tỉnh cam_túc kết_luận xảy xung_đột siêu cánh_tay kẹp cổ đào đè ta đào đâm siêu eo trái đâm trọng_yếu ngực bụng siêu buông chi_tiết yếu_tố then_chốt giúp tòa_án xác_định bản_chất hành_vi phạm_tội tình_huống đối_phương tận quấy_rối đêm khuya tòa_án nhận_định hành_động đào cấu_thành phòng_vệ chính_đáng hướng_dẫn áp_dụng chế_định phòng_vệ chính_đáng tand tối_cao vksnd tối_cao công_an trung_quốc ban_hành  xác_định phòng_vệ chính_đáng nắm nguyên_nhân giới_hạn vụ án lập_luận tòa_án bao_gồm hai cốt_lõi xác_định mức_độ xâm_phạm trái_phép tòa_án nhận_định siêu gây_rối nhà_riêng đêm khuya lỗi vụ án đe_dọa nghiêm_trọng tính_mạng tài_sản hành_vi xâm_phạm trái pháp_luật mức_độ nhẹ siêu trái_phép hành_động ta nguy_hiểm nghiêm_trọng an_toàn hai tương_xứng biện_pháp phòng_vệ quy_định hành_vi vi_phạm pháp_luật mức_độ nhẹ hoàn_cảnh hành_vi vi_phạm chủ_thể phương_pháp thương_tích nghiêm_trọng tử_vong ngăn_chặn hành_vi coi phòng_vệ tòa_án hoàn_cảnh hành_vi vi_phạm siêu_đào phòng dao phương_pháp khả_năng chết ngăn_chặn siêu phạm_vi phòng_vệ đào đâm trọng_yếu ngực bụng siêu buông_tay ta tấn_công mai ngăn_cản tòa_án coi cấu_thành ý_định chủ_quan rõ_ràng tước_đoạt mạng sống bất_hợp_pháp   tand trung_cấp thành_phố kim_xương tuyên_án tử_hình đào hoãn thi_hành án hai tội phạt bồi_thường   nhân_dân_tệ gia_đình nạn_nhân đôi kháng_cáo đào hành_vi coi phòng_vệ bản_án bố_mẹ siêu tòa tuyên_tử_hình thi_hành đòi bồi_thường   triệu nhân_dân_tệ   tand tỉnh cam_túc nguyên phán_quyết tòa sơ_thẩm phê_chuẩn án tử_hình treo luật_hình_sự tội_phạm kết_án tử_hình treo tù chung_thân hai cố_ý phạm_tội hoãn thi_hành án cải_tạo tốt_án phạt  tù bản_án hiệu_lực thái_độ hai trái_ngược luật_sư đại_diện gia_đình siêu phán_quyết bố_mẹ siêu kiên_quyết tha_thứ đào đệ_đơn xét_xử vụ án tòa_án tỉnh cam_túc phiên tòa ban_đầu đầy_đủ hành_vi siêu đột_nhập trái_phép dân say_xỉn bạo_lực áp_chế vụ án thu_hút chú_ý rộng_rãi chạm lo_sợ đột_nhập đêm quyền dao mặt pháp_lý quyền phòng_vệ phương_pháp phòng_vệ tương_xứng mức_độ nghiêm_trọng hành_vi vi_phạm luật_pháp cho_phép phòng_vệ giới_hạn hành_vi vi_phạm mức_độ nhẹ cán_cân công_lý bảo_vệ chủ kẻ xâm_nhập trái_phép mà_còn bảo_vệ kẻ xâm_nhập trả_thù,0,4,0
vợ động kinh_cô vườn ian stewart khóc điều_phối_viên cuộc_gọi khẩn_cấp    ta khai trở vợ diane stewart gục ngã phơi quần_áo cố_gắng hết_sức cứu sống hồi_sức tim phổi bất_thành diane stewart thư_ký trường_học  qua_đời nhà_riêng bassingbourn cambridgeshire biến_chứng bệnh_động kinh_dù động kinh_nào suốt  chết đột_ngột kết_luận dấu_hiệu ngờ sáu   ian trình_báo vợ hai helen bailey mất_tích ian quen_biết helen thông_qua trực_tuyến thân_nhân  ta đau_buồn chết diane helen chồng chết_đuối kỳ_nghỉ barbados nỗi đau viết blog chuyển_thể thành sách thành_công hai ian liên_lạc helen hai nhà_riêng mua rộng_lớn trị_giá   triệu bảng hồ bơi ngoài_trời royston hertfordshire helen mất_tích cảnh_sát thi_thể nữ tác_giả  chó cưng bể phốt ian bị_cáo buộc lén_chuốc thuốc_mê siết cổ_helen chiếm_đoạt khối tài_sản  triệu bảng vợ ian kết_tội giết helen  chết diane điều_tra nghi_ngờ động_kinh tử_vong hiếm điều_tra trở_ngại thi_thể diane hỏa_táng xét_nghiệm độc_chất học đầy_đủ khám_nghiệm tử_thi  ian lựa_chọn hỏa_táng thi_thể diane đăng_ký hiến tặng não nghiên_cứu y_học đồng_ý ian đồng_ý bằng_chứng phá hủy kiểm_tra kỹ_lưỡng mô_não diane giáo_sư safa_al sarraj chuyên_gia thần_kinh_học phát_hiện não diane máu cục_bộ giai_đoạn động_kinh định_nghĩa chuyên_gia tổn_thương tế_bào oxy máu diane chết hạn_chế hô_hấp  phút bác_sĩ chuyên_khoa thần_kinh kieren allinson phát_hiện bằng_chứng rõ_ràng động_kinh xảy loại_trừ khả_năng sudep người_bệnh động_kinh đột_tử nguyên_nhân chuyên_gia bệnh học nat_cary làm_chứng phiên tòa xét_xử vụ giết helen  sudep nguyên_nhân chết diane khả_năng ngạt thở cản_trở cơ_chế hô_hấp thuốc cary bồi_thẩm_đoàn vết_thương cơ_thể diane vốn ngã bêtông co_giật phát_hiện khoa_học đột_phá góp_phần kết_tội ian  chết diane   ian  kết_tội giết_diane nhận_án tù chung_thân ân_xá ian tội gọi bản_án sai_lầm tư_pháp nghiêm_trọng phiên tòa tuyên_án tòa đại_hình huntingdon thẩm_phán mô_tả cuộc_gọi khẩn_cấp ian hè  màn_kịch đầu tội_ác ian thẩm_phán tuyên_bố phiên tòa xét_xử động_cơ vụ giết_diane lợi_ích tài_chính ian    bảng diane qua_đời tiền bảo_hiểm nhân_thọ tiền tiết_kiệm hưởng   triệu bảng helen qua_đời thẩm_phán ian thành_công ngụy_tạo vụ giết thành động_kinh dàn_dựng màn_kịch công_phu tinh_vi kéo_dài thẩm_phán màn_kịch thành_công lẽ_ra thành_công mãi_mãi vụ sát_hại helen bailey hiến tặng não diane mục_đích giảng_dạy nghiên_cứu bản_án kết_tội giết diane stewart hôm_nay thẩm_phán  ian kháng_cáo thành_công án thành tù chung_thân thời_hạn tối_thiểu  vụ án câu cách_thức khám_nghiệm tử_thi não_bộ dấu_hiệu tiềm_ẩn chết ngờ james grieve chuyên_gia pháp_y scotland  ca khám_nghiệm tử_thi mô_hình thần_kinh học huyết_áp vết sẹo tổn_thương não dấu_hiệu báo tiềm_tàng pháp_y tìm_kiếm mô_hình phân_bố thần_kinh xem_liệu tổn_thương não nghiêm_trọng xuất_huyết_não yếu_tố bao_gồm huyết_áp ảnh_hưởng mạch_máu vết sẹo khối_u chuyên_gia tùy trường_hợp phụ_thuộc yếu_tố hoàn_cảnh tiền_sử bệnh_lý yếu_tố grieve lưu_ý kỹ_thuật nhuộm beta app chuyên_biệt nhà_thần_kinh_học áp_dụng giúp biến_đổi mô_hình tổn_thương não_bộ điều_tra án_mạng kỹ_thuật giúp xác_định liệu tổn_thương não chấn_thương đầu lắc tác_động_lực cùn xảy   phút tử_vong grieve khám_nghiệm não kết_cấu não thạch cắt mẫu đòi_hỏi kỹ_năng cẩn_trọng bất_chấp thách_thức nhấn_mạnh não_bộ cơ_quan vô_cùng thiết_yếu kiểm_tra cẩn_thận trường_hợp nghi_ngờ bất_thường khám_nghiệm hộp sọ chết trường_hợp vụ ian_stewart yếu_tố then_chốt grieve,0,4,0
 h    giang hồng_tiêu  đi chung_cư công_viên chai wan đường tsui_wan thường_lệ  phút ghế kẻ đột_ngột xông rút búa túi_xách đập đầu ngực ngã gục kẻ tấn_công nhanh_chóng biến tiêu bệnh_viện tử_vong  cấp_cứu trưa hôm cảnh_sát khăn giấy dính máu đường bãi đậu xe hung_thủ_vứt máu khăn xác_nhận tiêu_cảnh khuyển dấu_vết hai nhà_vệ_sinh nam công_viên chai wan manh_mối báo_cáo khám_nghiệm tử_thi tiêu đánh bốn phát thái_dương vỡ hộp sọ đánh hai phát ngực gãy  xương_sườn cách_thức án vô_cùng tàn_nhẫn chuẩn_xác nhân_viên hàng đứng hiện_trường án_mạng  m mô_tả hung_thủ    m tóc đen mặc áo_phông màu quần tối màu đi xăng đan xách túi_nylon màu đỏ xanh lá nhân_chứng hà sống khu tsui wan tình_cờ băng ghế đối_diện tiêu công_viên hà mô_tả kẻ tấn_công đàn_ông có_tuổi thấp_bé gầy_gò mặc áo_phông màu quần_đen hắn tấn_công liên_tiếp  giây bình_tĩnh khăn giấy túi_xách lau máu cất_búa túi đi bãi đậu xe chết tiêu  vụ tấn_công cao_tuổi khu đông xảy đầu  chết  bị_thương phân_tích cảnh_sát vụ_án ngẫu_nhiên tương_đồng vụ thành triệu tiêu  h   thành  đàn_ông trung_niên mặc áo_phông vàng tấn_công sắt đi ngang cổng trường trung_học_cạnh công_viên chai wan may_mắn kẻ tấn_công đánh trúng chỗ hiểm thành lực chống_trả kẻ tấn_công rút_lui  h   triệu  uống trà khu tsui_wan đàn_ông đội mũ_lưỡi trai đeo khẩu_trang đánh gáy ấm trà triệu ngã gục bàn_kẻ tấn_công vứt ấm trà chạy địa_điểm tấn_công trung_bình  m cư_dân khu tsui_wan thành tiêu hàng_xóm  triệu tụ_tập uống trà trò_chuyện nhân_chứng vụ án thủ_phạm   m vóc_dáng gầy_gò vụ án nạn_nhân mô_tả thủ_phạm     m vạm_vỡ hàng_xóm lão quen_biết thường_tán tỉnh phụ_nữ biệt_danh mắt người_nhà tiêu thành ngoại_tình quen_biết mắt cảnh_sát phát_hiện danh_bạ điện_thoại thành tiêu thông_tin liên_lạc bôi đen thành giải_thích điện_thoại cũ qua_đời nhận_định thành giấu_giếm thông_tin cảnh_sát ta đồn thẩm_vấn thành thú_nhận tiêu triệu tán tỉnh phụ_nữ biệt_danh mắt thành che_giấu sự_thật gia_đình lầm mắt lương phụng  vốn_sống khu ổ_chuột shau kei wan chồng qua_đời ung_thư gan khu dân_cư tsui_wan quen_biết tiêu đi vụ_việc xảy thời trẻ lương phụng vóc_dáng mảnh_mai ăn_mặc sành_điệu đàn_ông chú_ý bệnh tiểu_đường trước_mắt trái đột_nhiên đi_lại biệt_danh mắt thành quan_hệ tình_ái trêu ghẹo khiếm_nhã nghi_ngờ thủ_phạm ái_mộ án tức_giận lão cảnh_sát danh_sách bạn_bè nam_giới danh_bạ điện_thoại điều_tra kết_quả  h    đi dạo công_viên chai wan nhân_chứng hà đàn_ông lớn_tuổi gầy_gò   m đối_diện lập_tức kẻ tấn_công tiêu   lặng_lẽ đi hắn khu dân_cư tsui wan trình_báo cảnh_sát xem_xét dữ_liệu camera giám_sát tòa thẩm_vấn cư_dân xác_nhận nghi_phạm căn_hộ  tầng  vờ kiểm_tra đồng_hồ xông bắt chủ dư_trọng_tinh  cảnh_sát thu  búa gỉ sét căn_hộ bọc tờ báo xảy vụ án thu_giữ máy giặt áo sơ_mi dính máu đôi giày vải trắng một_đôi dép xăng đan quần_jeans hai quần_shorts thẩm_vấn tinh từ_chối hợp_tác ngủ xảy vụ_việc hề dữ_liệu video giám_sát ta mặc áo_phông màu xanh nhạt_quần tối màu đi dép xăng đan túi nylon màu đỏ xanh lá rời tòa   trùng_khớp nhân_chứng ta trở  h  phút án_mạng xảy tinh buộc_tội giết tấn_công thương_tích ta từ_chối khai_động_cơ án cảnh_sát định triệu_tập mắt làm_chứng ta lộ vẻ hoảng_sợ mắt liên_lụy hợp_tác điều_tra khai cuộc_sống độc dư_trọng_tinh trầm_cảm  ta tệ tự_tử   tinh người_tình mộng lương phụng hai hàng_xóm shau kei wan vợ tinh vừa_qua_đời  bất_chấp chênh_lệch  tinh liên_tục tấn_công xiêu_lòng kết_hôn bố_mẹ lương phụng phản_đối tinh thợ đóng thuyền góa vợ nuôi bốn đứa mai_mối gái tài_xế xe_tải trẻ sắp_xếp đám_cưới  phá vỡ ảo_tưởng tinh tinh hề tình_cảm vợ lương phụng tình_đầu nữ_thần ta yêu chia_cắt ta vô_cùng đau_khổ mắc bệnh_tâm_thần liên_lạc tình_cờ khu tsui_wan tòa chồng qua_đời tinh theo_đuổi tình_đầu cầu_hôn từ_chối vừa_qua_lại tinh tận_hưởng săn_đón lão xung_quanh uống trà cơm khiêu_vũ mắt tinh tình_địch loại_bỏ đối_thủ ta gửi nặc_danh vợ_con nỗ_lực đàn_ông góa vợ sống vợ ta tố_cáo tiêu thành triệu đầu  tinh cầu_hôn thẳng_thừng từ_chối cắt đứt liên_lạc lão kia quyến_rũ tinh_thề dạy bài_học trưa   xách sắt kích_thước x_cm đi tinh_tình_cờ bắt_gặp tình địch hai thành thành đi tinh_nổi thịnh_nộ đuổi đánh nạn_nhân chống_trả  h   uống trà khu tsui wan tinh_nhìn tình địch triệu ta nhanh_chóng chạy thay quần_áo đeo khẩu_trang đội mũ quán trà tấn_công triệu   đường đi chợ tinh tình_địch số_một tiêu uống trà nghi_ngờ tiêu đợi hẹn_hò nữ_thần ta ghen_tuông chạy búa sắt chờ kết_liễu tình_địch công_viên thừa_nhận quan_hệ tình_cảm tinh chia_tay trai kịch_liệt phản_đối quan_hệ đứng đắn nạn_nhân hẹn_hò hàng_xóm đơn_giản cơm uống trà trò_chuyện tiếp_xúc thân_thể khiêu_vũ đi dạo    tinh tội giết tòa tội ngộ_sát cố_ý thương_tích nghiêm_trọng tinh_mắc bệnh_tâm_thần tòa_án chấp_nhận đơn tội ngộ_sát xác_định ta phạm_tội ảnh_hưởng yếu_tố bao_gồm tổn_thương mặt tình_cảm tái_phát bệnh trầm_cảm nhân_thân tiền_án tiền_sự tinh kết_án   tù,0,4,0
ngủ collier landry giật_mình tiếng hét chói_tai hai tiếng_động  giây bé  kéo chăn trùm kín_mặt chân nặng_nề đi ngang cửa phòng ngủ đồng_hồ phát tường  h collier nín thở hoang_mang xảy tiếng chân_thoáng dừng hành_lang kiểm_tra collier thức dậy dần biến trời collier mẹ noreen boyle  bố collier bác_sĩ john_boyle ghế sofa phòng mansfield ohio bình_tĩnh trai noreen rời đi nghỉ_mát nghi_ngờ collier john bố động ngón mẹ_con collier bố vết bầm tím vết cắt trầy_xước ta đe dọa trừng_phạt bé gọi cảnh_sát báo_cáo mẹ mất_tích collier lo_lắng mẹ bé một_mình mùa lễ_hội quyết_tâm sự_thật collier gọi điện mẹ noreen khuyên liên_lạc phụ_nữ trường_hợp khẩn_cấp cuộc_gọi điều_tra cảnh_sát collier nhân_chứng john noreen boyle gắn_bó thời niên_thiếu bạn_bè noreen john thường_xuyên ngoại_tình đồng_nghiệp john phòng_khám cảnh_sát ta thường_xuyên đi gái tán tỉnh y_tá chẳng_mấy_khi vợ_con y_tá quan_hệ tình_cảm john ta trở_nên kiểm_soát sợ florida collier bố nóng_tính nổi_giận bé dè_dặt cạnh bố nỗi sợ bạo_lực thường_trực gắn_kết collier mẹ mẹ bảo_vệ dựa tìm_kiếm cảm_giác an_toàn collier noreen mất_tích collier hôn_nhân bố_mẹ rạn_nứt john ngủ ghế sofa   collier bữa tiệc bố phụ_nữ trẻ sherri lee campbell hai cha_con tình_cờ sherri_collier để_ý ta đeo nhẫn kim_cương thiết_kế mẹ đi khám bệnh bố_collier chứng_kiến bố sherri đi dạo nắm trao nụ hôn_vụng trộm john bố giúp đừng mẹ sherri collier mẹ bố ngoại_tình cãi_vã cặp vợ_chồng    noreen đệ đơn ly_hôn mâu_thuẫn cặp đôi leo_thang john_đe dọa hủy_hoại cuộc_sống noreen an_toàn collier điện_thoại thân_thiết mẹ collier bố_con mẹ đi gọi bạn_bè mẹ bảo liên_lạc cảnh_sát điều_tra mẹ biến collier khai tòa bé giấu tờ giấy điện_thoại mèo nhồi garfield tủ phòng ngủ hề tuần hai đệ đơn ly_hôn_noreen biến nghi_ngờ collier gọi điện bạn_bè mẹ báo cảnh_sát    thám_tử dave_messmore sở cảnh_sát mansfield tận boyle cảnh_sát dựa khai đứa trẻ  hiếm collier liên_tục mẹ bất_trắc sâu thám_tử messmore phát_hiện cặp đôi ly_hôn căng_thẳng tranh_chấp tiền cấp_dưỡng tiền nuôi con_nợ thẻ_tín_dụng tài_chính hai tuần mẹ mất_tích collier ảnh ngăn chứa đồ xe_tải bố phát_hiện hướng điều_tra ảnh john ôm sherri cạnh lò_sưởi bé phụ_nữ thai collier thông_tin messmore thám_tử phát_hiện john dự_định đóng_cửa phòng_khám ohio công_việc béo_bở erie pennsylvania messmore điều_tra john mua erie    sherri ký_tên giấy_tờ bất_động_sản tư_cách vợ john môi_giới bất_động_sản john đòi    ta xây đất sàn tầng hầm hạ sàn bóng_rổ trai collier bố bóng_rổ truy_dấu hóa_đơn mua_sắm john thông_qua tài_khoản ngân_hàng cảnh_sát phát_hiện ta mua xi_măng thảm_trải sàn noreen mất_tích ta viết séc cửa_hàng vật_liệu xây_dựng thuê máy_khoan bê_tông kỳ_nghỉ khám_xét mansfield thu bất_kỳ_manh_mối điều_tra_viên lệnh khám_xét erie    phát_hiện thảm màu xanh lá tầng hầm hoàn_thiện gỡ lộ mảng bê_tông đổ hình_dạng mộ phá vỡ lớp bê_tông thi_thể noreen  cm thi_thể chấn_thương đầu trùm túi nylon màu trắng ngạt thở nhân_viên pháp_y   john tòa cáo_buộc giết vợ collier nhân_chứng chủ_chốt công_tố giúp cảnh_sát chứng_minh bố sát_hại mẹ mà_còn làm_chứng chống bố phiên tòa xét_xử đòi công_lý mẹ kẻ hại tù_collier bồi_thẩm_đoàn collier mô_tả âm_thanh đêm bé thái_độ bố mẹ mất_tích hôm noreen mất_tích john mcdonald s bánh_kếp cư_xử mẫu_mực hoàn_hảo collier khai tòa công_tố_viên bằng_chứng john kế_hoạch giết vợ người_tình thai ta rũ vợ tài_sản john phủ_nhận trách_nhiệm chết noreen thi_thể tầng hầm erie phiên xét_xử john bồi_thẩm đoàn_kết_tội giết kết_án tù chung_thân thời_hạn tối_thiểu  công_tố từ_ngữ rùng_rợn miêu tả_vị bác_sĩ ban_ngày thầy_thuốc ban_đêm kẻ sát_nhân collier boyle bố kết_tội collier cha_mẹ nhà_cửa chó cưng đứa trẻ gia_cảnh sung_túc_collier kẻ giết nạn_nhân bé gia_đình thám_tử messmore cưu_mang ngắn cặp vợ_chồng mansfield nuôi ám_ảnh chết mẹ collier liên_lạc bố tù ta kết_tội thư   collier thẳng bố giết mẹ bày_tỏ yêu bố bố tổn_thương bố bố ơn_bố john kháng_cáo bản_án đáp lá thư gọi collier kẻ nói_dối thúc_giục rút khai collier từ_chối john gửi lá thư  trang   bé ảo_tưởng collier cắt đứt liên_lạc bố xây_dựng cuộc_sống gia_đình nuôi học chuyên_ngành biểu_diễn thanh_nhạc đại_học ohio học los angeles phim podcast tự_do rời mansfield chằm_chằm thì_thầm los angeles câu_chuyện collier collier_nối liên_lạc john đầu  podcast hai hiện thường_xuyên nói_chuyện điện_thoại gặp_mặt collier thăm bố tù  john hiện  căm_thù_bố nghĩa_là nắm đi đường ổn collier chương_trình john đầu_thú_nhận giết vợ tai_nạn ta noreen tử_vong đập đầu_vào ghế_đẩu cãi_vã dữ_dội ta túi nylon che đầu vợ tội_lỗi tối hôm ta thi_thể xe lái erie hôm thám_tử messmore câu_chuyện john messmore bác_sĩ lẽ_ra ta điều_trị vết_thương vợ ta vứt vợ cuộc_sống người_tình thai collier chết mẹ tai_nạn,0,4,0
stephanie hansen nhận_xét làm_bạn yêu_mến  để_ý đồng_nghiệp trưa một_mình căng công_ty stephanie thương bắt_chuyện ta vốn trầm_lặng khép_kín sheldon_rodrigues vui_mừng trò_chuyện căng ta nhanh_chóng nảy_sinh tình_cảm stephanie tỏ_tình suốt  từ_chối  sheldon nhắn đau_lòng stephanie đáp ta dường_như chấp_nhận đề_nghị phẫu_thuật thẩm_mỹ chỉnh_sửa ngoại_hình   sheldon thuyết_phục stephanie thuê rộng_rãi vườn phòng ngủ tiết_kiệm phí sinh_hoạt london đắt_đỏ sheldon trở_nên kiểm_soát stephanie khó_chịu gia_đình bạn_bè ta vô_hại stephanie bắt_đầu_mối quan_hệ tình_cảm đồng_nghiệp sheldon ghen_tuông điên_cuồng liên_tục nhắn hàng trăm nhắn whatsapp bày_tỏ tình_yêu cảnh_báo trai    sheldon gọi khẩn_cấp trình_báo stephanie  chết giường hiện_trường cảnh_sát máu vương_vãi khắp_nơi phòng ngủ stephanie nạn_nhân  vết đâm  vết_thương lực vật_lý tác_động cơ_thể quanh đầu mặt cổ dao vết đâm dấu vân_tay dính máu máy_sấy tóc quạt phòng ngủ stephanie vật_dụng hung_khí tấn_công nạn_nhân sheldon  bày_tỏ nghi_ngờ trai stephanie nhân_viên giao hàng celso cabillan ta thám_tử trai hai đêm ca đêm ta rời đi kết_thúc ca làm_việc phòng ngủ cảnh_sát gói băng_gạc mua hiệu thuốc sheldon giải_thích đứt_tay thái thịt gà giáng_sinh bàn_tay băng_bó khai ngờ cảnh_sát tạm ta điều_tra thẩm_vấn sheldon hướng cảnh_sát trai stephanie celso đe dọa kẻ celso tự_nguyện cung_cấp adn dấu vân điện_thoại_di_động cảnh_sát ta stephanie sát_hại xác_thực hẹn stephanie tối   celso rời đi  h hôm hai trao_đổi tin_nhắn stephanie sống sheldon tạm đồn cảnh_sát điều_tra hé_lộ nỗi ám_ảnh ghen_tuông sheldon stephanie loạt nhắn_whatsapp tuyên_bố tình_yêu bất_diệt stephanie liên_tục ta dừng làm_bạn sheldon quấy_rối cảnh_sát   nhắn_whatsapp kéo_dài  kết_thúc celso nhắc sheldon chiếm_hữu ghen_tuông sheldon đi nghỉ quê ấn_độ celso thăm stephanie loạt nhắn ta bày_tỏ tức_giận đàn_ông stephanie ta theo_dõi ghen_tuông số_lượng nhắn_sheldon gửi stephanie đùa lửa đấy kết_thúc thế_này chia_rẽ đoạn hội_thoại quan_hệ tình_cảm sheldon nhắn_liệu stephanie trả_lời lùi làm_bạn stephanie lucy xác_nhận say_xỉn chuyến đi giáng_sinh công_ty ngủ sheldon sai_lầm tồi_tệ mắc lucy khám_xét kỹ_lưỡng cảnh_sát phát_hiện thiết_bị giám_sát ngụy_trang dạng chuyển_đổi phích cắm kết_nối điện_thoại sheldon gọi điện ta tiếng_động cho_phép ta diễn áo_khoác đi sheldon hành_lang cảnh_sát phích cắm usb gắn camera gián_điệp đầu sheldon cảnh_sát mua thiết_bị an_ninh ta  lén stephanie thiết_bị giám_sát giấu kín khắp sheldon theo_dõi trai stephanie  bảng thuê bám celso ta liên_tục đe_dọa tấn_công bạo_lực cặp đôi tài_khoản mạng xã_hội giả_mạo hai liên_hệ tuyển_dụng sa_thải    celso stephanie  h sheldon đi ca đêm dữ_liệu điện_thoại sheldon lén trò_chuyện quan_hệ tình_dục cảnh_sát ta kiểm_soát giận_dữ làm_việc án  h   sheldon xác stephanie phòng ngủ  gọi khẩn_cấp giả_vờ phát_hiện thi_thể dữ_liệu video giám_sát sheldon mua băng_gạc cửa_hàng  h   trở gọi đồ_ăn camera giám_sát làm_việc vạch_trần lời_nói_dối sheldon ta đập đồng_nghiệp   bàn_tay ta dao cắt giáng_sinh video vết_thương ta chết stephanie mặc áo ngủ chân giọt máu hình_tròn trông rơi xét_nghiệm adn xác_nhận sheldon vết máu quạt máy_sấy tóc stephanie dấu vân sheldon phiên tòa xét_xử sheldon phủ_nhận giết cố đổ lỗi trai stephanie hàng nghìn nhắn_whatsapp đọc tòa say_mê tuyệt_vọng sheldon dần  vụ giết ta tìm_kiếm internet phụ_nữ yêu    sheldon kết_tội giết nhận_án tù chung_thân thời_hạn tối_thiểu  suốt tòa ta cúi_đầu biểu_lộ cảm_xúc,0,4,0
 h    faith westman gọi điện cảnh_sát thị_trấn haverhill new hampshire báo_cáo vụ tai_nạn xe_hơi quốc_lộ  saturn màu đen dường_như mắc_kẹt mương nhân_viên trực tổng_đài cử sĩ_quan hiện_trường  h nhà_chức_trách cuộc_gọi vụ tai_nạn tài_xế xe_buýt butch atwood báo_cáo tài_xế phụ_nữ trẻ hoảng_loạn bị_thương atwood đề_nghị gái gọi cảnh_sát hiện_trường tai_nạn gọi dịch_vụ cứu_hộ atwood gọi cảnh_sát hiện_trường  m xe gái xe đi ngang đoạn đường  h_viên cảnh_sát hiện_trường nữ tài_xế trẻ tìm_kiếm sơ_bộ nhà_chức_trách xác_định phụ_nữ mất_tích maura murray  sinh_viên ngành điều_dưỡng đại_học massachusetts amherst rời khuôn_viên trường hôm new hampshire maura biến haverhill tối   bố_mẹ ly_dị maura  miêu_tả ta học giỏi vận_động_viên điền_kinh học_viện quân_sự west_point đại_học massachusetts học ngành điều_dưỡng maura_học bình_lặng mất_tích maura bắt thẻ_tín_dụng đánh_cắp cáo_buộc bãi_bỏ hành_vi    bốn biến maura trò_chuyện điện_thoại chị_gái kathleen rắc_rối chứng nghiện rượu cuộc_gọi maura suy_sụp ký_túc_xá giáo_viên hỏi_thăm tiết_lộ bố maura fred amherst    đi mua xe gái ăn_tối trở_lại nhà_nghỉ maura mượn xe lái ký_túc_xá dự_tiệc tối hôm đường rạng hôm maura đâm xe bố rào_chắn dọc đường maura bị_thương xe hỏng fred bảo_hiểm chi_trả phí sửa_chữa miễn_là maura giấy_tờ cần_thiết cơ_quan đăng_ký xe_cơ_giới buồn_bã tai_nạn maura ổn bố trở_lại ký_túc_xá hôm    maura gửi email giáo_sư thông_báo nghỉ tuần người_thân qua_đời gửi email trai bill rausch trung_úy quân_đội oklahoma hứa gọi điện maura gọi chủ căn_hộ bartlett new hampshire gia_đình phòng maura gọi đường_dây_nóng phòng khách_sạn stowe_vermont phòng internet đường burlington vermont dự_kiến maura đi  h maura lái_xe máy atm khuôn_viên trường rút  usd cửa_hàng rượu mua  usd tiền rượu ghé cơ_quan đăng_ký xe_cơ_giới giấy_tờ vụ tai_nạn  h maura gọi hộp thư_thoại điện_thoại thông_tin tung_tích maura chạy xe loanh_quanh amherst tai_nạn haverhill khả_năng xảy  h  h cuộc_gọi  hai người_dân địa_phương báo_cáo vụ tai_nạn lần_lượt  h  h  h_maura biến mất_viên cảnh_sát hiện_trường phát_hiện xe hư_hại tài_xế xe khóa túi_khí bung ra_viên cảnh_sát lập biên_bản bằng_chứng hiện_trường xe lao đường di_chuyển hướng đông đâm xoay_tròn dừng làn_đường ngược chiều cảnh_sát hộp rượu ghế lái chất lỏng màu đỏ cửa ghế lái trần xe cảnh_sát phát_hiện chai coca cola chứa chất lỏng màu đỏ mùi cồn nồng_nặc bản_đồ đường burlington vermont dấu_hiệu rõ_ràng hành_vi phạm_tội dấu chân tuyết khu rừng tìm_kiếm nhà_chức_trách rà_soát khu_vực tây hiện_trường đi đông fred thông_báo gái mất_tích  vụ tai_nạn chỉ_trích cảnh_sát tìm_kiếm con_bé đi đông hướng thị_trấn bartlett fred nhật_ký cuộc_gọi maura cân_nhắc thuê phòng bartlett chỉ_dẫn bản_đồ xe cảnh_sát hướng burlington maura kế_hoạch rời đi phòng đi cảnh_sát maura cố tự_tử thông_cáo báo_chí hai mất_tích maura ý_định tự_tử fred phủ_nhận con_bé trạng_thái tinh_thần lo_lắng trốn chạy cuộc_sống phủ_nhận maura đối_mặt mất_tích người_thân maura đơn_giản chạy trốn rắc_rối dấu_hiệu ý_định biến vĩnh_viễn_đáng chú_ý khám_xét phòng ký_túc_xá maura đóng_gói đồ_đạc thùng rời đi thùng email gửi trai in nêu chi_tiết quan_hệ maura đồ_đạc xe vật_dụng bao_gồm điện_thoại_di_động lô điện_thoại maura tài_khoản ngân_hàng hoạt_động maura mất_tích  manh_mối bế_tắc suy_đoán giả_thuyết ban_đầu cảnh_sát vụ mất_tích maura kế_hoạch tự_tử ám_ảnh ý_nghĩ tự_tử vụ tai_nạn xe_hơi người_thân_thiết tự_kết liễu đời rắc_rối xảy vật_dụng maura đóng_gói xe thuốc thai kem trắng_răng sách_giáo_khoa đại_học ý_định tự_tử hôm giả_thuyết maura hoảng_loạn tai_nạn hư_hại xe bố trốn khu_vực rắc_rối_xét rượu hiện_trường chai coca cola khả_năng chứa rượu nhà_chức_trách maura uống rượu mạo_hiểm_phá hỏng hồ_sơ hành_vi vụ gian_lận thẻ_tín_dụng khu rừng hiện_trường tai_nạn ẩn_náu thời_tiết ấm_áp ngoài_trời lạnh dấu chân tuyết rừng nghĩa_là maura rời đi quốc_lộ khả_năng di_chuyển đông hiện_trường khu_vực kiểm_tra tìm_kiếm ban_đầu nhà_thầu đi ngang quốc_lộ  tối báo_cáo trẻ đi hướng đông hiện_trường vụ tai_nạn dặm  h  h nhà_thầu báo_cáo vụ_việc ban_đầu chính_xác hiện rõ_liệu maura giả_sử_maura tự_tử chết thời_tiết khắc_nghiệt chạy trốn đi suy_đoán cuộc_sống trốn_tránh pháp_lý rắc_rối bủa_vây cuộc_sống nhà_chức_trách thừa_nhận khả_năng maura sống cực_kỳ xảy fred maura côn_đồ địa_phương bắt_cóc cư_dân haverhill maura nhầm chỗ nhầm kẻ bắt_cóc ngẫu_nhiên tình_cờ có_mặt đường hôm xét sống_sót mong_manh maura nỗ_lực tìm_kiếm hài_cốt hiện_trường vụ tai_nạn manh_mối bế_tắc   cảnh_sát bang new hampshire nhsp thông_báo mảnh xương north haverhill  dặm khu_vực loon_mountain phương_pháp định đồng_vị carbon phóng_xạ  hài_cốt niên_đại_cổ maura gia_đình tìm_kiếm maura bỏ_sót manh_mối,0,4,0
thế_vận_hội seoul  thúc_đẩy doanh_nghiệp phát_triển hàn_quốc ban_hành quy_định cấm nhà_thầu quốc_tế tham_gia dự_án xây_dựng bùng_nổ công_ty xây_dựng khắp công_ty cố_gắng đẩy tiến_độ dự_án kiếm tiền kết_quả tòa mọc khắp_nơi cửa_hàng bách_hóa sampoong    tòa nhà_bách_hóa rộng   m thi_công khu đất ban_đầu rác_thải công_trình hoàn_thành nửa  chính_thức mở_cửa    cửa_hàng bách_hóa màu hồng nổi_bật nằm đắc_địa seocho địa_danh nổi_tiếng seoul tòa chia thành hai tòa_a b kết_nối hành_lang thông_tầng tòa a  tầng nổi  tầng hầm bày_bán thiết_bị gia_dụng nội_thất mỹ_phẩm phụ_kiện mặt_hàng đa_dạng đông_đảo cửa_hàng bách_hóa sampoong   nhân_viên   doanh_thu hàng tuần  triệu usd  h    quản_lý trực_ca cửa_hàng bách_hóa sampoong làm_việc thường_lệ kiểm_tra ghi_chú nhân_viên tối hôm ghi_chú quản_lý tối_qua tiếng_động lạ phát tầng xảy lắp_đặt dàn hòa tầng thượng_cách hai vết nứt sàn mái di_chuyển quản_lý tâm  h cửa_hàng bách_hóa sampoong mở_cửa khách_hàng mua_sắm chương_trình khuyến_mãi mở_cửa nhân_viên phục_vụ nhà_hàng chunwon tầng  tòa a báo_cáo vết nứt xung_quanh cột sàn sụt lún rõ_rệt an_toàn nhân_viên tòa đóng_cửa nhà_hàng treo biển bảo_trì lối tan nhân_viên nhà_hàng thoát nạn trưa tầng  tiếng gạch nứt trần vết nứt sàn rộng  cm tòa rung_nhẹ quản_lý ca trực lập_tức tầng kiểm_tra nhận_định nằm dàn hòa không_khí rung_lắc hoạt_động công_suất quản_lý quyết_định tắt máy hòa thông_báo qua_loa hệ_thống hòa trục_trặc sửa_chữa tức_giận khách_hàng mua_sắm nóng hẵng  h quản_lý ca trực báo_cáo nứt sàn ban lãnh_đạo chủ_tịch lee_joon bộ_phận xây_dựng tập_đoàn sampoong ban lãnh_đạo lập_tức liên_hệ kỹ_sư kết_cấu phụ_trách xây_dựng tòa hiện_trường kiểm_tra khảo_sát kỹ_sư phát_hiện khả_năng chịu_tải toàn_bộ tòa hạn sụp_đổ chủ_tịch lee chấp_nhận đóng_cửa bách_hóa cao_điểm tối thiệt_hại doanh_thu lee nhanh_chóng rời tòa nhân_viên quản_lý hề thông_báo dâu làm_việc khách_hàng nhân_viên cửa_hàng bách_hóa nguy_hiểm cận_kề  h khu_vực sàn tầng   sụt lún buộc nhân_viên đóng lối đi hai tầng  h tiếng nổ vang tầng nhân_viên bất_ổn lập_tức báo_động tổ_chức sơ_tán cao_điểm sơ_tán đám đông ngắn  h tiếng nổ dàn hòa không_khí tầng rơi tầng  vốn nứt_vỡ phản_ứng_dây_chuyền tòa sụp_đổ tan_tành  giây ước_tính   chôn_vùi lực_lượng cứu_hộ hiện_trường phát_hiện tình_hình vô_cùng nghiêm_trọng  tầng hầm tòa_a lấp hôm   cần_cẩu thiết_bị cứu_hộ hạng nạn_nhân đè biến_dạng nghiêm_trọng chính_quyền seoul quyết_định tạm dừng hoạt_động cứu_hộ lo_ngại tòa sụp_đổ thương_vong  chủ_yếu gia_quyến nạn_nhân biểu_tình phản_đối đụng_độ cảnh_sát áp_lực dư_luận chính_phủ dây_cáp thép dây_điện gia_cố tường bắc cửa_hàng bách_hóa ngăn sụp_đổ nỗ_lực cứu_hộ chạy_đua đội cứu_hộ  bị_thương  nạn_nhân thiệt_mạng đống đổ_nát sống_sót kinh_ngạc thảm_họa    vụ_việc đội cứu_hộ yoo ji won nhân_viên cửa_hàng gốm sứ  mắc_kẹt không_gian nửa buồng điện_thoại công_cộng sống_sót mưa nhỏ_giọt khe hở đống đổ_nát sống_sót choi myung seok sinh_viên  choi nhà_hàng tòa rung_chuyển vội_vàng nằm_xuống tỉnh dậy xung_quanh tối đen mực choi sinh_tồn uống mưa ăn_bìa carton sống_sót park_seung hyun nhân_viên quần_áo trẻ_em  giải_cứu  vụ_việc lực_lượng cứu_hộ ngoại_trừ đầu_gối trái bầm tím trầy_xước mưa hai sống_sót nhắc mưa nhân_tạo phun bụi khói nạn_nhân mắc_kẹt đống đổ_nát vốn sống_sót vụ sập chết_chìm mưa phun tưởng_nhớ nạn_nhân tượng_đài  m dựng công_viên sinh_thái yangjae seoul thảm_họa văn_phòng công_tố hàn_quốc cử giáo_sư jeong_ran khoa kỹ_thuật xây_dựng đại_học dankook hiện_trường điều_tra toàn_diện nguyên_nhân giáo_sư jeong lần_lượt loại_trừ khả_năng khủng_bố nổ khí gas đám cháy hiện_trường đội điều_tra giáo_sư jeong chú_ý toàn_bộ cấu_trúc cửa_hàng bách_hóa sampoong móng cửa_hàng bách_hóa sampoong xây_dựng bãi rác ban_đầu khu đất dự_định xây tòa chung_cư  tầng công_ty woosung_construction woosung hoàn_thành_phần móng tầng hầm lee_joon đột_nhiên kế_hoạch lee xây_dựng cửa_hàng bách_hóa đắc_địa xét yếu_tố an_toàn xây_dựng công_ty woosung bác_bỏ ý_định tập_đoàn sampoong lee đá woosung dự_án tập_đoàn thi_công lee tầng  tầng ban_đầu tải_trọng khả_năng thiết_kế ban_đầu móng công_trình hoàn_thành tòa thiết_kế ban_đầu toàn_bộ sàn dầm kết_cấu dạng phẳng dầm khung thép áp_lực chuyển_dời tải_trọng sàn gánh_chịu công_trình cải_tạo chung_cư thành cửa_hàng bách_hóa đội thi_công khoan lỗ sàn cắt  cột không_gian thang ảnh_hưởng nghiêm_trọng kết_cấu_sàn tối_đa hóa diện_tích chiếm_dụng không_gian cửa_hàng lee đường_kính tối_thiểu ban_đầu cột lực  cm  cm số_lượng  thanh_thép đóng vai_trò cột lực  cột lực giãn rộng  m cấu_trúc cực_kỳ nguy_hiểm sụp_đổ cửa_hàng bách_hóa sampoong  giáo_sư jeong nguyên_nhân nằm tầng  tầng ban_đầu sân trượt băng lee quyết_định thay_thế  nhà_hàng chunwon nhà_hàng kiểu truyền_thống chunwon bàn_ghế thực_khách sàn sưởi sàn chứa đường_ống nóng đế bê_tông dày   m toàn_bộ sàn tầng  gấp  nghiêm_trọng cột tầng  thẳng hàng cột tầng  tải_trọng truyền_tải cột lực tương_ứng tải_trọng truyền sàn dàn hòa không_khí tầng dàn  hoạt_động độ rung tải_trọng  gấp  giới_hạn thiết_kế ban_đầu sàn  tiếng ồn_lớn dàn hòa phàn_nàn cư_dân xung_quanh giải_pháp tập_đoàn sampoong di_chuyển dàn hòa kia mái cư_dân tiết_kiệm chi_phí ban quản_lý cần_cẩu thiết_bị nâng hạ sức_kéo mạnh_dàn hòa kia nứt sàn mái_lực tác_động cột lực  e nhà_hàng chunwon vết nứt rõ_ràng tầng  tòa sụp_đổ xảy sự_cố dàn hòa rung_lắc áp_lực cột  e sàn vết nứt lan rộng cột  e tách rời xây_dựng sửa_đổi trái_phép lee_joon nghiêm_trọng kết_cấu thái_độ thờ_ơ ta tính_mạng con_người thảm_họa trầm_trọng   trần tầng  vết nứt lee nhân_viên hàng hóa tầng tầng hầm xảy sự_cố dấu_hiệu tòa sụp_đổ ta giấu sự_thật doanh_thu hàng chạy đi thảm_họa  thiệt_mạng  bị_thương thiệt_hại tài_sản ước_tính  tỷ_won  triệu usd    tòa_án seoul tuyên_phạt lee joon  rưỡi tù tội sơ_suất hậu_quả nghiêm_trọng ta kháng_cáo án  điều_tra kỹ_lưỡng cảnh_sát bắt_giữ  thảm_họa  quan_chức chính_quyền thành_phố nghi_ngờ tham_ô hối_lộ    lee_joon qua_đời thả tù biến_chứng bệnh tiểu_đường huyết_áp vụ_việc chính_phủ hàn_quốc kiểm_tra tòa phát_hiện tòa xây_dựng chiếm   tòa sửa_chữa quy_mô chiếm    coi an_toàn ngày_nay khu đất tòa sampoong chuyển_đổi thành khách_sạn sang_trọng,0,4,0
patrizia reggiani sinh  vignola_italy nghèo_khó bố patrizia  mẹ kết_hôn doanh_nhân giàu_có ferdinando reggiani patrizia sống giàu_sang bố_dượng cưng chiều áo_khoác lông_thú xe patrizia nhân_vật nổi_tiếng giới thượng_lưu milan hòa nhập giàu_có maurizio thừa_kế gia_tộc gucci bữa tiệc  patrizia maurizio kết_hôn  milan new york sống bố maurizio rodolfo gucci ban_đầu chấp_thuận hôn_nhân patrizia kẻ hám_danh đầu tiền_bạc tặng trai dâu căn_hộ áp_mái sang_trọng tháp olympic new york cặp đôi quyền_lực nhân_vật quen_thuộc giới thượng_lưu new york manhattan thường_xuyên bữa tiệc sự_kiện thời_trang kết_bạn jackie kennedy onassis thành_viên gia_tộc kennedy patrizia maurizio đưa_đón khắp manhattan xe nổi_tiếng biển mauizia sở_hữu nhà_nghỉ_dưỡng bao_gồm biệt_thự trượt_tuyết st moritz thụy_sĩ nghỉ_mát mexico trang_trại connecticut_mỹ gái hai chào_đời maurizio mua du_thuyền gia_đình đi du_lịch hòn đảo tư_nhân cặp đôi tuyệt_vời tất_nhiên cuộc_sống tuyệt_vời patrizia   patrizia maurizio milan cuộc_sống đột_ngột  maurizio patrizia đi công_tác ngắn florence trở thay cử patrizia hôn_nhân kết_thúc  maurizio hẹn_hò sống gái paola franchi patrizia oán_giận ghen_tị paola truyền_thông patrizia theo_dõi gọi điện chửi_bới dọa giết maurizio hai chính_thức ly_hôn thập_kỷ  vụ ly_hôn kéo_dài patrizia từ_chối thỏa_thuận maurizio đề_nghị   triệu euro cộng   euro tiền trợ_cấp hàng patrizia từ_chối thỏa_thuận maurizio đồng_ý vợ cũ   triệu usd đời patrizia đi tài_sản quý_giá quyền gucci pháp_luật pina auriemma thân patrizia quý gucci buồn tiếc_nuối đi đi chồng ly_hôn_maurizio quyền kiểm_soát công_ty gia_đình gucci công_ty investcorp  giá  triệu usd nợ_nần chồng_chất giận_maurizio nhiều_chuyện trên_hết đánh công_việc kinh_doanh gia_đình ngu_ngốc thất_bại vô_cùng tức_giận patrizia     maurizio tòa nhà_văn_phòng milan sát_thủ ăn_mặc bảnh bao bắn hai phát súng trúng lưng vai trùm thời_trang sát_thủ bắn đầu maurizio trốn hiện_trường chồng cũ sát_hại patrizia viết duy_nhất nhật_ký paradeisos nghĩa_là thiên_đường tiếng hy_lạp hạnh_phúc biến patrizia chương_trình  hành_động patrizia chết maurizio dấy nghi_vấn bao_gồm đệ_đơn kiện vòng vụ sát_hại maurizio gái chồng cũ paola rời căn_hộ sống cảnh_sát bằng_chứng liên_kết patrizia vụ án điều_tra đình_trệ   giấu gọi điện_báo cảnh_sát đồng_phạm khoe_khoang dàn_xếp vụ giết_maurizio pina auriemma thân patrizia thông_tin nhà_chức_trách tiến_hành chiến_dịch điều_tra giăng bẫy lén điện_thoại nghi_phạm ghi_âm thảo_luận tội_ác patrizia bốn đồng_phạm pina phụ_trách thuê sát_thủ tài_xế lái_xe tẩu_thoát sát_thủ sát_thủ chủ tiệm bánh_pizza benedetto ceraulo hợp_đồng giết thuê trị_giá   euro nợ_nần    patrizia bắt buộc_tội thuê sát_thủ giết chồng cũ phiên tòa xét_xử patrizia đồng_phạm   phiên tòa thu_hút truyền_thông gọi góa phụ đen thay biệt_danh quý gucci sành_điệu patrizia tham_dự phiên tòa giày cao_gót áo_khoác lông_thú khăn gucci_quàng quanh cổ luật_sư patrizia tuyên_bố rối_loạn tâm_thần phẫu_thuật u não  luật_sư patrizia cáo_buộc chính_pina thuê sát_thủ tống_tiền patrizia im_lặng công_tố_viên động_cơ patrizia kết_hợp ghen_tuông tiền_bạc oán_giận chồng cũ lập_luận patrizia kiểm_soát tài_sản maurizio gucci ngăn chồng cũ kết_hôn paola sợ hôn_nhân cắt_giảm một_nửa tiền trợ_cấp thu_nhập hàng   usd   phiên tòa kéo_dài  patrizia bốn đồng_phạm kết_tội giết chủ_ý patrizia kết_án  tù sát_thủ benedetto ceraulo kết_án tù chung_thân pina án  tù tài_xế lái_xe chở sát_thủ tẩu_thoát kết_án  tù  tòa phúc_thẩm milan nguyên bản_án án  tù patrizia_cố tự_tử nhân_viên nhà_tù phát_hiện patrizia tự_do nhà_tù  từ_chối tạm tha việc_làm patrizia luật_sư làm_việc đời ý_định làm_việc  patrizia ý_định sẵn_sàng làm_việc hy_vọng trở_lại gucci công_ty cũ chồng cũ gucci phong_cách gucci   patrizia tạm tha nhà_tù công_việc tư_vấn thiết_kế bozart công_ty trang_sức mỹ_ký trụ_sở milan   patrizia hoàn_thành quản_chế hành_vi chính_thức tự_do  thụ_án thả sống milan mẹ kết_án oan phát_ngôn patrizia báo_chí  quay_phim chương_trình truyền_hình chặn_patrizia làm_việc thuê sát_thủ bắn maurizio patrizia câu trả_lời xôn_xao thị_lực lắm hụt   tòa_án phán_quyết kết_tội giết chồng patrizia quyền  triệu usd tài_sản maurizio tòa phúc_thẩm phán_quyết lợi patrizia dựa thỏa_thuận maurizio ký  hai sát_hại khoản thanh_toán hàng patrizia hưởng khoản thanh_toán trả_chậm  tù tổng_cộng  triệu usd khoản thanh_toán patrizia tài_sản thừa_kế chồng cũ quá_cố hai gái quản_lý tiền giúp patrizia lối sống xa_hoa bao_gồm chi   euro hoa_lan patrizia nổi_tiếng câu khóc rolls royce hạnh_phúc xe_đạp  adam driver lady_gaga tái_hiện câu_chuyện vụ sát_hại maurizio patrizia bắt_giữ phim điện_ảnh phim khen_ngợi giới phê_bình đề_cử giải_thưởng patrizia hài_lòng lady gaga khó_chịu lady gaga đóng vai liên_lạc thường_thức tôn_trọng tiền_bạc xu phim patrizia,0,4,0
   cảnh_sát hài_cốt cháy đen đống đổ_nát dinh_thự tầng milford haven viên đạn súng hoa_cải tường phòng ngủ tầng phát_hiện thi_thể vật trông bịt_mắt bịt miệng sót đám cháy điều_tra helen thomas  trói bắn chết   anh_trai richard triệu_phú nông_dân thi_thể richard vết_thương đạn bắn thẳng bụng    thi_thể cặp vợ_chồng du_khách peter gwenda dixon phát_hiện đường ven biển pembrokeshire đi đường cặp đôi trói_ép thẻ ngân_hàng mã_pin cướp  bảng bắn mặt_bằng chính_khẩu súng giết_helen richard bất_chấp nỗ_lực điều_tra cảnh_sát hung_thủ trốn_tránh pháp_luật buộc_tội vụ giết  thanh_tra cảnh_sát steve wilkins trở xứ wales làm_việc scotland_yard công_việc vai_trò phó giám_đốc sở cảnh_sát dyfed powys khoa_học pháp_y_adn tác_động giúp nâng tỷ_lệ phá_án vụ_án nghiêm_trọng steve quyết_định thành_lập điều_tra hai vụ giết kép xảy  steve số_lượng tang_vật điều_tra ban_đầu lưu_giữ hy_vọng cung_cấp bằng_chứng phân_tích steve xác_định nghi_phạm john_cooper sinh  thụ_án  tù vụ trộm_cắp bạo_lực pembrokeshire cooper nghiện cờ_bạc thường_xuyên đánh_đập vợ pat gãy lưng trai hắn bắn chết chó nuôi phát súng đầu giết chết gà cưng mua vui búa giết lợn vòng nửa steve cooper hung_thủ bằng_chứng thép tội_phạm xem_xét ân_xá lo_ngại hắn án cooper gameshow nổi_tiếng đài itv_steve hợp_tác dẫn_chương_trình jonathan hill tìm_kiếm đoạn phim lưu_trữ chương_trình cooper trả_lời kiến_thức tổng_quát vòng ném trượt mũi phi_tiêu vòng chung_kết jonathan đối_chiếu đoạn phim phác_họa nghi_phạm cảnh_sát  nghi_phạm mô_tả đàn_ông râu_tóc rậm_rạp thẻ_atm nạn_nhân peter dixon máy rút_tiền án_mạng cooper ghi_hình    vụ sát_hại vợ_chồng dixon jonathan cooper ngoại_hình hình_ảnh duy_nhất nghi_phạm mắt john_cooper tự_tin trơ_tráo jonathan jonathan lập_tức gửi ảnh đối_chiếu thanh_tra steve  cảnh_sát hàng trăm phác_họa trường_hợp khoảnh_khắc sững_sờ hắn steve diện_mạo cooper tình_yêu thiên_nhiên hoang_dã mô_tả chi_tiết địa_lý nông_thôn tây xứ wales dấy nghi_ngờ hắn hiểu_biết sâu_sắc khu_vực cặp đôi đi đường giết rưỡi tỉ_mỉ điều_tra thanh_tra steve kết_quả adn mong_đợi cooper thả tự_do   đêm hắn pat qua_đời đau tim pat vô_tình cung_cấp bằng_chứng giúp cooper công_lý nữ cảnh_sát quần_shorts kaki thu_giữ cooper trông quần ảnh phác_họa phụ_nữ quần_shorts xác_định nạn_nhân gwenda_dixon cooper_giữ chiến_lợi_phẩm đồ trang_sức khung_ảnh nạn_nhân vợ cooper vốn thợ_may hề gấu ống_quần bằng_chứng_adn vết máu đường may mẫu adn trùng_khớp adn gái peter dixon gái peter đảo cyprus xảy vụ giết adn quần_shorts john cooper_trừ gia_đình dixon hành_động đơn_giản pat hắn đối_mặt công_lý thanh_tra steve giải_thích tất richard thomas cooper vết máu peter dixon lớp sơn khẩu súng hoa_cải cooper cooper bắt   điều_tra kéo_dài chi_phí giám_định pháp_y ngân_sách  triệu bảng tòa trai cooper lang_thang khắp thị_trấn milford_haven pembrokeshire khẩu súng hoa cải_giấu áo_khoác cooper bị_cáo buộc tìm_kiếm mục_tiêu đột_nhập hắn sa đường tội_phạm hàng nghìn bảng đầu_tư thị_trường bất_động_sản đánh_bạc thua   bảng cooper kết_án tội_danh  án tù chung_thân   bồi_thẩm_đoàn kết_tội cooper tội súng đe dọa  thiếu_niên rừng milford haven  cưỡng_hiếp thiếu_nữ  xâm_hại tình_dục thiếu_nữ  bắt giam cooper nghi_ngờ  vụ án_mạng xảy khu_vực pembrokeshire_cuộc điều_tra,0,4,0
julie hogg nhân_viên giao pizza  sống trai  khu dân_cư yên_tĩnh billingham stockton on tees tòa thủ_tục ly_dị    julie gửi ông_bà ngoại đi julie gọi điện đón nỗ_lực liên_lạc hồi_âm hôm gái ann ming cửa khóa rèm kéo dường_như nguyên_vẹn hiện_trường trình_báo mất_tích cảnh_sát phát_hiện dấu_hiệu vật_lộn đồ_đạc xáo_trộn vết máu dấu_vết đột_nhập chính_sự sạch_sẽ điều_tra ban_đầu đi chệch hướng trường_hợp mất_tích hiện_trường hỗn_loạn yếu_tố xác_định hành_vi phạm_tội cảnh_sát thiên khả_năng julie rời đi ann mắt julie mẹ trách_nhiệm dấu_hiệu rời cuộc_sống biến đột_ngột cắt đứt liên_lạc gia_đình tuần  sĩ_quan cảnh_sát tham_gia khám_xét julie kiểm_tra phòng ngủ phòng nhà_bếp khu vườn tìm_kiếm dấu_vết khả_nghi kết_quả trôi vụ án tiến_triển ann gái mùi bất_thường mùi nồng_nặc nhầm_lẫn thi_thể phân_hủy cảnh_sát tháo ốp che_chắn chân thân_bồn tắm phát_hiện thi_thể julie giấu không_gian hẹp kín kiểm_tra kỹ hung_thủ tháo ốp nhét thi_thể lắp_lại nguyên_trạng hung_thủ bình_tĩnh hiện_trường án dấu_hiệu kẻ phạm_tội xu_hướng bạo_lực tính_toán hành_động bộc_phát hiện_trường giấu kín không_gian quen_thuộc gắn đối_tượng kiểm_soát hắn môi_trường xung_quanh cơ_quan điều_tra thay_vì phi_tang thi_thể hành_động rủi_ro hung_thủ hiện_trường che_giấu tinh_vi kết_quả khám_nghiệm julie tấn_công tình_dục siết cổ chết thi_thể toàn_vẹn thi_thể gái cú sốc kinh_hoàng diễn_tả ann tận ngửi mùi thối_rữa gái tình_yêu julie đồng_nghĩa án tù chung_thân ann phát_hiện kinh_hoàng điều_tra án_mạng  sĩ_quan cảnh_sát điều_động cảnh_sát nhanh_chóng xác_định william billy dunlop nghi_phạm chính_dunlop tiền_sử bạo_lực theo_đuổi julie từ_chối hành_vi quấy_rối phân_tích hành_vi tội_phạm mô_hình quen_thuộc kẻ từ_chối ám_ảnh thù_địch đối_tượng quyền kiểm_soát tước trường_hợp từ_chối tình_cảm hành_vi bạo_lực quyền_lực dấu vân_tay dunlop chìa khóa julie sàn dunlop sống khai gián_tiếp hắn có_mặt hiện_trường hành_vi hắn julie biến bất_thường thập_niên  công_nghệ pháp_y phát_triển bằng_chứng_adn chuỗi_chứng_cứ tái_dựng chính_xác diễn_biến vụ án công_tố_viên buộc_tội dunlop dựa bằng_chứng gián_tiếp  dunlop xét_xử đầu công_tố chứng_cứ nghi_ngờ hợp_lý bồi_thẩm_đoàn thống_nhất ý_kiến phiên tòa hai diễn hy_vọng lập_luận thuyết_phục kết_quả dunlop tuyên vô_tội vụ sát_hại julie bồi_thẩm_đoàn phán_quyết hệ_thống pháp_lý kích_hoạt_nguyên_tắc double_jeopardy cấm xét_xử tội_danh tuyên trắng_án nguyên_tắc lịch_sử  bảo_vệ chính_quyền truy_tố lặp_đi_lặp_lại kết_quả mong_muốn vụ án julie hogg lá_chắn kẻ khả_năng hung_thủ_dunlop tòa_án tư_cách tự_do dunlop phạm_tội kết_án vụ hành_hung phụ_nữ thụ_án hắn khoe_khoang giết julie hogg hành_vi hiếm kẻ phạm_tội bạo_lực cảm_giác thoát tội tự_mãn  dunlop thú_nhận giết_julie quản_giáo tự_tin hắn trả_giá thú_tội dunlop trở_lại phòng xử_án rào_cản luật double jeopardy hắn kết_án  tù tội khai_man câu giới pháp_lý liệu hệ_thống cho_phép sửa_sai bằng_chứng rõ_ràng phục_vụ công_lý ann ming chấp_nhận kết_cục suốt  kiên_trì vận_động luật gặp_gỡ nghị_sĩ làm_việc truyền_thông liên_tục câu_chuyện gái công_chúng chiến_dịch sức nỗi đau bất_cập hệ_thống kẻ giết thú_nhận tội_ác kết_án áp_lực dư_luận phát_triển khoa_học pháp_y adn thúc_đẩy chính_quyền xem_xét nguyên_tắc double jeopardy   luật sửa_đổi trường_hợp bằng_chứng thuyết_phục vụ án xử bị_cáo tuyên trắng_án lịch_sử vụ án julie hogg động_lực  dunlop xét_xử sự_kiện tiền_lệ lịch_sử hiện_đại hệ_thống pháp_lý hắn tội tuyên_án tù chung_thân thời_hạn tối_thiểu  công_lý thực_thi hai thập_kỷ  ann trao_tặng huân_chương mbe đóng_góp hệ_thống tư_pháp hình_sự,0,4,0
shannon schieber nghiên_cứu_sinh tiến_sĩ  trường wharton đại_học pennsylvania cưỡng_hiếp siết cổ chết căn_hộ philadelphia     tiếng hàng_xóm shannon gọi  cuộc_gọi ghi_âm nữ_sinh hét cứu âm_thanh nghẹn thở hai cảnh_sát hiện_trường vòng  phút rời đi gõ_cửa shannon phản_hồi dấu_hiệu phạm_tội chiều   hàng_xóm gọi  anh_trai shannon kiểm_tra tình_hình hai đàn_ông phá cửa phát_hiện thi_thể khỏa_thân nữ_sinh nằm sấp giường bác_sĩ pháp_y kết_luận shannon siết cổ chết dấu_vết tinh_dịch cơ_thể nạn_nhân giường tấn_công tình_dục bằng_chứng_adn trùng_khớp cơ_sở_dữ_liệu hồ_sơ tội_phạm thám_tử chú_ý vụ án adn thu_thập phân_loại tấn_công tình_dục jeffrey_piree thám_tử sở cảnh_sát philadelphia đối_chiếu bằng_chứng phân_loại tấn_công tình_dục adn thu_thập căn_hộ shannon  án_mạng   phòng_thí_nghiệm tội_phạm  vụ tấn_công tình_dục mẫu trùng_khớp bằng_chứng_adn vụ án shannon nạn_nhân kẻ hiếp_dâm nhắm mục_tiêu phụ_nữ trẻ shannon tấn_công sát_hại dãy bốn nạn_nhân may_mắn thoát chết thám_tử piree phát_hiện cảnh_sát điều_tra kỹ_lưỡng vụ án xếp hành_hung thông_thường tấn_công tình_dục vụ án giải_quyết ít_manh_mối âm_thầm thay_đổi_mã tội_phạm đơn tố_cáo vụ án biến thống_kê tội_phạm cử hai cảnh_sát đáp kêu cứu shannon hai cảnh_sát hề loạt vụ tấn_công tình_dục xảy điều_tra tội_phạm tình_dục hề thông_báo bố shannon bức_xúc chỉ_trích piree phơi_bày sai_phạm điều_tra tội_phạm tình_dục sở cảnh_sát philadelphia thành_lập  cải_tổ tiêu_chuẩn nạn_nhân ra_đời sở cảnh_sát áp_dụng nạn_nhân cưỡng_hiếp siết cổ_thủ_phạm phụ_nữ ước hoàn_cảnh giúp_đỡ nạn_nhân cảnh_sát vẽ phác_họa chân_dung nghi_phạm phân_phát khắp khu_vực xảy vụ án truyền_thông biệt_danh thủ_phạm kẻ hiếp_dâm center city địa_điểm án khu_vực trung_tâm philadelphia    vụ sát_hại shannon sinh_viên đại_học nghệ_thuật cưỡng_hiếp siết cổ thám_tử kẻ hiếp_dâm hàng_loạt trở_lại adn hiện_trường vụ án kết_quả trùng khớp  vụ án xác_nhận suy_đoán thám_tử nhà_chức_trách gấp đôi nguồn_lực truy_tìm thủ_phạm bất_chấp nỗ_lực vụ án bế_tắc đầu  điều_tra_viên philadelphia thông_báo khẩn_cấp truy_tìm nghi_phạm tấn_công  phụ_nữ sở cảnh_sát thành_phố fort_collins bang colorado phát đi cảnh_sát liên_hệ hai sở cảnh_sát chi_tiết trùng_khớp loạt vụ tấn_công tình_dục vụ sát_hại shannon philadelphia vụ án fort collins nghi_phạm vụ cưỡng_hiếp fort collins đàn_ông mảnh khảnh giọng nhỏ_nhẹ đột_nhập nạn_nhân cửa_sổ cửa phụ đặc_điểm tương_đồng kẻ hiếp_dâm center city cảnh_sát hai thành_phố phối_hợp bắt hiếp_dâm giết nắm_bắt hiện_trường vụ án fort collins thủ_phạm mũ lưỡi trai ướt_đẫm mồ_hôi adn mũ trùng_khớp adn kẻ hiếp_dâm center city dựa dữ_liệu giấy_phép lái_xe thông_tin thẻ_tín_dụng hồ_sơ công_khai điều_tra_viên lập danh_sách philadelphia fort collins xảy vụ án cân_nhắc giới_tính tuổi_tác yếu_tố danh_sách nghi_phạm thu_hẹp  nổi_bật troy graves troy graves sinh  gia_nhập không_quân_mỹ   căn_cứ không_quân francis e_warren cheyenne wyoming ta kết_hôn   sống vợ fort collins troy đồng_ý nói_chuyện thám_tử fort collins hắn đồn cảnh_sát vợ thẩm_vấn troy nói_năng nhỏ_nhẹ lịch_sự đề_cập thẩm_vấn phụ_nữ báo_cáo ta cố đột_nhập phòng căn_cứ quân_đội vợ troy khai cảnh_sát chồng mũ mũ hiện_trường dường_như tờ_rơi vụ hiếp_dâm fort_collins nghi_phạm chồng điều_tra_viên thu_thập adn dấu vân troy kết_quả trùng_khớp bằng_chứng vụ án fort collins troy bắt      troy tội  cáo_buộc riêng_biệt fort collins bao_gồm  tội tấn_công tình_dục  tội tiếp_xúc_thể_xác tình_dục bất_hợp_pháp hắn kết_án tù chung_thân ân_xá troy buộc_tội philadelphia hắn thám_tử hắn theo_dõi phụ_nữ nạn_nhân    troy tội giết_shannon kết_án tù chung_thân hắn tội  tội_danh tấn_công tình_dục shannon nạn_nhân philadelphia kết_án   tù,0,4,0
  điện_thoại lin yuhui cảnh_sát  xưởng vẽ tế nam sơn đông đổ chuông liên_tục đầu dây kia shen junliang bắt_cóc báo bắt mai lin yuhui đáp chờ_đợi suốt  mai bí_danh kẻ môi_giới đường_dây bắt_cóc  bé trai địa_phương tỉnh quảng_đông giai_đoạn   cảnh_sát xác_định nghi_phạm xie mai tiến_hành bắt_giữ vỏ bọc mai lực_lượng chức_năng bế_tắc   lin yuhui nhận_lời mời cảnh_sát thành thành_phố quảng_châu tỉnh quảng_đông phác_họa chân_dung mai huyện tử_kim quảng_đông lão sống nghi_phạm hai lão mô_tả đối_tượng   mét_thể_trạng đậm_mặt tròn môi dày lin tỷ_lệ mắt sống_mũi phác_họa đối_chiếu chỉnh_sửa kéo_dài  bản_vẽ nhân_chứng gái xác_nhận độ  họa thay_thế bản_vẽ cảnh_sát quảng_châu  công_cụ truy_nã kỹ_năng phác_họa lin rèn_luyện nội họa_sĩ  lin học vẽ hướng_dẫn tiếng gậy gõ nội tín_hiệu lin trở_lại bảng vẽ phương_pháp đào_tạo giúp rèn_luyện kiên_nhẫn kỹ_thuật nền_tảng trưởng_thành ngành cảnh_sát  lin nghiên_cứu kỹ_thuật phác_họa chân_dung tội_phạm lĩnh_vực mới_mẻ trung_quốc chuyên_gia phác_họa chân_dung giai_đoạn đầu người_mẫu sổ vẽ khu_vực đông quan_sát vẽ liên_tục hàng nghìn khuôn_mặt luyện_tập  hoàn_thành   chân_dung tiên_phong cảnh_sát trung_quốc phá_án phác_họa  tên_tuổi lin_yuhui biên_giới cục điều_tra liên_bang mỹ_fbi phá_án dựa đoạn camera an_ninh mờ phác_họa chính_xác chân_dung nghi_phạm brendt allen_christensen vụ bắt_cóc nữ sinh_viên trung_quốc zhang yingying mỹ_bức vẽ cung_cấp manh_mối bước_ngoặt giúp cơ_quan điều_tra quốc_tế thủ_phạm nghỉ hưu  lin khởi_động kế_hoạch kép  vẽ chân_dung miễn_phí  liệt_sĩ  trẻ_em mất_tích bàn làm_việc lin sổ phác_thảo ghi_chú khu_vực vụ mất_tích mảng phục_dựng chân_dung liệt_sĩ gia_đình đầu người_thân nét vẽ shen junliang vẽ diện_mạo trai shen_cong  dựa ảnh giúp   tài_xế wang mingqing gái  thất_lạc phác_họa mô_phỏng trưởng_thành xie bắt_nguồn nội_bộ diện_mạo mai độ tương_đồng  phác_họa công_bố lý_giải lin phân_tích cấu_trúc cốt_lõi khuôn_mặt đổi lẩn_trốn áp_lực tinh_thần cơ_mặt nghi_phạm chảy xệ_vóc_dáng tiều_tụy giải_thích phác_họa chân_dung tội_phạm cỗ máy_photocopy sao_chép  bản_gốc mục_đích vẽ cung_cấp hướng đi cảnh_sát thu_hẹp phạm_vi điều_tra cảnh tỉnh toàn xã_hội tồn_tại kẻ buôn_người nhân_chứng lão sống mai xác_nhận độ   hoàn_thành vai_trò định_hướng điều_tra vợ lin tiết_lộ suốt  chồng quy_tắc  gỡ chân_dung mai tường trung_tâm xưởng vẽ thay áo_khoác da mặc vẽ chân_dung công_bố lá thư mời điều_tra cảnh_sát   gỡ tranh công_khai thư mời đội_hình_sự cảnh_sát thành quảng_châu gửi    hành_động đánh_dấu kết_thúc chuyên_án trút gánh tâm_lý cựu cảnh_sát suốt  tờ bình_luận tóm gọn mai đột_phá giải_quyết vụ án ẩn_khuất nhấn_mạnh trôi công_bằng pháp_luật thực_thi,0,4,0
 h nam trinh_sát  công_an thành_phố hà_nội rời đi thâm_nhập điều_tra sai_phạm cơ_sở giết_mổ gia_súc gia_cầm vạn_phúc thông_tin cơ_sở vạn_phúc  lò giết_mổ chia thành ô khép_kín hình_chữ u_lò hoạt_động  h đêm_hôm  h hôm thường_xuyên bảo_vệ cán_bộ kiểm_dịch túc_trực chốt cổng cơ_sở vạn_phúc nổi dấu_hiệu vi_phạm nguyễn_thị_hiền  chủ lò_mổ b khu giết_mổ vi_phạm an_toàn thực_phẩm dần lộ_diện kèm nghi_vấn sai_phạm cán_bộ thú_y đội  báo_cáo lãnh_đạo phòng cảnh_sát kinh_tế đề_xuất ban giám_đốc công_an thành_phố nghi_phạm diện theo_dõi cán_bộ đội  hiền công_an phát_hiện manh_mối đỗ văn_thanh  đầu_nậu tỉnh vĩnh_phúc cũ tổ trinh_sát lập_tức chia túc_trực quanh địa_bàn hoạt_động hàng thanh_lái xe_tải đi thu_gom lợn tỉnh vĩnh_phúc tuyên_quang cũ lợn_trại nghĩa_là lợn bệnh thu_gom giá rẻ khu chuồng   dấu_hiệu bệnh chủ thanh_gom chở chủ cơ_sở giết_mổ lò_vạn phúc điều_tra_viên lợn_thanh mua giấy chứng_nhận kiểm_định hà_nội_thanh hợp_đồng mua_bán lợn nội_thành hợp_thức hóa đầu_vào lò_mổ đầu  thanh_móc_nối vũ_kim_tuấn cán_bộ trung_tâm chẩn_đoán xét_nghiệm kiểm_dịch động_vật chi_cục chăn_nuôi thủy_sản thú_y tỉnh phú_thọ tuấn chức_năng giấy chứng_nhận kiểm_dịch đề_nghị ta giấy kiểm_dịch giấy thoải_mái chở lợn bệnh cơ_sở vạn_phúc chủ lò_mổ   thuê hiền_mổ lợn thuê giá   đồng thịt đi chỗ nhà_chức_trách lợn bệnh chết thông_thường hiền_nhập giết_mổ công_ty tnhh thực_phẩm cường_phát tiểu_thương chợ đầu_mối chợ ngã tư sở mua cường phát lợn giá rẻ lợn sạch công_ty mua giá     đồng kg lợn ốm vàng     đồng kg đêm  rạng   đội  chủ_công đồng_loạt phá_án ô giết_mổ hiền_trinh_sát ghi_nhận nhập  lợn  sống  giết_mổ cường_phát khách_hàng nhỏ_lẻ mẫu xét_nghiệm xác_định lợn tang_vật hiền  kg dương_tính dịch_tả lợn châu_phi công_ty cường_phát nhập  lợn hiền chia giao công_ty cung_cấp suất  kg dương_tính dịch_tả lợn châu_phi tỉnh vĩnh_phúc cũ công_an ghi_nhận  lợn  dương_tính dịch_tả tổng_số hàng thu_giữ hôm  tấn_công_an xác_định đầu  tiêu_thụ   lợn bệnh lẫn lợn sạch tương_đương  thị_trường sai_phạm hiền nguyễn_thị_bình nguyễn_văn_thành giám_đốc công_ty tnhh thực_phẩm cường_phát khởi_tố tội cán_bộ thú_y vũ_kim_tuấn  cán_bộ chi_cục chăn_nuôi thủy_sản thú_y tỉnh phú_thọ điều_tra tội hành_vi công_an xác_định sai_phạm loạt cán_bộ thú_y khu lò_mổ vạn_phúc chi_cục chăn_nuôi thủy_sản thú_y hà_nội sở nông_nghiệp môi_trường bố_trí tổ kiểm_soát giết_mổ nguyễn_phong_nam  nguyễn_thị_phương lan  tổ phố  cán_bộ chia thành  ca trực   trạm_trưởng lê_ngọc  phụ_trách quy_định hàng thương_lái vận_chuyển lợn giao chủ lò_mổ xuất_trình giấy chứng_nhận kiểm_dịch giấy_tờ chứng_minh nguồn_gốc lợn kiểm_tra giấy_tờ lâm_sàng lợn cán_bộ kiểm_soát chở xác_định mổ xong cán_bộ kiểm_soát kiểm_tra đầu phủ tạng thận thịt dấu_hiệu bất_thường vệ_sinh thú_y cán_bộ đóng_dấu kiểm_soát giết_mổ khách_hàng vận_chuyển thị_trường trinh_sát xác_định cán_bộ thú_y luật thu tiền lợn  kg mặc_định coi lợn_ốm lái_xe nộp tiền chở lò_mổ lái_xe hợp_đồng mua_bán giấy kiểm_dịch nộp   đồng xe chở lợn sạch xe chở lợn bệnh cán_bộ thú_y thu    triệu đồng   triệu đồng cán_bộ kiểm_dịch lò_mổ bỏ_qua khâu kiểm_soát lợn ốm_bệnh lò giết_mổ cán_bộ đội  lò_mổ vạn phúc_nam chủ lò_mổ nộp   triệu đồng nam bắt thóp cơ_sở giết_mổ lợn bệnh lẫn lợn sạch chi lãi_chủ lò nam   triệu đồng cán_bộ thú_y công_an khởi_tố ngọc nam lan điều_tra tội,0,0,0
   christine banfield điều_dưỡng nhi_khoa  đâm nhát phòng ngủ nhà_riêng khu ngoại_ô herndon hạt fairfax_bang virginia cạnh joseph ryan  bắn chết  h chồng christine brendan banfield  đặc_vụ sở thuế_vụ liên_bang irs gọi  báo_cáo cảnh_tượng kinh_hoàng hiện_trường cảnh_sát brendan phòng ngủ quỳ cạnh vợ cổ nhà_chức_trách tuyên_bố christine tử_vong cảnh_sát ryan giường chó góc phòng gái  cặp vợ_chồng tầng hầm bị_thương juliana peres_magalhaes  giúp_việc brazil gia_đình banfield khai cảnh_sát gái hai vợ_chồng vườn thú quốc_gia suv lạ_đậu gọi brendan cửa_hàng mcdonald s ơn trở sợ juliana brendan juliana bé gái tầng hầm máy_tính bảng tầng mô_tả tiếng đánh_đòn phòng ngủ christine nằm sàn đàn_ông cầm dao brendan đàn_ông dao ta đâm christine brendan bắn ta juliana nữ giúp_việc cảnh_sát bắn đàn_ông brendan từ_chối cung_cấp khai cảnh_sát vụ giết người_nhà_chức_trách nghi_ngờ khai giúp_việc công_tố_viên ryan cầm dao brendan súng ryan từ_chối hạ_vũ_khí hợp_lý juliana giải_thích thỏa_đáng cuộc_gọi  hai điện_thoại ta   cuộc_gọi  phút cuộc_gọi cảnh_sát brendan nói_gì cúp máy giây_dẫu điều_phối_viên tiếng rên_rỉ đau_đớn kia đầu dây bị_thương  phút cuộc_gọi vô_lý công_tố_viên juliana thú_nhận bắn ryan ta tư_thế nằm sấp nguy_hiểm công_tố_viên   juliana bắt buộc_tội giết_ryan kết_quả phân_tích mẫu máu brendan cầm dao phòng ngủ ta bắt truy_tố_tội giết   brendan tội giam_giữ tại_ngoại juliana tội giết tuần brendan bắt ta đề_nghị hợp_tác nhà_chức_trách bốn thẩm_vấn juliana chi_tiết ngoại_tình brendan kế_hoạch giết vợ ta mô_tả lười_biếng mẹ juliana xác_nhận vụ giết âm_mưu lừa_đảo mạng ta máy_tính_xách_tay christine hồ_sơ giả annastasia trang_web chuyên sở_thích tình_dục kỳ_lạ bày_tỏ mong_muốn tìm_kiếm lạ ảo_tưởng tình_dục bạo_lực nhà_riêng juliana brendan chơi_trò bạo_lực đổ lỗi vụ giết christine ryan cảnh_sát ryan gặp_gỡ phụ_nữ qua_trang_web mô_tả tôn_trọng giới_hạn bạo_lực cảnh_sát nhận_định ryan gài bẫy ryan đồng_ý còng dây_thừng dao banfield brendan dự_định đâm vợ dao bắn ryan juliana nhà_chức_trách ta đồng_ý tội tội_danh nhẹ ngộ_sát làm_chứng chống brendan_đổi công_tố_viên đề_nghị án ta tạm giam phiên tòa xét_xử brendan  vụ giết_christine ryan juliana làm_chứng công_tố bồi_thẩm_đoàn quan_hệ luồng   brendan kế_hoạch giết_christine ta juliana brendan bày_tỏ mong_muốn loại_bỏ vợ   ban_đầu ta đùa_nữ giúp_việc khai tòa brendan cưới_juliana ta ly_dị sợ christine tiền giành_quyền nuôi gái kế_hoạch cặp tình_nhân mua điện_thoại tài_khoản apple id brendan kiểm_tra khu_phố camera giám_sát thói_quen lắp_đặt cửa_sổ âm xảy vụ giết juliana khai giúp brendan lừa_ryan trang_web khiêu_dâm vun_đắp quan_hệ dụ nạn_nhân    brendan chỉ_thị ryan ta sẵn cửa ryan christine ngủ lầu juliana brendan dàn_dựng tình_cờ bắt_gặp vụ tấn_công bạo_lực bắn ryan tự_vệ bắn đầu ryan brendan tấn_công vợ christine hét juliana gọi  nữ giúp_việc khai tòa juliana gọi cúp máy chỉ_đạo brendan ta chứng_kiến brendan liên_tục đâm mặt cổ vợ máu christine thi_thể ryan vụ_việc juliana phòng ngủ brendan điều_tra_viên ảnh đóng khung cặp tình_nhân bàn cạnh giường juliana thú_nhận sự_thật tội_lỗi xấu_hổ giấu kín sự_thật kín quá_sức chịu_đựng chịu_đựng nữ giúp_việc brendan làm_chứng vô_tội gọi cáo_buộc điên_rồ ta thừa_nhận ngoại_tình juliana phủ_nhận tham_gia kế_hoạch vụ giết vợ tình kéo_dài   tuần loại_bỏ vợ gắn_bó  brendan vô_cùng kinh_hãi mở_cửa phòng ngủ christine khỏa_thân sàn đàn_ông lạ_mặt cầm dao_định cưỡng_hiếp ta bắn ryan đâm vợ nhân_chứng công_tố bác_bỏ khai brendan hôm khai_brendan rẽ mcdonald s đường họp công_việc giám_sát_viên juliana gọi ta suv lạ_đậu lối giám_sát_viên brendan nhà_chức_trách họp lịch tòa giám_sát_viên khai baltimore hoạt_động bí_mật công_tố dựa khai juliana bằng_chứng máu kết_tội brendan máu nói_dối máu chứng_minh brendan đứng christine đâm cổ chết công_tố_viên    nghị_án bồi_thẩm_đoàn tuyên_brendan phạm_tội giết nghiêm_trọng  thẩm_phán tuyên_phạt juliana án tối_đa tội ngộ_sát  tù đề_nghị công_tố brendan đối_mặt án tù chung_thân phiên tuyên_án  ,0,4,0
shin chang won  lặng_lẽ biến nhà_tù busan bình_minh    thụ_án tù chung_thân khởi_đầu truy_lùng kéo_dài lịch_sử hiện_đại hàn_quốc  ngày_một loạt truy_quét diễn toàn_quốc nhà_chức_trách treo tiền thưởng kỷ_lục  triệu won   usd bắt_giữ kẻ đào_tẩu trợ_giúp đội swat chó nghiệp_vụ trực_thăng cảnh_sát chậm chân dấu_vết shin xe cũ nhật_ký dao biển xe đồ trang_sức ăn_cắp cung_cấp ít_manh_mối cơ_quan thực_thi pháp_luật dường_như để_mắt cố_tình cảnh_sát trở_nên can_đảm shin viết nhật_ký  trốn chạy shin  vụ trộm_cướp ngang_nhiên tận_hưởng thú_vui xa_hoa tiền_bạc phụ_nữ bắt   shin yên_bình shin sinh  gia_đình nông_dân nghèo đông mẹ học hai shin đầu bắt trại_giam vị_thành_niên  ăn_trộm dưa_hấu hắn bắt tội trộm_cắp hành_hung   shin bốn đồng_phạm đột_nhập seongbuk bắc seoul trộm tài_sản trị_giá  triệu won đồng_phạm shin sát_hại chủ  lẩn_trốn shin bắt quán cà_phê dongdaemun đông seoul hắn kết_án tù chung_thân  shin nhà_tù busan nổi_tiếng vượt_ngục biện_pháp an_ninh nghiêm_ngặt shin vượt_ngục thành_công kế_hoạch tỉ_mỉ shin bí_mật hai cưa_lọng cầm công_trường khu trại_giam suốt hai  phút phát_thanh hàng tối hắn âm_thầm cưa sắt chắn lỗ thông_gió trần nhà_vệ_sinh shin lỗ_thông gió trần rộng  cm đường tự_do hắn giả_vờ táo_bón thức_ăn nạp cố_tình  kg cơ_thể vừa_vặn lỗ_thông gió  h    tù_nhân ngủ shin lặng_lẽ bò ống_thông gió thoát tòa hắn chui hàng_rào khu_vực xây_dựng trại_giam thông_qua lỗ đào hai tiếp shin lợi_dụng dầm kim_loại công_trường trèo tường   m  h nhân_viên trại_giam phát_hiện shin_biến lối_thoát lỗ_thông gió phá hủy shin lẩn_trốn suốt   trợ_giúp phụ_nữ hắn thu_hút sẵn_sàng cung_cấp trú_ẩn    cảnh_sát chìm báo shin ẩn_náu gái jeon nam chungcheong_viên cảnh_sát phục_kích cầu_thang căn_hộ đợi hắn trở  h dường_như cảm_nhận bất_thường shin đứng khựng cầu_thang nóng_lòng lập công_viên cảnh_sát bắn hai phát súng hơi đầu hắn trúng đạn shin lau máu mặt chạy shin jeon đề_nghị trốn từ_chối hai chia_tay vòng  chia_tay jeon shin bắt_đầu_mối quan_hệ gái  kang hắn giới_thiệu kang jeon gái cũ đồ_đạc phản_bội ôm hy_vọng tái_hợp jeon hợp_tác cảnh_sát tình_nguyện mồi nhử    shin đồng_ý jeon bãi đậu xe yên_tĩnh cheonan nam chungcheong hắn hai thám_tử vạm_vỡ mai_phục đánh_đập may_mắn chạy thoát khẩu súng nhắm hắn kẹt   shin cảnh_sát nhận_diện thẩm_vấn gangnam seoul hắn trốn thoát chống_trả cảnh_sát thu_hồi xe hắn đánh_cắp xe nhật_ký ghi_chép chi_tiết vượt_ngục hoạt_động shin   triệu won   usd tiền_mặt xe cất_giữ tóc giả giấy_tờ tùy_thân đánh_cắp biển xe nhật_ký sin lẩn_trốn chui miệng cống phát_hiện cảnh_sát tổ_chức truy_quét hệ_thống cống_rãnh khu_vực daemosan seoul   kết_quả cảnh_sát truy bắt thất_bại shin nổi_tiếng tiền thưởng bắt shin  triệu  triệu won tiền kỷ_lục tương_đương khu_phố giàu_có gangnam shin sống thoải_mái trốn chạy lê_la chiều quán cà_phê  gái  tiếp_viên quán cà_phê  làm_việc cơ_sở giải_trí nhân_viên trạm xăng gái giúp shin món đồ trộm_cắp hắn kiếm tổng_cộng  triệu won  vụ shin tiền kiếm hoạt_động phi_pháp giúp_đỡ  hắn quyên_góp  triệu won cơ_sở chăm_sóc khuyết_tật pyeongtaek gyeonggi hắn tặng   won hai đứa trẻ kiếm tiền nuôi gia_đình nhắm mục_tiêu nhà_lập_pháp quan_chức buộc ăn_cắp sống hại người_dân shin viết nhật_ký hắn viết chủ_yếu nhắm mục_tiêu biệt_thự sang_trọng diện_tích  m trở tin_đồn shin cướp giàu lan rộng sách_hoạt_hình lãng_mạn hóa hành_vi phạm_tội hắn sách bán_chạy tiệm thuê chuyên_gia xã_hội đón_nhận shin khủng_hoảng tài_chính châu_á  kiệt_quệ mặt tâm_lý_do khủng_hoảng shin cảm_hứng chống đặc_quyền xã_hội_học park dong_hyun phim_tài_liệu tội_phạm đài sbs phát_sóng  ta phát_hiện shin chi hoạt_động từ_thiện hắn tiền trộm_cắp duy_trì cuộc_sống lẩn_trốn phụ_nữ    thợ sửa_chữa  gọi ẩn_náu shin gái suncheon tỉnh nam_jeolla sửa bếp ga thợ vốn cựu_sĩ_quan tình_báo quân_đội lạ căn_hộ cặp vợ_chồng cưới treo ảnh cưới lắp_đặt máy tập_thể_dục chồng shin đội mũ nghi_ngờ thợ văn_phòng môi_giới bất_động_sản kiểm_tra chủ_sở_hữu căn_hộ hôm cảnh_sát vũ_trang xông ẩn_náu shin cửa sân_thượng_chĩa súng đầu hắn shin_chang won sĩ_quan shin_chang won hắn trả_lời vụ bắt_giữ shin xôn_xao áo phông màu cầu vồng hắn mặc bắt hàng nhái thương_hiệu thời_trang italy missoni trào_lưu giới trẻ áo phông missoni hãng nhanh_chóng sạch toàn_quốc truyền_thông quốc_tế ví_shin robin_hood xứ kim chi cảnh_sát hàn_quốc phàn_nàn so_sánh xúc_phạm vụ án phơi_bày yếu_kém cảnh_sát lỡ  bắt_giữ shin hàng chục kỷ_luật sĩ_quan sa_thải cưỡng_hiếp gái cũ shin ẩn_náu nam_chungcheong     tòa_án busan tuyên_phạt shin   tù tội trộm_cắp trốn hắn trở_lại nhà_tù busan shin hai tự_tử bất_thành tù     shin từ_chối mời chương_trình đài sbs  viết nói_gì kẻ án tử_hình chuộc lỗi bào_chữa lặng_lẽ suy_ngẫm hành_vi đời,0,4,0
thuê hai tầng khu_phố ocala florida susan lorincz khét_tiếng thường_xuyên quấy_rối chửi_bới buông xúc_phạm chủng_tộc đám trẻ hàng_xóm phụ_nữ khó_chịu bọn trẻ da màu chơi_đùa sân_cỏ hàng_xóm ta video trẻ_em chơi_đùa gọi lời_lẽ phân_biệt chủng_tộc từ_ngữ xúc_phạm chĩa súng báo cảnh_sát tiếng ồn hành_vi xâm_nhập trái_phép cảnh_sát phản_hồi cuộc_gọi susan thái_độ hoài_nghi cư_dân duy_nhất khiếu_nại bọn trẻ đất susan sân_nhà hàng_xóm kế hàng_xóm gọi bọn trẻ dạy đá bóng_susan chủ biển cấm xâm_nhập bãi cỏ phân_chia khu_vực đất sân_nhà hàng_xóm khu_phố mâu_thuẫn phụ_nữ đứa trẻ cư_dân susan quan_hệ căng_thẳng ajike aj owens  đứa cảnh_sát      cuộc_gọi susan aj tối    aj bãi cỏ susan phụ_nữ  cãi bọn trẻ ném giày trượt patin trai  aj trúng ngón chân bé susan la_lối vung_ô bọn trẻ susan gọi cảnh_sát báo_cáo bọn trẻ xâm_phạm đất_đai dọa đánh la_hét gào thét_cư_xử vô_cùng khó_chịu đi ném giày trượt patin kia đứa trẻ đánh làm_vậy ăn_nói hỗn_xược đe dọa susan đứa trẻ hàng_xóm đoạn băng ghi_âm_cuộc gọi  bé  susan trả_lời đứa trẻ lo_sợ tính_mạng sợ_hãi điều_phối_viên cảnh_sát aj mẹ xảy aj trai  susan vụ_việc mẹ da màu  gõ_cửa susan nói_chuyện susan bắn phát súng xuyên cánh cửa khóa trúng ngực aj tử_vong trai aj đứng cạnh mẹ cộng_đồng địa_phương vô_cùng đau_buồn phẫn_nộ vụ sát_hại aj phẫn_nộ gia_tăng susan tự_do án_mạng luật bang florida vũ_lực tính_mạng đe_dọa nhà_chức_trách xác_định liệu vũ_lực chết chính_đáng tiến_hành bắt_giữ cảnh_sát trưởng hạt marion billy woods điều_tra bao_gồm phỏng_vấn susan aj nhân_chứng susan nhà_chức_trách hành_động vệ_cáo_buộc aj tấn_công cố phá cửa xảy vụ nổ_súng giết susan cảnh_sát liên_tục hành_động cố_ý chủ_đích hàng_xóm hoàn_hảo susan thừa_nhận thẩm_vấn cảnh_sát từ_ngữ phân_biệt chủng_tộc trẻ_em tức_giận gọi trẻ_em từ_ngữ xúc_phạm điều_tra nhà_chức_trách xác_định hành_động susan chính_đáng luật_pháp florida susan bắt    buộc_tội ngộ_sát súng sơ_suất hậu_quả nghiêm_trọng hành_hung hai tội_danh tấn_công bất_chấp phản_đối gia_đình aj susan buộc_tội giết công_tố_viên tuyên_bố bằng_chứng chứng_minh yếu_tố cần_thiết cáo_buộc giết phiên tòa xét_xử susan   kéo_dài suốt phiên tòa luật_sư bào_chữa lập_luận susan hành_động vệ_cáo_buộc aj đập cửa chửi bới_dọa giết hoảng_sợ công_tố nhấn_mạnh aj vũ_khí cửa susan khóa hai nghị_án bồi_thẩm_đoàn tuyên_susan phạm_tội ngộ_sát vụ án nhắc_nhở bi_thảm hậu_quả tàn_khốc bạo_lực súng_đạn lựa_chọn bị_cáo bốn đứa trẻ mẹ nỗi mất_mát suốt đời công_tố_viên thông_cáo báo_chí   susan kết_án  tù phiên tòa tuyên_án bào_chữa triệu_tập người_thân bác_sĩ làm_chứng susan bạo_hành gia_đình tiền sử bệnh_tâm_thần nghiện_ngập susan mắc_chứng rối_loạn căng_thẳng chấn_ptsd lạm_dụng tình_dục hình_thức lạm_dụng thẩm_phán robert_hodges quá_khứ bạo_hành susan yếu_tố nhẹ vụ án mô_tả ngộ_sát nghiêm_trọng nổ_súng cần_thiết trường_hợp susan lorincz cánh cửa cánh cửa khóa gọi lực_lượng cảnh_sát đường đường thẩm_phán hai phút điều_phối_viên  thông_báo cảnh_sát hiện_trường susan rút súng bắn chết aj thẩm_phán susan tương_đối an_toàn ta phòng ngủ khẩu súng thay_vì phòng khóa cửa ta cầm súng trở_lại đứng cửa bắn xuyên cửa an_toàn thẩm_phán quyết_định hợp_lý thẩm_phán chủ_tọa lập_luận susan hành_động tức_giận sợ_hãi phát_biểu tòa susan bày_tỏ hối_hận cướp đi sinh_mạng aj ý_định giết mẹ aj xin_lỗi susan phiên tuyên_án chân_thành ta thể_hiện hối_hận mẹ nạn_nhân truyền_thông susan thụ_án  trại_cải_tạo homestead nam florida tù dự_kiến    phỏng_vấn đài   susan_cáo_buộc aj dọa giết hôm sợ_hãi xảy ngược chỗ susan ý_định giết vụ án phim_tài_liệu  ,0,4,0
cao_sinh  quanh_năm sống quê nông_thôn thị_trấn tán_hoàng thành_phố thạch_gia_trang tỉnh hà_bắc chăm_sóc mẹ chồng  liệt nửa làm_việc đồng_áng chồng đi làm_thuê huyện lân_cận trai duy_nhất điền làm_việc thạch_gia_trang hai bố_con liên_lạc tuần    điền_nhận ảnh chụp chứng_minh_thư mẹ nhắn_wechat đóng bảo_hiểm_y_tế trực_tuyến bận điền mẹ chập_tối   điền gọi điện_thoại mẹ máy bận cố_gắng liên_lạc mẹ điền bất_thường chủ_động nhắn_tin tỏ kiên_nhẫn trả_lời nhát_gừng đợi phản_hồi cao_thường gửi nhắn_thoại gửi nhắn văn_bản điền gọi video gọi điện_thoại ngắt nhắn tiện máy    điền gọi điện_thoại mẹ cuộc_gọi kết_nối giây_lát nói_gì lập_tức cúp máy   bất_ổn điền_nhắn thăm mẹ gửi video cảnh bệnh_viện thân ốm chăm_sóc mẹ khống_chế có_lẽ lừa tổ_chức kinh_doanh đa_cấp bắt_cóc điền điền_hỏi mẹ câu wechat câu trả_lời khớp   điền đồn cảnh_sát địa_phương trình_báo vụ_việc nắm tình_hình cảnh_sát đề_nghị đội điều_tra hình_sự trình_báo đội_hình_sự lập_tức triển_khai điều_tra làm_việc liên_tục  h hôm điền   bố_con điền cảnh_sát thông_báo sát_hại nghi_phạm triệu  bắt_giữ thi_thể nạn_nhân điền mẹ sát_hại gửi ảnh chứng_minh_thư trò_chuyện wechat nghi_phạm_điền bắt_giữ triệu cảnh_sát bố_con ảnh nhận_dạng hai bố_con ta quanh_năm làm_việc mẹ chăm_sóc nội_già yếu_điền điền triệu thợ sửa sống làng  quê gia_đình điền sửa_chữa triệu lắp_đặt điện triệu kết_bạn ứng_dụng wechat thường_xuyên nhắn_tin khai tối    triệu rủ đi tối lái_xe đón xong hắn ruộng_lạc gia_đình bội thu_lạc chia dỡ lạc hai xe nghỉ_ngơi nửa_đêm rạng   triệu lái_xe chở đường vắng lò hỏa_táng huyện sàm_sỡ ý_đồ quan_hệ tình_dục cự tuyệt_bà cao_tức giận mắng triệu gọi cảnh_sát sợ bại lộ triệu nảy ý_định giết định chôn xác triệu bụng phập_phồng hơi thở siết cổ hai quyết_tâm giết diệt_khẩu hắn vứt xác rãnh cạn nghĩa_trang phủ cỏ trốn hiện_trường án triệu đồ trang_sức nạn_nhân   nhân_dân_tệ điện_thoại_di_động đăng_ký vay tiền trực_tuyến tài_khoản wechat mạo_danh trò_chuyện gia_đình che_giấu hại_điền giải_thích ông_bà nội trai gái nội qua_đời nội già_yếu dâu gái thay phiên chăm_sóc tuần sát_hại bàn_giao chăm_sóc mẹ dâu phát_hiện mất_tích dâu nhắn_tin triệu mạo_danh cao_viện gặp_mặt điền vô_cùng hối_hận phát_hiện tình_hình thăm mẹ triệu phạm_tội đầu hắn tuyên_án  tù_treo phạt   nhân_dân_tệ tội trộm_cắp   triệu tạm hình_sự    tình_nghi giết vks phê_chuẩn lệnh bắt triệu    vụ án cục công_an thành_phố thạch_gia_trang điều_tra hoàn_tất hồ_sơ vksnd thành_phố truy_tố triệu tội_điền gia_đình khoản bồi_thường hung_thủ hắn trừng_phạt nghiêm_khắc,0,4,0
  rex heuermann mặc vest đen đeo cà_vạt xanh đứng đối_diện thẩm_phán thừa_nhận siết cổ  phụ_nữ vứt_xác long island new_york vụ án ám_ảnh cộng_đồng địa_phương suốt thập_kỷ phiên tòa kiến_trúc_sư  biểu_lộ cảm_xúc xác_nhận thẩm_phán timothy mazzei sát_hại nạn_nhân phương_pháp vứt xác dọc bãi biển hẻo_lánh long island ta liên_lạc nạn_nhân điện_thoại dụ_dỗ tiền siết cổ_rex trả_lời sát_hại trói quấn xác vải bố phân_xác rex trả_lời tội câu thẩm_phán cáo_buộc hề ngoái phòng xử án chật kín người_thân nạn_nhân cố nén tiếng khóc gia_đình nạn_nhân chờ_đợi thập_kỷ điều_tra_viên giải_quyết loạt án_mạng rúng_động dư_luận khuôn_mặt đàn_ông hề chút hối_hận ta lạnh băng luật_sư gia_đình nạn_nhân phiên tòa công_tố_viên đề_nghị thẩm_phán tuyên_án tù chung_thân ân_xá rex dự_kiến tuyên_án   hai thập_kỷ   phụ_nữ hành_nghề mại_dâm lần_lượt mất_tích long island thi_thể   shannan gilbert  mất_tích khu oak beach đi mẹ shannan nỗ_lực ngừng nghỉ áp_lực cảnh_sát tìm_kiếm xem_xét vụ án nghiêm_túc  cảnh_sát phát_hiện hài_cốt  phụ_nữ nằm rải_rác bụi rậm dọc dải đất ven biển hẻo_lánh gilgo beach biệt_hiệu gilgo four thi_thể  nạn_nhân bọc vải bố rằn_ri chôn tương_tự địa_điểm phương_pháp hành_nghề mại_dâm đăng quảng_cáo craigslist     bảy thi_thể  thi_thể shannan oak beach   nhà_chức_trách chết tai_nạn vụ giết gilgo beach vụ án gilgo beach rơi bế_tắc thập_kỷ   rodney harrison cảnh_sát trưởng hạt suffolk thành_lập lực_lượng đặc_nhiệm đa cơ_quan điều_tra vụ giết gilgo_beach lực_lượng bao_gồm sở cảnh_sát hạt suffolk văn_phòng cảnh_sát trưởng hạt suffolk cảnh_sát bang new york fbi rex heuermann nhắc nghi_phạm tiềm_năng   điều_tra_viên bang new york xác_định danh_tính ta cơ_sở_dữ_liệu công_tố_viên điều_tra_viên rex xem_xét hồ_sơ trạm phát_sóng di_động mô_tả ngoại_hình nghi_phạm nhân_chứng cung_cấp xe bán_tải chevrolet avalanche màu xanh lá nghi_phạm lái hồ_sơ thanh_toán thẻ_tín_dụng hồ_sơ máy_tính rex ngoại_hình trùng_khớp mô_tả nhân_chứng sống trạm phát_sóng di_động long island làm_việc trạm phát_sóng di_động thành_phố new york cuộc_gọi ghi_âm ta lái xe bán_tải chevrolet avalanche màu xanh lá đăng_ký anh_trai hồ_sơ thanh_toán điện_thoại_di_động thẻ_tín_dụng rex có_mặt địa_điểm xảy án_mạng điện_thoại án ta điện_thoại gọi   nạn_nhân gilgo four nhà_chức_trách khám_xét máy_tính rex tìm_kiếm internet  thông_tin chi_tiết tình_hình điều_tra rex liên_tục tìm_kiếm ảnh nạn_nhân cố_gắng theo_dõi người_thân điều_tra_viên thu_hồi sợi tóc nam vải bọc thi_thể nạn_nhân mẫu adn rex vỏ bánh_pizza sót hộp bánh ta vứt thùng rác đối_chiếu adn thi_thể nạn_nhân kết_quả trùng_khớp hai phòng_thí_nghiệm pháp_y xác_định sợi tóc thu   nạn_nhân liên_hệ mặt pháp_y rex thành_viên gia_đình trực_hệ ta sống ta    rex  bắt thành_phố new_york buộc_tội giết   nạn_nhân giglo four   ta buộc_tội giết nạn_nhân giglo four buộc_tội sát_hại  nạn_nhân bị_cáo sống vờ bình_thường ngoại_ô hắn ám_ảnh giết_hại phụ_nữ vô_tội công_tố_viên họp_báo rex tội trai kỹ_sư hàng_không vũ_trụ rex sống vợ hai làng yên_bình massapequa park hài_cốt nạn_nhân ta kiến_trúc_sư công_ty rh consultants associates manhattan đi rex bị_cáo buộc bí_mật bắt_cóc tra_tấn giết_hại gái mại_dâm công_tố_viên tiết_lộ ta tài_khoản tinder gọi gái mại_dâm điện_thoại  rex điện_thoại nạn_nhân gọi gia_đình chế_giễu tài_khoản email giả tìm_kiếm nội_dung khiêu_dâm bạo_lực phiên tòa    công_tố_viên nội_dung lo_ngại thiết_bị rex bao_gồm tài_liệu ghi_chép tỉ_mỉ vụ giết lập kế_hoạch tội_ác tương_lai   thẩm_phán mazzei phán_quyết bằng_chứng thu công_nghệ adn tiên_tiến chấp_nhận phiên tòa xét_xử rex công_tố_viên bằng_chứng liên_kết rex vụ giết luật_sư bào_chữa câu độ_chính_xác công_nghệ xét_xử rex thỏa_thuận tội  cáo_buộc công_tố ta thừa_nhận giết phụ_nữ  buộc_tội luật_sư bào_chữa rex quyết_định tội giúp gia_đình nạn_nhân gia_đình ta tòa thỏa_thuận tội rex hợp_tác phân_tích hành_vi fbi công_tố_viên hạt suffolk đồng_ý truy_tố tội_danh  phụ_nữ ta thừa_nhận sát_hại kết_thúc vụ án hình_sự tiểu_bang nghĩa_là pháp_lý rex chấm_dứt   trai nạn_nhân valerie mack sát_hại  đệ_đơn kiện rex gia_đình ta cáo_buộc rex chết oan_uổng vợ_con ta tiếp_tay vụ giết hàng_loạt luật_sư vợ cũ gái rex nhấn_mạnh hề hề liên_hệ tội_danh rex bị_cáo buộc gái rex  valerie mack qua_đời cảnh_sát gia_đình rex họp_báo phiên tòa công_tố_viên gửi gia_đình nạn_nhân bị_cáo công_lý nhởn_nhơ vòng pháp_luật hắn hàng_xóm hiền_lành vô_hại thay_vì kẻ giết kết_án,0,4,0
 christine marie chuyên_gia tâm_lý_học giáo_phái chồng nhà_sản_xuất video âm_nhạc tolga_katas lái_xe las_vegas cộng_đồng short creek_biệt_lập colorado city_bang arizona mục_đích thâm_nhập kết_bạn thành_viên giáo_phái fundamentalist church of_jesus christ of_latter day saints flds giáo_phái đa_thê khét_tiếng chao_đảo lãnh_đạo tiên_tri tự_xưng warren jeffs tín_đồ nam tù  quan_hệ tình_dục vợ vị_thành_niên chính_quyền tịch_thu tài_sản sở_hữu flds trục_xuất gia_đình sinh_sống thế_hệ suốt thế_kỷ christine marie từng_trải hôn_nhân bạo_hành chồng tự_xưng tiên_tri quyết_định colorado city giúp_đỡ cộng_đồng flds tolga katas_định phim_tài_liệu cộng_đồng đầu xa_lánh vợ_chồng christine dần giành tin_tưởng cặp đôi gặp_gỡ phụ_nữ cung_cấp viện_trợ nhân_đạo giúp khởi_nghiệp phát_triển kinh_doanh kiếm tiền nuôi sống gia_đình thành_viên cộng_đồng biệt_lập dần cho_phép cặp đôi ghi_hình hoạt_động thường_nhật tụ_họp xã_hội phim_tài_liệu mục_đích vợ_chồng christine sam_bateman kẻ tự_xưng tiên_tri kế_thừa tinh_thần warrren khôi_phục chế_độ đa_thê giáo_phái flds dường_như lãnh_đạo warren jeffs kết_án tù chung_thân tội lạm_dụng trẻ_em giáo_phái tiên_tri phép cử_hành hôn_lễ đầu warren gửi chỉ_thị tín_đồ tù quyền_lực ta suy_yếu cộng_đồng flds chia_rẽ thành đối_lập  sam bateman  vốn thành_viên flds loan phán_truyền chúa tuyên_bố warren đánh ân_sủng hắn lãnh_đạo thay_thế sam thuyết_giảng nghi_lễ thu_thập tín_đồ thiết_lập quyền_lực hắn cưới  vợ tục đa_thê gắn liền lãnh_đạo flds số_lượng tín_đồ sam tách flds thành_lập nhánh hắn chỉ_đạo tín_đồ sống kết_hôn thực_hành đức_tin bộ_tư_pháp_mỹ  sam thuyết_phục tín_đồ giao gái hắn vợ tổng_cộng  bé gái  bé gái lạm_dụng  công_tố_viên sam tấn_công tình_dục bé gái ép_buộc quan_hệ đàn_ông phát video lạm_dụng tín_đồ sam đối_xử vợ tài_sản kiểm_soát chặt_chẽ hành_vi bóc_lột hồ_sơ tòa_án sam giáo_lý nghi_lễ tôn_giáo biện_minh hành_vi lạm_dụng công_tố_viên hắn tín_đồ hành_vi chúa nỗi sợ_hãi trừng_phạt tâm_linh duy_trì quyền kiểm_soát phát_hiện đường_dây lạm_dụng tình_dục trẻ_em giáo_phái sam vợ_chồng christine quyết_định cung_cấp thông_tin fbi hắn tù christine sam christine tolga đồng_ý quay_phim hắn pha mạo_hiểm chạy địa_hình núi lái môtô địa_hình sam cặp đôi hy_vọng cai_trị bắc nam_mỹ có_lẽ sam mặc áo_khoác da màu trắng bóng_bẩy lái bentley khao_khát chú_ý hắn mở_cửa đón cặp đôi cho_phép quay_phim nhà_riêng tụ_họp tương_tác hắn tín_đồ vợ_chồng christine lặng_lẽ thu_thập bằng_chứng sam cảnh_giác thoải_mái sam thường_xuyên mời vợ_chồng christine tối  phụ_nữ bé gái phòng ngủ cặp đôi quay_phim_tài_liệu sam tiết_lộ bí_mật bất_lợi bao_gồm thú_nhận sốc lạm_dụng tình_dục vợ vị_thành_niên chỉ_đạo tín_đồ quan_hệ tình_dục bé gái  kinh_hoàng bí_mật sam tiết_lộ vợ_chồng christine mạnh_dạn thâm_nhập điều_tra thám_tử nghiệp_dư cớ dự_án phim_tài_liệu  cặp đôi ghi trỗi dậy tiên_tri tham_vọng quyền_lực hành_vi lạm_dụng tình_dục trẻ_em_gái hắn đoạn video   sam mô_tả nghi_lễ chuộc_tội hắn ra_lệnh tín_đồ quan_hệ tình_dục vợ vị_thành_niên hắn quan_sát câu_chuyện sam cố_gắng mô_tả nỗi đau_đớn khổ_sở trải christine giao_video cơ_quan thực_thi pháp_luật địa_phương cơ_quan liên_bang cặp đôi làm_việc fbi tham_gia dàn_dựng đột_kích sắp_xếp sam vỏ bọc quay_phim sam tín_đồ bắt   sam bắt bé gái bảo_vệ chính_quyền hai sam âm_mưu tín_đồ bắt_cóc  bé gái trú_ẩn tiểu_bang lực_lượng thực_thi pháp_luật nạn_nhân   sam tội âm_mưu bắt_cóc vận_chuyển trẻ vị_thành_niên hành_vi tình_dục hắn kết_án  tù quản_chế suốt đời  tín_đồ sam kết_tội âm_mưu lạm_dụng tình_dục trẻ_em án tù chung_thân sinh cộng_đồng flds cô_lập thế_giới internet truyền_hình tin_tức thoát tư_duy cũ hộp khép_kín flds trở_nên vô_cùng sam bắt giam naomi nomz bistline hiện  vợ cũ sam cuộc_sống đảo_lộn ta bắt kinh_hoàng naomi naomi vốn giám_hộ giới_thiệu giáo_phái flds sam dụ_dỗ gia_nhập huấn_luyện kiểu tẩy_não nghi_ngờ quyền_lực tư_duy phản_biện tuyệt_đối naomi vợ sam  cầm_đầu vợ bênh_vực hành_vi lạm_dụng hắn đứng sam từ_chối cáo_buộc hắn nói_dối thẩm_vấn nuôi_dạy chính_phủ hãm_hại tiên_tri naomi vợ_chồng christine sự_thật hoạt_động phi_pháp sam hai vợ trưởng_thành đồng_ý làm_chứng chống sam tòa naomi hai vợ sam phạt tù tham_gia vụ bắt_cóc bé gái tù_naomi thoát kìm_kẹp buộc suy_nghĩ dần toàn_bộ cuộc_đời dối_trá môi_trường phép câu suy_nghĩ hẳn naomi vợ coi_sam tiên_tri naomi rời flds theo_đuổi ước_mơ ca_sĩ coi vợ_chồng christine cha_mẹ đỡ_đầu hy_vọng vụ án phơi_bày khả_năng tàn_phá khủng_khiếp kẻ lạm_dụng tôn_giáo cộng_đồng xảy thị_trấn đàn_ông thị_trấn christine ,0,4,0
nepal cứu_hộ trực_thăng núi hoạt_động sống_còn núi nồng_độ oxy_loãng thời_tiết đột_ngột khả_năng leo núi nạn thủ_đô kathmandu vòng cứu sống vô_số lợi_dụng cấp_bách_ẩn hệ_thống hợp_pháp mạng_lưới gian_lận bảo_hiểm tinh_vi thế_giới  chính_phủ thành_lập ủy_ban điều_tra công_bố báo_cáo  trang tuyên_bố cải_cách năm_ngoái cục điều_tra trung_ương cib cảnh_sát nepal hồ_sơ phát_hiện hành_vi gian_lận dừng mà_còn cơ_chế trò lừa_đảo cứu_hộ giả_mạo đơn_giản dàn dựng trường_hợp cấp_cứu y_tế gọi trực_thăng du_khách bệnh_viện thủ_tục tinh_vi nằm chỗ công_ty bảo_hiểm nước_ngoài xác_minh sự_kiện xảy độ   m thung_lũng hẻo_lánh dãy himalaya điều_tra cib xác_định hai phương_pháp tình_huống khẩn_cấp trường_hợp du_khách đi hướng_dẫn_viên giải_pháp thay_thế vờ ốm trực_thăng hướng_dẫn_viên lo phương_pháp hai lo_ngại độ   mét triệu_chứng nhẹ say_độ độ bão hòa oxy máu tay_chân tê_bì đau_đầu trường_hợp nghỉ_ngơi uống xuống_dốc điều_tra cib hướng_dẫn_viên nhân_viên khách_sạn huấn_luyện leo núi sợ_hãi leo núi nguy_cơ tử_vong cấp_cứu cửa sống hướng_dẫn_viên bị_cáo buộc trộn bột nở thức_ăn du_khách trầm_trọng lệnh cứu_hộ dàn_xếp tài_chính trực_thăng chở hành_khách hóa_đơn riêng_biệt giá đầy_đủ gửi công_ty bảo_hiểm hành_khách chuyến bay chuyến bay thuê bao trị_giá   usd bồi_thường   usd danh_sách hành_khách bảng kê hàng hóa giả_mạo giả bệnh_viện nhân_viên y_tế mắt_xích lừa_đảo tóm_tắt xuất_viện chữ_ký điện_tử bác_sĩ tham_gia vụ_việc đồng_ý hồ_sơ nhập_viện giả triệu_chứng trầm_trọng du_lịch cười đùa uống bia hành_lang bệnh_viện nhân_viên bệnh_viện phim chụp x_quang bệnh_viện hồ_sơ điều_trị leo núi cib_cáo_buộc cơ_cấu hoa_hồng chi_phối mạng_lưới mô_tả chi_tiết thẩm_vấn cảnh_sát bệnh_viện   tiền bảo_hiểm công_ty du_lịch leo núi   cứu_hộ trực_thăng đổi giới_thiệu bệnh_nhân hướng_dẫn_viên leo núi công_ty lữ_hành hưởng lợi hóa đơn thổi_phồng trường_hợp chính_khách du_lịch đề_nghị chia hoa_hồng tiền_mặt tham_gia phi_vụ   điều_tra xác_định   bệnh_nhân nước_ngoài điều_trị bệnh_viện  trường_hợp xác_nhận vụ giải_cứu giả_mạo giai_đoạn hai bệnh_viện thanh_toán  triệu usd công_ty dịch_vụ cứu_hộ thu  triệu usd chuyến bay cứu_hộ cib ví_dụ  du_khách giải_cứu chuyến bay trực_thăng hồ_sơ bảo_hiểm tách thành  chuyến bay máy_bay tổng chi_phí cứu_hộ   usd cộng hóa đơn bệnh_viện   usd thẩm_vấn bác_sĩ bệnh_viện shreedhi bệnh_viện   triệu rupee  tỷ đồng_tiền hoa_hồng dịch_vụ trực_thăng cứu_hộ   triệu rupee  triệu đồng công_ty điều_hành tour leo núi bệnh_viện chia hoa_hồng thúc_đẩy kinh_doanh đoạn ghi_âm hợp_đồng bảo_hiểm du_lịch liên_hệ công_ty bảo_hiểm tiến_hành cứu_hộ dãy himalaya vùng_cao liên_lạc khu_vực tín_hiệu điện_thoại_di_động hầu_như xảy công_ty bảo_hiểm thông_báo sơ_tán hoàn_tất bệnh_nhân bệnh_viện hàng trăm km thủ_đô công_ty cứu_hộ địa_phương điều_hành tour giấy_tờ mục_tiêu công_ty cứu_hộ tối_đa hóa số_lượng hành_khách chuyến bay phí công_ty bảo_hiểm mục_tiêu công_ty du_lịch môi_giới điều_hành cứu_hộ hoa_hồng mục_tiêu bệnh_viện tiếp_nhận bệnh_nhân thủ_tục cần_thiết duy_trì quan_hệ điều_hành tour bệnh_nhân khâu chuỗi lợi_ích trùng_khớp lợi_ích công_ty bảo_hiểm chi_trả bồi_thường  báo điều_tra tờ ủy_ban điều_tra chính_phủ điều_tra báo_cáo  trang đệ_trình bộ_trưởng du_lịch ghi_nhận gian_lận tràn_lan biện_pháp hiệu_quả điều_tra  khởi_xướng   công_dân đệ đơn khiếu_nại cib cơ_quan hồ_sơ    cib buộc_tội   công_ty trực_thăng cứu_hộ  bệnh_viện  công_ty du_lịch tội_danh chống nhà_nước tội_phạm tổ_chức chính_quyền dự_định chấm_dứt kế_hoạch thiệt_hại trầm_trọng ngành du_lịch nepal,0,0,0
 h    ôtô chở  gia_đình lý_quốc  tòa  khu dân_cư thành_phố vạn_ninh tỉnh hải_nam vợ_quốc mua căn_hộ kết_hôn nghỉ đông khu phức_hợp gara_ngầm chỗ đỗ xe công_cộng đất trống tòa cư_dân tòa  chỗ đỗ xe trống cọc_tiêu giao_thông bố vợ_quốc xe đàn_ông dương_đứng cọc_tiêu đậu xe đêm dương chỗ chủ cạnh liễu quân  chiếm_dụng quân cửa_sổ tầng hai ngó bố_quốc bày_tỏ chỗ đậu xe rời đi hôm quân đỗ xe cửa chắn lối đi bố vợ quốc_cố thuyết_phục đỗ xe lệch một_chút chắn đường quân kiên_quyết đồng_ý tối bố vợ_quốc tranh_luận chỗ đỗ xe công_cộng khu dân_cư đậu xe không_thể_nào đậu quốc tốt_nghiệp thạc_sĩ luật đại_học bắc kinh làm_việc ngành tư_pháp  cố thuyết_phục lý_lẽ luật quy_định chỗ đậu xe khu_vực công_cộng khu dân_cư cư_dân quyền ngăn_cản mua chỗ đậu xe cửa quân_hét quân thuê sống tiếng cãi_vã ngô oánh  vợ quân tắm xong ló đầu_ra cánh cửa trượt tầng rèm cửa che_chắn cơ_thể tiếng địa_phương_quốc gia_đình chú_ý tầng hai để_ý oánh lo_sợ xe quệt_xước cố đậu bố vợ_quốc khởi_động xe chỗ đôi lời_qua tiếng_lại tiếng va_đập vang quốc_nhớ như_in âm_thanh dưa_hấu rơi sàn bê_tông oánh ngã cửa trượt quấn rèm đầu hướng chân hướng nằm bất_động mặt_đất phòng máu đỏ sẫm rỉ đầu dần lan rộng toàn_bộ tranh_cãi tiếng_động vang diễn   phút hiện_trường camera an_ninh quân khoảnh_khắc vợ đứng cạnh cửa_kính tầng mù vợ hét đừng đậu xe vợ_quốc câu oánh đi cửa_kính lo vội_vàng lầu chân cầu_thang tiếng ngã quân vợ nằm cửa_kính_quốc quân sự_cố lầu tầm hạn_chế quốc liên_tục hét người_nhà ngã quân vội chạy bế vợ hét đánh quân hàng_xóm dương đồng_hương giục gọi điện_báo oánh đánh kêu giúp quốc_lập_tức gọi cảnh_sát cấp_cứu quân bình_tĩnh quyết_định gia_đình rời hiện_trường oánh bác_sĩ tuyên_bố tử_vong bệnh_viện an_toàn gia_đình quốc thuê phòng khách_sạn tối hôm chủ_động gọi cảnh_sát trình_bày nửa_đêm cảnh_sát vợ_chồng quốc bố đồn điều_tra hai mẹ khách_sạn chăm_sóc cháu cảnh_sát tịch_thu điện_thoại_di_động mẫu máu xét nghiệm_thu_thập dấu vân_tay so_sánh dấu giày đối_chiếu adn kiểm_tra móng mô cơ_thể sợi quần_áo điều_tra_viên cốt_lõi tiếp_xúc thân_thể quốc oánh quốc tranh_cãi xảy đứng oánh   m chú_ý quân oánh_ngã lượt mẹ_quốc mẹ_vợ thẩm_vấn gái  quốc giám_hộ đi suốt bốn tiếng đồng_hồ khách_sạn kết_quả chứng_minh tiếp_xúc thân_thể_nào hai điều_tra hình_sự khép gia_đình quốc bày_tỏ cảnh_sát sẵn_lòng bồi_thường nhân_đạo kia ngờ vụ_việc rẽ hướng    báo_cáo pháp_y mô_tả nguyên_nhân tử_vong oánh chấn_thương sọ não kết_hợp xuất_huyết nhện thoát_vị hạnh_nhân tiểu_não cơ_sở bệnh tim_mạch xơ_vữa động_mạch_vành suy hô_hấp suy_tuần hoàn tử_vong quân gái đệ_đơn kiện dân_sự đòi bồi_thường   triệu nhân_dân_tệ   tỷ đồng hành_vi gây_rối gia_đình quốc chết oánh đơn khiếu_nại gia_đình quốc đề_nghị quân đậu xe dương từ_chối xuất_phát quân đồng_ý vợ_quốc đột_nhiên kích_động quân quyền quyết_định đỗ xe oánh_cố nói_lý gia_đình quốc_xông gây_rối oánh ngã gia_đình quốc biện_pháp cứu_hộ hoảng_loạn chạy hiện_trường hồ_sơ y_tế oánh quân bệnh_viện vợ đẩy ngã đất cãi gia_đình quốc_mâu_thuẫn kết_quả điều_tra cảnh_sát quốc cư_dân tòa chỗ đậu xe công_cộng trống khu dân_cư hợp_lý hợp_pháp quân oánh thuê chiếm_dụng chỗ đậu xe công_cộng xâm_phạm quyền_lợi hợp_pháp quốc chủ khu dân_cư oánh vô_tình ngã bảo_vệ lợi_ích bất_hợp_pháp quan_hệ nhân_quả gia_đình gọi cảnh_sát cấp_cứu rời hiện_trường quân gọi sổ_buộc tạm_thời đi an_toàn khách_sạn chủ_động gọi cảnh_sát hợp_tác điều_tra    tand thành_phố vạn_ninh xét_xử vụ kiện tòa hai xoay quanh cốt_lõi chiếm_dụng chỗ đậu xe công_cộng khu dân_cư quan_hệ nhân_quả oánh ngã cãi_vã hai hành_động gia_đình quốc cấu_thành lỗi mặt pháp_lý công_ty quản_lý bất_động_sản nêu chỗ đậu xe khu dân_cư tài_nguyên công_cộng áp_dụng nguyên_tắc đỗ chỗ đậu xe quốc bản_án sơ_thẩm né_tránh quyền_sở_hữu chỗ đậu xe đề_cập quân chiếm_dụng chỗ đậu xe công_cộng nhận_định vợ_chồng quân cho_phép đậu xe cửa gia_đình quốc chỗ đậu xe quân tranh_cãi oánh kích_động ngã tử_vong hai quan_hệ nhân_quả quốc lập_luận cú ngã oánh tai_nạn báo_cáo pháp_y nêu nguyên_nhân chết oánh chấn_thương sọ não kết_hợp xuất_huyết nhện hậu_quả cú ngã nhồi máu tim đau tim bệnh_lý tử_vong chứng_kiến toàn_bộ oánh ngã gái  quốc lão tầng kéo rèm che_chắn cổ trở buông_tay xoay hét tiếng a ngã_ngửa đất cửa_kính bất_động_quốc giải_thích đứa trẻ toàn_bộ oánh ngã bé tranh_cãi dồn_sự chú_ý quân hàng_xóm có_mặt hiện_trường tối làm_chứng hai đứng mét tiếp_xúc cơ_thể oánh ngã chi_tiết gái quốc mô_tả trùng_khớp hiện_trường tòa  bậc thềm  cm quân chỗ đậu xe  m xảy oánh bao_bọc rèm cửa cản_trở tầm xoay bước_hụt trượt chân hợp_lý cú ngã    tand thành_phố vạn_ninh phán_quyết sơ_thẩm tòa_án nhận_định tranh_cãi quốc bị_đơn vợ_chồng quân oánh quan_hệ nhân_quả cú ngã tử_vong oánh tòa_án kết_luận bốn bị_đơn lỗi  trách_nhiệm dân_sự bồi_thường   nhân_dân_tệ  triệu đồng_quốc kháng_cáo   vụ án xét_xử phúc_thẩm tand trung_cấp tỉnh hải_nam tòa_quốc bản_án sơ_thẩm sai_sót áp_dụng luật nguyên_nhân gốc_rễ vụ_việc quân oánh chiếm_dụng trái_phép chỗ đậu xe công_cộng mặt chủ_quan hề cố_ý sơ_suất lường xa_lạ tiếp_xúc đứng  m đột_nhiên ngã phút qua_tiếng quốc thẩm_phán tòa sơ_thẩm áp_đặt nghĩa_vụ dự_đoán rủi_ro gia_đình hợp_lý đôi tranh_cãi xảy tai_nạn nguyên_nhân diễn_biến buộc trách_nhiệm bồi_thường xã_hội công_bằng chính_nghĩa_quốc    tòa phúc_thẩm kháng_cáo nguyên phán_quyết sơ_thẩm thẩm_phán nhận_định gia_đình quốc vợ_chồng quân chiếm_dụng trái_phép chỗ đậu xe công_cộng cách_thức hợp_lý hợp_pháp bảo_vệ quyền_lợi thay tranh_cãi bạo_lực_ngôn gia_tăng xung_đột thẩm_phán quốc_lẽ_ra lường cao_tuổi đa_phần mắc bệnh cảm_xúc kích_động dữ_dội hậu_quả nghiêm_trọng lỗi_quốc bày_tỏ thẩm_phán phiên tòa sơ_thẩm phúc_thẩm đề_cập quyền_sở_hữu chỗ đậu xe tranh_cãi gia_đình hề chửi_bới lăng_mạ uy_hiếp thẩm_phán dựa nhận_định bạo_lực_ngôn điều_quốc chấp_nhận nghĩa_vụ dự_đoán rủi_ro tòa áp_đặt lẽ_nào công_cộng cao_tuổi hành_vi phạm_pháp khuyên_can trách_nhiệm tai_nạn xảy cao_tuổi quốc_đặt nghi_vấn_quốc nộp đơn đề_nghị tái_thẩm   kiên_trì theo_đuổi   tand tỉnh hải_nam thông_báo lập hồ_sơ tái_thẩm_sớm,0,4,0
 h    mẹ park jeong ho  gọi điện trung_tâm đào_tạo nghề chồng đi hwaseong gyeonggi  h trai một_mình hầu_như đừng quên khóa cửa xong bài_tập gia_sư dặn jeong ho_đáp bé học căn_hộ tầng  gia_đình ulsan bất_thường trò_chuyện thường_ngày hai mẹ_con cúp máy mẹ jeong_ho ngờ giọng bốn tiếng đội cứu hỏa báo cháy căn_hộ gia_đình jeong_ho hiện_trường phát_hiện cảnh_tượng rùng_mình thi_thể jeong_ho phòng ngủ trói đánh_đập cảnh_sát điều_tra vụ án vô_số nghi_vấn bé tấn_công hung_thủ căn_hộ dấu_hiệu bất_thường khói bốc căn_hộ tầng  gia_đình jeong_ho cư_dân tòa nhà_báo_cáo mùi khét  h tiếng mẹ jeong ho gọi điện đám cháy ban_đầu suy_đoán sự_cố thiết_bị điện rò_rỉ khí gas đội cứu hỏa phun căn_hộ khói xám dày_đặc_lan khắp hành_lang lửa khống_chế lính cứu hỏa kiểm_tra jeong_ho phòng ngủ bé nằm sàn hai cổ_tay trói miệng bịt băng_dính màu xanh gậy bóng chày cháy xém dao bếp cuộn băng_dính cảnh_sát thông_tin phát_hiện jeong_ho căn_hộ  h ban_đầu bé dường_như bị_thương đám cháy lính cứu hỏa bé căn_hộ gỡ băng_dính kiểm_tra dấu_hiệu sinh_tồn jeong_ho tử_vong kết_quả khám_nghiệm tử_thi nguyên_nhân tử_vong ngạt thở kiểm_tra jeong ho chấn_thương đầu dấu_hiệu chấn_thương não cú đánh vật điều_tra_viên muội than đường thở jeong_ho bé thở bất_tỉnh đám cháy bùng dựa đồ_vật cạnh thi_thể điều_tra_viên suy_đoán kẻ đột_nhập đe dọa dao đánh đầu bé gậy bóng chày trói băng_dính phóng hỏa đốt kẻ tấn_công dường_như phóng_hỏa hai riêng_biệt căn_hộ phòng ngủ jeong_ho phòng ngủ phụ cửa phòng khóa lính cứu hỏa điều_tra_viên kết_luận kẻ tấn_công chìa khóa kệ lối khóa cửa phòng ngủ phụ trì_hoãn phát_hiện đám cháy điều_tra_viên ghép nối giờ_phút cuộc_đời jeong ho khai nhân_chứng thu_hẹp khả_năng xảy vụ hành_hung phóng hỏa tiếng jeong ho đầu chiều khai rời căn_hộ  h bé rời đi jeong_ho tivi cửa mở_toang tòa chung_cư xây_dựng đầu  lối đi ngoài_trời lan_can chạy dọc tầng lối căn_hộ hướng cấu_trúc quan_sát căn_hộ tầng  cửa hàng_xóm sống tòa khu phức_hợp cửa jeong_ho  h cửa_sổ  phút cửa đóng gia_sư jeong ho cửa khóa dạy kèm bé  h gõ_cửa phản_hồi tờ giấy nhắn rời lớp_học dựa khai cảnh_sát kết_luận jeong_ho tấn_công  h  h  phút ngắn_ngủi bé một_mình căn_hộ khóa kín nhân_chứng xác_nhận cửa đầu chiều cảnh_sát kẻ đột_nhập căn_hộ jeong ho quên_khóa cửa thi_thể jeong_ho dấu_vết bé chống_cự adn lạ móng vết_thương tự_vệ_liệu kẻ tấn_công quen_biết đứa trẻ sợ_hãi cảnh_sát điều_tra mâu_thuẫn xung_đột trường_học mâu_thuẫn gia_đình nghi_phạm khả_dĩ khai_jeong ho trầm_tính hòa đồng cha_mẹ bé xung_đột bạo_lực căn_hộ bằng_chứng ngoại_phạm  phút jeong_ho khả_năng tấn_công cảnh_sát chuyển_hướng suy_đoán jeong_ho trộm đột_nhập tấn_công hiện_trường ngăn_kéo tủ trang_điểm lục_lọi đi  món đồ trang_sức vàng mẹ jeong_ho tiền_mặt căn_hộ nguyên_vẹn dây_chuyền vàng cổ jeong_ho trộm_cắp mục_đích tội_ác khu chung_cư xây chục tính_năng an_ninh hiện_đại camera giám_sát ghi xâm_nhập vị mời lối công_cộng tòa mật_mã thẻ_khóa giám_sát trở_ngại nỗ_lực chữa_cháy bằng_chứng_pháp_y cảnh_sát điều_tra hiện_trường vòi phun trôi dấu chân tiềm_năng sức nóng khói phá hủy bằng_chứng vật_lý siêu_nhỏ giúp xác_định nghi_phạm tóc sợi vải cảnh_sát thu_thập gậy bóng chày_dao bếp băng_dính trói đứa trẻ adn dấu vân tay_trên cảnh_sát nhân_chứng hoạt_động bất_thường tòa hôm khả_nghi khu chung_cư xảy vụ án trôi cảnh_sát thu_hẹp phạm_vi tìm_kiếm manh_mối trang_sức vàng đánh_cắp trị_giá  triệu won phát thông_báo tiệm cầm_đồ cửa_hàng trang_sức khắp ulsan busan hy_vọng món đồ nghi_phạm xảy điều_tra_viên thẩm_vấn   bao_gồm tội_phạm khét_tiếng khu_vực vụ bắt_giữ manh_mối cha_mẹ jeong ho giúp xoa_dịu nỗi đau busan sống lặng_lẽ sinh khu chung_cư cũ lượt cư_dân đi đứa trẻ thiệt_mạng vụ hỏa_hoạn cảnh_sát ký_ức tập_thể phai_nhạt trở_ngại vụ án giải_quyết chi_tiết sót niềm an_ủi duy_nhất cha_mẹ jeong_ho vụ án khép thời_hạn truy_tố  ban_đầu ấn_định   sửa_đổi  gọi_là luật tae wan nạn_nhân  vụ tấn_công axit  đường danh_tính xóa hạn_chế truy_tố vụ giết thời_hiệu dấy hy_vọng tiến_bộ khoa_học pháp_y chú_ý công_chúng khơi đột_phá,0,4,0
gemma kingsley đại_diện quyến_rũ sức hút giới thời_trang  đầu thế_kỷ  thường_xuyên bìa tạp_chí coi biểu_tượng thời_trang   gemma kingsley chiếm lĩnh_trang phương_tiện truyền_thông đi kèm bản_án   tù hồ_sơ  gemma  dàn_dựng vụ lừa_đảo tinh_vi di_chúc giả lừa  nạn_nhân tổng_số tiền   bảng mồi nhử vụ lừa_đảo gemma khoản thừa_kế khổng_lồ  triệu bảng tuyên_bố khối tài_sản nội quá_cố tạm_thời thừa_kế pháp_lý gấp khoản vay ngắn_hạn gỡ phong_tỏa tài_khoản mắc bẫy doanh_nhân hertfordshire  gemma nhanh_chóng rơi lưới tình hứa_hẹn kết_hôn gemma vay tiền trai thừa_kế tài_sản thành_công khoản vay báo đáp gấp đôi doanh_nhân tin_tưởng thuê giá   bảng sống gemma chi tổng_cộng   bảng đám_cưới xa_hoa giúp gemma nợ cũ trang_bị nội_thất cao_cấp mà_còn mời thợ_may ai_cập bay london may váy cưới gái háo_hức chờ đón cuộc_sống tương_lai vị doanh_nhân đám_cưới hủy toàn_bộ tiền vô_ích kết_thúc quan_hệ doanh_nhân gemma mục_tiêu sĩ_quan tốt_nghiệp học_viện hải_quân hoàng_gia trải hôn_nhân thất_bại gemma_lặp chiêu_trò cũ thuyết_phục_viên sĩ_quan đặt_cọc tiền mua xe sang_trọng land_rover porsche ta lén thẻ_tín_dụng trai thanh_toán hóa đơn khách_sạn cắt_cổ viên sĩ_quan   bảng tình_chóng vánh viên sĩ_quan nghỉ_việc người_quản_lý quỹ thừa_kế_hợp hứa_hẹn gemma lừa thu_nhập  thành_công hai vụ lừa_đảo thủ_đoạn gemma táo_tợn ta nhắm trang_web hẹn_hò tìm_kiếm nạn_nhân gemma mời đàn_ông nhà_ăn tối lợi_dụng ta cảnh_giác lén lục_túi áo_khoác chụp ảnh thẻ_tín_dụng thông_tin hôm đàn_ông cuộc_gọi ngân_hàng thông_báo giao_dịch ngờ kiểm_tra kê ta phát_hiện thẻ_tín_dụng mua_sắm trực_tuyến tiền khả_năng mánh khóe lừa_đảo khéo_léo gemma trải_nghiệm phức_tạp đời_sống gemma sinh  gia_đình trung_lưu tây_nam london thiếu_niên gái tóc vàng   m vóc_dáng vẻ nổi_bật gemma dấn_thân sự_nghiệp người_mẫu làm_quen lối sống xa_hoa giới thượng_lưu  gemma kết_hôn sinh dần_rút lui sàn catwalk hôn_nhân tan_vỡ gemma cuộc_sống đầu_bếp quan_hệ dài_lâu loạt thất_bại tình_cảm sự_nghiệp gemma đường lừa_đảo duy_trì lối sống xa_hoa ta đánh_cắp thẻ_tín_dụng đàn_ông khách_sạn khu nghỉ_dưỡng trượt_tuyết dãy alps_pháp tiêu   euro gemma kết_án  tù treo phạt   euro cấm nhập_cảnh pháp  phán_quyết gemma hối_hận ngược_lại thúc_đẩy nâng_cấp chiêu_trò lừa_đảo mục_tiêu thẻ_tín_dụng con_người tìm_kiếm mồi trang_web hẹn_hò mắt nạn_nhân gemma thường_xuyên tiêu_xài hoang_phí paris london quen khách_sạn sang_trọng dãy alps tưởng_tượng phụ_nữ tóc vàng quyến_rũ giỏi ăn_nói học_thức thực_chất kẻ lừa_đảo gemma chủ_yếu tiền lừa_đảo thuê phòng suite sang_trọng tổ_chức tiệc riêng_tư mua túi_xách phiên_bản giới_hạn thuê trợ_lý tài_xế chiều ngược_lại khoản chi_tiêu giúp hình_tượng thừa_kế gemma chân_thực người_mẫu thường_xuyên sắp_xếp nạn_nhân tham_dự hội_nghị coutts co ngân_hàng tư_nhân hàng_đầu chuyên_môn phục_vụ khách_hàng tài_sản ròng tài_khoản cực_kỳ khắt_khe gemma nạn_nhân tận_mắt chứng_kiến ta ngân_hàng hàng_đầu thuyết_phục thừa_kế khối tài_sản khổng_lồ thủ_đoạn gemma ta thành_thạo việc_làm giả tài_liệu bắt_chước con_dấu tem chống hàng giả độ chân_thực cao_đáng chú_ý gemma nghiên_cứu khác_biệt thuật_ngữ pháp_lý khu_vực dễ_dàng chuyên_gia phát_hiện giấy_tờ giả_mạo củng_cố hình_ảnh thừa_kế giàu_có kịch_bản kín_kẽ gemma thuyết_phục nạn_nhân tiền đặt_cọc xe thanh_toán hóa đơn khách_sạn xa_xỉ quần_áo trang_sức đắt tiền đánh_bạc trực_tuyến trò lừa_đảo tưởng_chừng hoàn_hảo dần_lộ sơ_hở sụp_đổ cuộc_gọi trình_báo cảnh_sát  cảnh_sát hạt wiltshire báo_cáo trái_phép thông_tin tài_khoản ngân_hàng thanh_toán kỳ_nghỉ trang_trại thị_trấn chippenham manh_mối cảnh_sát phát_hiện nghi_phạm gemma cảnh_sát nhanh_chóng vụ gian_lận thẻ_tín_dụng đơn_giản kết_quả điều_tra   gemma phạm_tội wiltshire london bristol địa_phương đàn_ông nạn_nhân lừa_đảo tình_cảm đối_mặt điều_tra cảnh_sát gemma trốn_tránh   đầu thẩm_vấn ta kịch_liệt phủ_nhận cáo_buộc cảnh_sát cố_gắng liên_lạc nghi_can biến tắt điện_thoại địa_chỉ   cảnh_sát gemma bristol   công_tố_viên chính_thức buộc_tội gemma ta trốn ẩn_náu hẻo_lánh cao_nguyên scotland  cảnh_sát gemma tống_đạt giấy triệu_tập tòa câu gemma hầu_tòa gemma tuyên_bố thông_qua luật_sư buộc_tội   gemma cảnh_sát chặn xe chạy tốc_độ scotland bắt chờ xét_xử gemma nhận_tội lập_luận nổi_tiếng người_mẫu theo_dõi quấy_rối nạn_nhân thực_chất si_mê ám_ảnh trả_thù đối_mặt loạt bằng_chứng bao_gồm thư luật_sư giả_mạo hồ_sơ gian_lận ngân_hàng biên_lai chuyển_khoản nạn_nhân gemma xảo_biện hồi  tòa đại_hình swindon gemma tội  cáo_buộc bao_gồm trộm_cắp lừa_đảo bịa_đặt sai sự_thật giấy_tờ giả_mạo gemma kết_án   tù tuyên_án thẩm_phán nhận_định gemma tham_làm mù_quáng lợi_dụng vẻ xinh_đẹp dụ_dỗ nạn_nhân giăng mạng_lưới dối_trá thủ_đoạn phục_vụ lối sống hoa cảnh_sát vụ án nạn_nhân tổn_thất tài_chính mà_còn gánh_chịu tổn_thương tâm_lý nạn_nhân rơi bẫy giai_đoạn tổn_thương mặt cảm_xúc ly_hôn thiếu_thốn tình_cảm gemma thao_túng lời_lẽ trau_chuốt kỹ_lưỡng ta duy_trì lối sống khả_năng chi_trả công_tố_viên,0,4,0
   gia_đình câu_lạc_bộ thể_dục columbus_bang ohio đi ngang cảnh_tượng đời_thường bế cháu trai đi chồng_con trai dâu cảnh_sát mặc thường_phục chờ sẵn sự_thật thập_kỷ phạm_nhân giết vượt_ngục nhận_án  tù ta sống danh_tính giả giấu kín bí_mật khủng_khiếp suốt  gia_đình ta tonya hudkins mccartor quá_khứ phạm_tội cảnh_sát tiết_lộ tonya margo freshwater margo freshwater trốn thoát nhà_tù lẩn_trốn thành_công sống cuộc_sống bình_thường phát_hiện tưởng_tượng nổi rodney hoevet trợ_lý giáo_sư tâm_lý_học pháp_y đại_học maryville thành_phố st louis_bang missouri  margo  học vướng quan_hệ tình_ái luật_sư  glenn nash hiệp_hội luật_sư memphis điều_tra hành_vi sai_trái pháp_lý cáo_trạng   cặp đôi loạt vụ cướp tiểu_bang bắn chết nhân_viên cửa_hàng rượu tennessee tài_xế taxi mississippi nhân_viên cửa_hàng tạp_hóa florida glenn coi năng_lực hầu_tòa mắc chứng_tâm_thần phân_liệt margo bắn đi glenn dọa giết công_tố_viên lập_luận margo đồng_phạm vụ giết bóp cò margo xét_xử hai mississippi hai phiên tòa kết_thúc bồi_thẩm_đoàn đồng_thuận tennessee margo kết_tội giết nhận_án  tù     thụ_án margo tù trèo_rào trốn nhà_tù phụ_nữ nashville tennessee đi xe tài_xế xe_tải hai baltimore tạm_biệt đầu  cảnh_sát bắt phụ_nữ kia chicago margo biệt_tăm_tích tẩu_thoát margo_biến tầm_mắt chính_quyền ta tàu quê_nhà ohio xây_dựng cuộc_đời_mới tonya myers sống làm_việc thời thơ_ấu dặm thời thủ_tục thẻ an_sinh xã_hội dễ_dàng margo công_việc phục_vụ_bàn nhân_viên pha_chế rượu quản_lý câu_lạc_bộ đồng_quê ta phép bảo_hiểm bất_động_sản margo liên_lạc cũ thành_viên gia_đình hiếm_hoi tình_cờ quen dường_như ta gia_đình thủ_tục chính_quyền công_nhận margo chết mặt pháp_lý  tiến_sĩ leslie dobson tâm_lý_học lâm_sàng pháp_y margo bậc thầy ngụy_trang xã_hội ta duy_trì vẻ bình_dị đời_thường thu_hút chú_ý trốn cách_trở_nên vô_hình trốn cách_trở_nên bình_thường lãng_quên dobson margo đi nghỉ tennessee ta liệt danh_sách tội_phạm truy_nã gắt_gao margo hai hai đàn_ông kết_hôn chồng joe hudkins sinh joe qua_đời ung_thư   margo tham_gia dịch_vụ hẹn_hò điện_thoại chồng hai tài_xế xe_tải ly_hôn_daryl mccartor margo  cháu hôn_nhân hai  margo cảnh_sát bắt bại_lộ quá_khứ margo lẩn_tránh chính_quyền thập_kỷ cảnh_sát ngừng tìm_kiếm ta công_tố_viên bang ohio margo ý_định ngoại_hình ta mắc sai_lầm nghiêm_trọng điều_tra_viên tennessee tìm_kiếm phụ_nữ ngoại_hình độ tương_tự margo dựa báo ta bí_danh tonya quá_khứ tiến_hành kiểm_tra giấy_phép lái_xe định_kỳ nhà_chức_trách đột_phá nhập ngày_sinh margo cơ_sở_dữ_liệu thống_kê dân_số quốc_gia tonya hudkins mccartor sống ngoại_ô columbus_ohio điều_tra_viên so_sánh ảnh lái_xe tonya ohio ảnh chụp hồ_sơ tội_phạm margo sốc hai phụ_nữ chị_em sinh_đôi trông phiên_bản lớn_tuổi kia điều_tra cảnh_sát tonya margo thuyết_phục thẩm_phán lệnh khám_xét dấu vân đứng cảnh_sát margo ôm tạm_biệt gia_đình lo_sợ kết_quả đối_chiếu dấu vân trùng_khớp margo thừa_nhận danh_tính trở_lại nhà_tù phụ_nữ tennessee ta giam_giữ khu biệt_giam an_ninh tối_đa tách_biệt tù_nhân thẩm_phán ra_lệnh margo chấp_hành nốt bản_án  ban_đầu cộng tội trốn tù gia_đình margo tỏ chấp_nhận vợ mẹ thân_quen kẻ giết kết_án tuyệt_vời cuộc_đời tưởng_tượng đau_khổ tổn_hại daryl mccartor chồng hai truyền_thông margo vô_tội luật_sư bào_chữa lập_luận bản_chất margo thể_hiện cuộc_sống trốn_thoát glenn thả tự_do  điều_trị bệnh_viện tâm_thần margo luật_sư kháng_cáo bản_án  lập_luận công_tố_viên che_giấu bằng_chứng vụ án thư tù_nhân glenn thú_nhận sát_hại nhân_viên cửa_hàng rượu một_mình   tòa phúc_thẩm hình_sự tennessee đảo_ngược bản_án margo ra_lệnh xét_xử chờ xét_xử margo đồng_ý thỏa_thuận tội kiểu alford công_tố_viên bị_cáo phép vô_tội hồ_sơ tòa_án chấp_nhận phạt thừa_nhận công_tố chứng_cứ buộc_tội thỏa_thuận margo kết_án  tù trừ đi thụ_án xem_xét nhẹ cải_tạo   margo tự_do margo thả daryl mccartor tiết_lộ truyền_thông hy_vọng nối hôn_nhân dang_dở chính_thức đổi thành tonya kết_hôn trải tốt_đẹp hướng tốt_đẹp mccartor tù_margo sống khép_kín chú_ý,0,4,0
tài_liệu phiên họp thường_niên   chứng_khoán kỹ_thương tcbs mục_tiêu doanh_thu   tỷ đồng lợi_nhuận thuế   tỷ đồng lần_lượt    số_liệu so_sánh bao_gồm khoản thu_nhập phát_sinh trị_giá  tỷ đồng ghi_nhận quý_iv  số_liệu báo_cáo kiểm_toán  doanh_thu lợi_nhuận tcbs lần_lượt   hoàn_thành kế_hoạch công_ty kết_quả lãnh_đạo tcbs kỳ_vọng chứng_khoán việt_nam hưởng lợi chính_thức nâng hạng  hạ_tầng kỹ_thuật khung pháp_lý sản_phẩm nền_tảng tăng_trưởng bền_vững thị_trường phiên họp hội_đồng_quản_trị tcbs trình cổ_đông phương_án phát_hành   triệu cổ_phiếu cổ tức  tỷ_lệ  hoàn_tất thương_vụ vốn_điều_lệ công_ty   tỷ đồng  tcbs ghi_nhận tổng doanh_thu   tỷ đồng   lợi_nhuận thuế   tỷ đồng cải_thiện  kỳ_tcbs công_ty ngân_hàng kỹ_thương techcombank băng nắm  hai trở_lại doanh_nghiệp đứng đầu ngành chứng_khoán lợi_nhuận,1,1,0
chỉ_số đại_diện sàn tp hcm giao_dịch hôm_nay tuần_lực cầu giải_ngân giá phút giúp biên_độ thu_hẹp  nối chuỗi điều_chỉnh  phiên liên_tiếp đóng_cửa   diễn_biến trùng_khớp dự_báo ngắn_hạn phân_tích công_ty chứng_khoán yuanta việt_nam đóng_cửa sắc đỏ chỉ_số nhịp hồi_phục   quán tuần kéo_dài vn index_lùi quanh     bật trở_lại   thị_trường tác_động sự_kiện ftse russell công_bố kết_quả nâng hạng kỳ_sàn tp hcm hôm_nay chìm sắc_đỏ  mã gấp  mã rổ vốn hóa  cổ_phiếu đóng_cửa tham_chiếu gấp đôi số_lượng cổ_phiếu dầu_khí áp_lực xả hàng toàn_bộ cổ_phiếu thành_phần bsr pvd điều_chỉnh tỷ_lệ lần_lượt     tương_tự nhà_đầu_tư đồng_loạt cổ_phiếu phân_bón mã_trụ dgc dpm dcm  cổ_phiếu chứng_khoán sâu apg hôm_nay chạm_sàn mua tcx vix vds  vnd số_ít_mã trạng_thái tích_cực nguyên tham_chiếu sắc_đỏ bao_trùm bất_động_sản cổ_phiếu chủ đầu_tư kdh nlg agg pdr dxg đóng_cửa  vic lội ngược dòng     đồng giúp vn index phiên sâu tín_hiệu kém khả_quan phiên đầu tuần thanh_khoản sâu   tỷ đồng tâm_lý thận_trọng cao_độ nhà_đầu_tư lẫn khớp lệnh  thị_trường cổ_phiếu nghìn tỷ_vix dẫn_đầu  tỷ đồng hpg shb mwg  tỷ đồng nhà_đầu_tư nước_ngoài nối dài_mạch xả hàng phiên hai giải_ngân   tỷ đồng   tỷ đồng,1,3,0
thị_trường_chứng_khoán giai_đoạn ảm_đạm tết_nguyên_đán thận_trọng nhà_đầu_tư thềm sự_kiện lo_ngại diễn_biến xấu xung_đột trung_đông thể_hiện tổng hôm_nay   tỷ đồng  phiên đầu tuần  trở_lại thanh_khoản hôm_nay phân_nửa bình_quân sàn tp hcm ghi_nhận cổ_phiếu khớp lệnh nghìn tỷ cổ_phiếu đứng đầu bảng xếp_hạng thanh_khoản lần_lượt shb  tỷ đồng vix  tỷ đồng ssi  tỷ đồng dòng tiền nhà_đầu_tư nội_địa đóng vai_trò nâng_đỡ thị_trường khối ngoại rút ròng  tỷ đồng nhà_đầu_tư ngoại hôm_nay xả hàng  cổ_phiếu ngân_hàng tcb hdb mbb acb báo_cáo chiến_lược công_bố hôm_qua phân_tích công_ty chứng_khoán rồng việt nhận_định xu_hướng bán_ròng khối ngoại phản_ánh thận_trọng thị_trường nổi đồng usd duy_trì sức_mạnh xung_đột trung_đông dấu_hiệu hạ nhiệt lực cầu nhà_đầu_tư vn index  ngắt_mạch  phiên liên_tiếp chỉ_số đại_diện sàn tp hcm đóng_cửa   chứng_khoán trạng_thái khởi_sắc vix hôm_nay đóng_cửa giá_trần   đồng phiên mã_trụ vci vnd ssi hcm  tham_chiếu ngành phân_hóa ngân_hàng mã lpb vpb shb stb ngược_lại hàng_loạt mã vốn hóa mbb acb tpb tcb hdb bất_động_sản diễn_biến tương_tự cổ_phiếu chủ đầu_tư vic nvl qcg hdg vhm scr vpl nbb biên_độ điều_chỉnh  mã_trụ dầu_khí đối_mặt áp_lực xả hàng đóng_cửa tham_chiếu gas plx hai cổ_phiếu đầu ngành lần_lượt     nhận_định phân_tích công_ty chứng_khoán yuanta việt_nam giao_dịch dấu_hiệu cạn cung tín_hiệu tích_cực thị_trường cân_bằng trở_lại giá     đồng quan_điểm chuyên_gia công_ty chứng_khoán acb dựa phân_tích kỹ_thuật niềm chỉ_số hồi_phục phiên giá mục_tiêu  ,1,3,0
thông_tin nêu tài_liệu trình đại_hội_đồng cổ_đông thường_niên dự_kiến diễn   ban lãnh_đạo vpbanks kế_hoạch xây_dựng dựa yếu_tố vĩ_mô thuận_lợi thị_trường_chứng_khoán dự_báo cải_thiện thanh_khoản giao_dịch bình_quân phiên   tỷ đồng  yếu_tố ftse russell xác_nhận nâng hạng thị_trường_chứng_khoán việt_nam cận_biên nổi cổ_phiếu việt_nam chỉ_số toàn_cầu dự_kiến triển_khai  hoàn_tất thu_hút dòng vốn quốc_tế hiện_thực_hóa con_số tăng_trưởng vpbanks duy_trì chiến_lược quản_trị mục_tiêu kiểm_soát tỷ_lệ chi_phí thu_nhập cir    chỉ_số    doanh_thu lợi_nhuận phản_ánh nỗ_lực tối_ưu chi_phí nâng hiệu_quả hoạt_động cơ_cấu doanh_thu mảng môi_giới vay margin xác_định động_lực tăng_trưởng công_ty mục_tiêu nâng thị_phần môi_giới hose  đầu lọt top  quý_iv  duy_trì quý i  dư_nợ margin bình_quân  dự_kiến   tỷ đồng gấp đôi bình_quân công_ty tận_dụng tối_đa lợi_thế vốn giá rẻ sản_phẩm tài_chính linh_hoạt thu_hút khách_hàng nâng_cấp trải_nghiệm nền_tảng cạnh mảng ngân_hàng đầu_tư ib định_vị lợi_thế cạnh_tranh dựa kết_nối hệ_sinh_thái vpbank  tư_vấn phát_hành nợ dcm vpbanks chiếm  tổng trái_phiếu doanh_nghiệp phi ngân_hàng sơ_cấp toàn thị_trường  doanh_nghiệp định_hướng đẩy_mạnh tư_vấn phát_hành nợ tư_vấn thị_trường vốn cổ_phần ecm  dự_báo nhu_cầu phát_hành trái_phiếu cổ_phiếu doanh_nghiệp vpbanks lợi_thế khai_thác gia_tăng quy_mô tư_vấn phát_hành bảo_lãnh phân_phối trích báo_cáo hoạt_động ban tổng_giám_đốc vpbanks nhận_định triển_vọng phân_tích bidv_securities kênh vốn cổ_phiếu trái_phiếu thúc_đẩy áp_lực tín_dụng ngân_hàng thuận_lợi công_ty chứng_khoán mảng tư_vấn tài_chính đầu_tư kỳ_vọng tăng_trưởng thị_trường m a tái_cấu_trúc doanh_nghiệp  vpbanks tham_gia tư_vấn thương vụ m a_quy_mô  triệu usd tập_đoàn kokuyo nhật_bản tập_đoàn thiên_long doanh_nghiệp mảng kinh_doanh vận_hành hướng liên_kết môi_giới khách_hàng margin gia_tăng giao_dịch ib tư_vấn khai_thác nhu_cầu vốn cấp_độ tiếp_cận giúp đa_dạng hóa thu củng_cố nền_tảng tăng_trưởng dài_hạn song_song chiến_lược kinh_doanh vpbanks xác_định nhân_sự văn_hóa doanh_nghiệp nền_tảng giai_đoạn tăng_trưởng công_ty định_hướng nâng khách_hàng thông_qua kết_hợp năng_lực tư_vấn hệ_sinh_thái vpbank đối_tác chiến_lược sumitomo mitsui banking_corporation kinh_nghiệm triển_khai  tăng_tốc lộ_trình dài_hạn hướng mục_tiêu công_ty chứng_khoán dẫn_đầu thị_trường tổng tài_sản lợi_nhuận  nguồn_lực vốn công_nghệ hóa thành hiệu_quả kinh_doanh bền_vững cổ_đông,1,1,0
báo_cáo kết_quả kinh_doanh điện_máy xanh công_bố đà tăng_trưởng mở_rộng quy_mô việt_nam doanh_nghiệp cửa_hàng tối_ưu vận_hành nâng doanh_thu cửa_hàng sssg  cơ_cấu động_lực nổi_bật sản_phẩm apple doanh_thu   kỳ toàn danh_mục điện_thoại android  ngành_hàng điện_máy tivi máy giặt tủ_lạnh   đà kéo kết_quả chuỗi topzone  mảng tăng_trưởng hệ_thống gặp_gỡ nhà_đầu_tư  vũ đăng_linh tổng_giám_đốc thế_giới di_động mwg   doanh_nghiệp ghi_nhận  triệu usd doanh_thu sản_phẩm apple chiếm một_nửa thị_phần hàng apple hãng việt_nam sản_phẩm duy_trì đóng_góp ổn_định phân_phối hệ_thống thế_giới di_động lẫn chuỗi chuyên_biệt topzone sức cầu sản_phẩm apple thể_hiện đợt ra_mắt iphone  series phố đi nguyễn_huệ tp hcm hình_thức lễ_hội công_nghệ mwg topzone ghi_nhận   đơn đăng_ký  phút đầu cổng đặt_cọc song_song doanh_nghiệp đẩy_mạnh tài_chính tiêu_dùng duy_trì sức_mua doanh_thu trả_chậm   danh_mục sản_phẩm áp_dụng hình_thức mảng dịch_vụ tiện_ích đại_lý ngân_hàng   tỷ đồng giao_dịch thị_trường nước_ngoài liên_doanh erablue ghi_nhận doanh_thu  tỷ_rupiah indonesia gấp đôi kỳ_tính  hệ_thống  cửa_hàng  kỳ duy_trì sssg  hướng mục_tiêu  cửa_hàng  điện_máy xanh đẩy lộ_trình ipo đầu tổ_chức đại_hội cổ_đông tái_cấu_trúc niêm_yết doanh_nghiệp dự_kiến chào_bán tối_đa  triệu cổ_phiếu tương_đương   cổ_phần lưu_hành giá   đồng cổ_phiếu đợt chào_bán dự_kiến cơ_quan quản_lý chấp_thuận toàn_bộ tiền thu thanh_toán khoản vay ngắn_hạn công_ty mục_tiêu doanh_thu    tỷ đồng   lợi_nhuận thuế   tỷ đồng    doanh_thu dự_kiến   tỷ đồng lợi_nhuận thuế   tỷ đồng duy_trì đà hai chữ_số doanh_nghiệp kế_hoạch niêm_yết cổ_phiếu sở giao_dịch chứng_khoán tp hcm ipo đăng_ký giao_dịch upcom,1,1,0
quyết_định ftse russell nêu báo_cáo phân_loại thị_trường_chứng_khoán kỳ   ban quản_trị chỉ_số ftse russell igb xác_nhận hài_lòng tiến_độ triển_khai mô_hình kinh_doanh chứng_khoán nước_ngoài global broker yếu_tố thiết_yếu mô_phỏng chỉ_số việt_nam nằm kế_hoạch nâng hạng thị_trường cận_biên thị_trường nổi hiệu_lực   báo_cáo viết ftse russell việt_nam chỉ_số cổ_phiếu toàn_cầu đợt  hoàn_tất tỷ_trọng đợt     chuyển_đổi diễn năng_lực thị_trường_chứng_khoán việt_nam nâng hạng giúp thị_trường thu_hút quy_mô công_ty chứng_khoán ước_tính   tỷ usd vốn ngoại_rót việt_nam bộ_phận nghiên_cứu đầu_tư toàn_cầu hsbc con_số   tỷ usd kịch_bản lạc_quan ước_tính vốn quỹ chủ_động lẫn thụ_động phân_tích công_ty chứng_khoán hsc thị_trường đón   triệu usd quỹ thụ_động đợt tái_cơ_cấu danh_mục  chuyên_gia công_ty chứng_khoán ssi dự_báo dòng vốn thụ_động   tỷ usd giải_ngân trải   quý tương_tự trường_hợp nâng_hạng arab saudi  việt_nam ước_tính chiếm tỷ_trọng   rổ ftse global all cap   ftse all world   ftse emerging all cap   rổ ftse emerging index tỷ_trọng cập_nhật thông_tin nâng hạng hồi    cổ_phiếu rổ chỉ_số ftse global all index  mã vốn hóa hpg vcb bid vic vhm ftse russell kỳ thường_niên năm_ngoái việt_nam phát_triển mô_hình global_broker cụ_thể_bộ tài_chính ban_hành thông_tư  cho_phép nhà_đầu_tư ngoại lệnh thông_qua tổ_chức kinh_doanh chứng_khoán nước_ngoài chuyển_lệnh công_ty chứng_khoán thay_vì tài_khoản việt_nam thông_tư cải_tiến loại_bỏ ký quỹ giao_dịch nửa ftse_russell xác_nhận việt_nam thị_trường nổi secondary emerging marketet chứng_khoán việt đợt kỳ cải_thiện khả_năng tiếp_cận nhà_đầu_tư toàn_cầu ftse_russell tổ_chức cung_cấp chỉ_số hàng_đầu thế_giới cạnh msci s p dow jones indices sản_phẩm chỉ_số tổ_chức rộng_rãi toàn_cầu khách_hàng công_ty quản_lý quỹ tổ_chức tài_chính ngân_hàng tổ_chức đầu_tư ftse russell phân_loại thị_trường_chứng_khoán thành  phát_triển developed nổi tiên_tiến advanced emerging nổi secondary emerging cận biên_frontier quốc_gia châu_á trung_quốc ấn_độ indonesia philippines qatar nằm nổi việt_nam cải_cách nhà_chức_trách triển_khai ký quỹ giao_dịch prefunding nâng chuẩn công_bố thông_tin nới room_ngoại áp_dụng cơ_chế bù_trừ đối_tác trung_tâm ccp kỳ_vọng giúp thị_trường tiến tiêu_chí nâng_hạng msci,1,1,0
vn index vận_động suốt phiên hôm_nay sắc_xanh liên_tục nới rộng biên_độ bởi_lực cầu đột_biến chỉ_số đóng_cửa  đánh_dấu phiên khởi_sắc lịch_sử chứng_khoán việt_nam điểm_số tuyệt_đối xét tương_đối phiên chỉ_số    thị_trường hồi_phục   tương_ứng  nhịp điều_chỉnh liên_tục thông_tin thuế đối_ứng tổng_thống mỹ_donald trump diễn_biến hôm_nay trùng_khớp dự_đoán phân_tích phiên giao_dịch tyler nguyễn_mạnh_dũng giám_đốc nghiên_cứu chiến_lược thị_trường công_ty chứng_khoán hsc bối_cảnh tương_đối thuận_lợi ftse russell xác_nhận nâng hạng thị_trường đón tích_cực xung_đột trung_đông dần hạ nhiệt nhịp điều_chỉnh sâu đợt phiên hôm_nay vn index   chỉ_số đại_diện sàn tp hcm hiện đỉnh lịch_sử  tương_đương  thị_trường_chứng_khoán bao_trùm sắc_xanh  cổ_phiếu đóng_cửa tham_chiếu gấp  số_lượng cổ_phiếu rổ vốn hóa  mã  cổ_phiếu chạm_trần ước_tính công_ty chứng_khoán vndirect hai mã_trụ vingroup vic vhm đóng_góp phiên hôm_nay  phân ngành chứng_khoán trạng_thái hưng_phấn toàn_bộ cổ_phiếu thành_phần ssi vnd vix tcx vds đóng_cửa giá_trần trắng phiên ngân_hàng tcb stb chạm_trần chủ_yếu tích lũy   tham_chiếu lpb cổ_phiếu duy_nhất lội ngược dòng thị_trường    đồng cổ_phiếu chủ đầu_tư bất_động_sản nvl dxg nlg kdh vọt mã vốn hóa chủ_yếu dao_động  giá dầu thế_giới mỹ iran thỏa_thuận ngừng_bắn cổ_phiếu dầu_khí đi thông_tin nâng hạng mã_đầu ngành gas plx lần_lượt_tích lũy     tham_chiếu bsr pvt pvd dao_động   tâm_lý hưng_phấn nhà_đầu_tư đẩy thanh_khoản thị_trường nhảy_vọt khớp_lệnh hôm_nay   tỷ đồng gấp đôi phiên dòng tiền mã_trụ ngành ssi vix chứng_khoán hpg thép fpt công_nghệ vcb mbb ngân_hàng tín_hiệu bi_quan duy_nhất khối ngoại bán_ròng  phiên liên_tiếp rút ròng hôm_nay  tỷ đồng chuyên_gia phân_tích thay máu nhà_đầu_tư giai_đoạn nâng hạng thị_trường quỹ đầu_tư chuyên_biệt thị_trường cận_biên tái_cơ_cấu danh_mục bù dòng tiền quỹ thị_trường nổi quyết_định nâng hạng chính_thức hiệu_lực  ,1,3,0
ftse russell hôm_qua xác_nhận chứng_khoán việt_nam chính_thức nâng hạng thị_trường cận_biên nổi   tổ_chức công_bố  cổ_phiếu rổ chỉ_số ftse global all cap danh_sách tham_khảo cổ_phiếu đầu ngành tài_chính nguyên_vật_liệu tiêu_dùng bất_động_sản xác_suất góp_mặt danh_sách chính_thức mã hpg vcb bid vhm vic vốn hóa thanh_khoản hấp_thụ dòng vốn tổ_chức nước_ngoài danh_sách tính_chất tham_khảo dựa dữ_liệu  chính_thức công_bố nâng hạng danh_sách tùy biến_động vốn hóa thanh_khoản tỷ_lệ sở_hữu nước_ngoài cổ_phiếu hoàng_nam giám_đốc nghiên_cứu phân_tích công_ty chứng_khoán vietcap kích_thích dòng tiền đầu_cơ  cổ_phiếu tâm_lý mua kỳ_vọng dòng tiền tác_động thị_giá bản_chất ổn_định kỳ_vọng phản_ánh giá thông_tin bất_lợi dòng tiền sẵn_sàng rút quỹ chủ_động khả_năng để_mắt cổ_phiếu hành_động linh_hoạt ràng_buộc lịch cơ_cấu quỹ_thụ_động đuổi dòng tiền đầu_cơ chiến_lược giao_dịch ngắn_hạn rủi_ro nam quyết_định ftse_russell nâng hạng chứng_khoán việt_nam  đợt tỷ_trọng dần  kéo_dài danh_sách chính_thức xác_nhận quỹ thụ_động quỹ chỉ_số giải_ngân cổ_phiếu anthony_le giám_đốc giao_dịch chứng_khoán khách_hàng tổ_chức công_ty chứng_khoán vietcap nhận_định lộ_trình giúp tác_động tức_thời giá cổ_phiếu cú sốc thanh_khoản cạnh dòng vốn ngoại liên_tục dự_đoán vòng thị_trường việt_nam danh_sách tham_khảo lẫn chính_thức  khả_năng hưởng lợi lý_giải winston lu tổng_giám_đốc công_ty cổ_phần quản_lý quỹ_phú_hưng hiệu_ứng thuyền diễn thông_tin nâng hạng xác_nhận dòng vốn ngoại cổ_phiếu vốn hóa kéo định_giá thị_trường đi tâm_lý nhà_đầu_tư cải_thiện thanh_khoản lan_tỏa cổ_phiếu nằm rổ chỉ_số ftse quỹ chủ_động ràng_buộc chỉ_số kiếm cổ_phiếu danh_sách lu cổ_phiếu lọt tầm ngắm quỹ câu_chuyện tăng_trưởng thuyết_phục nền_tảng cơ_bản quản_trị minh_bạch trường_hợp tác_động giá cổ_phiếu tích_cực bền_vững quỹ etf mua cơ_học nhận_định đồng quan_điểm anthony_le dòng vốn quỹ chủ_động đóng vai_trò chủ_đạo chứng_khoán việt_nam nâng hạng khẩu_vị nhất_thiết_trùng khớp quỹ thụ_động cân_nhắc định_giá tiềm_năng tăng_trưởng cổ_phiếu danh_sách ftse russell khả_năng hưởng lợi gián_tiếp nâng hạng chuyên_gia kỳ_vọng nâng hạng thúc_đẩy tái_định_giá toàn thị_trường anthony_le diễn cổ_phiếu quỹ chủ_động thụ_động chú_ý thị_trường tái_định_giá độ trễ tương_tự xu_hướng luân_chuyển dòng tiền vốn hóa ngành nhịp lãnh_đạo công_ty quản_lý quỹ_phú_hưng mặt_bằng giá mã thành_phần vn nhà_đầu_tư kỳ_vọng đón sóng nâng hạng tham_gia khối ngoại định_giá toàn thị_trường dự_báo xu_hướng thị_trường phân_tích ssi ví_dụ thị_trường nâng hạng qatar uae kuwait kỳ_vọng phần_đông nhà_đầu_tư   trung_hạn  đa_số   ssi hiệu_suất thị_trường chủ_yếu quyết_định yếu_tố nền_tảng kinh_tế vĩ_mô triển_vọng tăng_trưởng lợi_nhuận mặt_bằng định_giá nâng hạng đóng vai_trò động_lực tăng_trưởng trung_hạn thay_vì hiệu_ứng tức_thời xét phương_diện phân_tích việt_nam vượt_trội thị_trường nền_tảng vĩ_mô vững_chắc triển_vọng lợi_nhuận tích_cực định_giá tương_đối hấp_dẫn,1,1,0
phiên kỷ_lục chỉ_số vn index quán lệnh giá mở_cửa lùi tham_chiếu chỉ_số sát   một_nửa cổ_phiếu giảm_giá nhờ_lực đỡ vhm vinhomes vn index cải_thiện nhẹ chiều     khu_vực dao_động chỉ_số đại_diện sàn hose  h thị_trường xấu đi tham_chiếu  mã bệ đỡ dần nhuộm đỏ cải_thiện nhẹ phiên chỉ_số đóng_cửa    hôm_qua điều_chỉnh vòng nửa rổ cổ_phiếu vốn hóa diễn_biến tương_đồng rơi    toàn sàn hose hôm_nay   cổ_phiếu tăng_giá áp_lực chiếm áp_đảo dòng tiền mã tiềm_năng thanh_khoản nghìn tỷ   cổ_phiếu sắc xanh vic mã ảnh_hưởng góp  chỉ_số cổ_phiếu sụt     đồng thanh_khoản  tỷ đồng vpl vinpearl góp  thị_trường áp_lực ngân_hàng vcb bid vpb ctg diễn_biến đảo chiều phiên vhm ảnh_hưởng thị_trường sáng_mã đi tham_chiếu bệ đỡ chỉ_số chiều áp_lực thắng cổ_phiếu đóng_cửa     đồng_góp  sụt vn index chiều ngược_lại thị_trường mã nvl hpg lpb tcb gex cổ_phiếu chạm giá_trần phiên chiều phân_nửa khớp lệnh mua chủ_động nvl đóng_cửa    đồng_thanh khoản   tỷ đồng đứng hai toàn thị_trường không_khí sôi_động phiên giao_dịch hôm_nay trầm_lắng thanh_khoản sàn hose   tỷ   tỷ đồng khối ngoại bán_ròng   tỷ đồng phiên  liên_tiếp ảnh_hưởng giao_dịch thỏa_thuận mã_vpl thị_trường vhm cổ_phiếu duy_nhất bán_ròng trăm tỷ chiều ngược_lại nhà_đầu_tư nước_ngoài mua ròng  tỷ đồng cổ_phiếu hpg phiên giao_dịch hôm_qua phân_tích thông_điệp tâm_lý fomo nỗi sợ lỡ chứng_khoán beta_bsi thiên_kiến rủi_ro quyết_định trở_nên vội_vàng chiến_lược bsi khuyến_nghị duy_trì tỉnh_táo chọn_lọc thay_vì chạy đà nhà_đầu_tư khuyên ưu_tiên giải_ngân cổ_phiếu câu_chuyện rõ_ràng thu_hút dòng tiền mua đuổi nhịp gấp,1,3,0
kế_hoạch lợi_nhuận vọt   tỷ đồng cổ_đông công_ty chứng_khoán kafi tham_vọng con_số gấp đôi năm_ngoái tương_ứng tỷ_suất sinh vốn chủ_sở_hữu  hiệu_quả hoạt_động công_ty chứng_khoán đầu ngành hai công_ty mục_tiêu kỷ_lục  hoàn_thành  phát_sinh khoản đầu_tư hạ_tầng công_nghệ đội_ngũ nhân_sự dù_vậy trịnh_thanh tổng_giám_đốc chứng_khoán kafi tự_tin khả_năng hoàn_thành mục_tiêu xếp đầu ngành mảng bán_lẻ trụ_cột quy_mô vay ký quỹ   tỷ đồng bình_quân   tỷ đồng cộng tối_ưu_biên_lợi_nhuận sản_phẩm vay lãi_suất vay bình_quân  ước_tính doanh_thu nghiệp_vụ   tỷ đồng lãi  tỷ đồng phiên họp cổ_đông thường_niên   nghiệp_vụ giao_dịch công_cụ tài_chính thu_nhập cố_định fixed income trading chứng_quyền dự_báo đóng_góp  tỷ đồng lợi_nhuận lãnh_đạo kafi nghiệp_vụ tư_vấn tài_chính doanh_nghiệp thương_vụ giai_đoạn triển_khai câu_lạc_bộ lãi nghìn tỷ ngành chứng_khoán hiện  doanh_nghiệp tcbs_vix ssi chia dẫn_đầu     tỷ đồng kafi công_ty chứng_khoán kế_hoạch kỷ_lục dự_báo vn index chạm_đỉnh cộng dòng tiền nhà_đầu_tư ngoại trở_lại thị_trường nâng hạng lpbs công_ty chứng_khoán nguyễn_đức_thụy tổng_giám_đốc sacombank kế_hoạch gia_nhập mục_tiêu lãi   tỷ đồng chứng_khoán kafi hiện vốn_điều_lệ   tỷ đồng công_ty chốt phương_án phát_hành  triệu cổ_phiếu công_chúng   triệu cổ_phiếu esop  vốn huy_động phân_bổ vay ký quỹ hoạt_động tự_doanh định_vị kafi nền_tảng đầu_tư thông_minh dựa công_nghệ dữ_liệu thay_vì công_ty chứng_khoán truyền_thống năm_ngoái doanh_thu công_ty gấp    tỷ đồng lợi_nhuận thuế   tỷ đồng số_lượng tài_khoản giao_dịch nhà_đầu_tư    dự_tính   tài_khoản giao_dịch,1,1,0
phiên    tuyệt_đối tâm_lý hưng_phấn nhà_đầu_tư ftse russell xác_nhận lộ_trình chứng_khoán việt_nam thanh_khoản thị_trường nhảy_vọt   tỷ đồng giao_dịch sôi_động trái_ngược hẳn giai_đoạn  thanh_khoản thường_xuyên ngưỡng tỷ usd phiên   tỷ đồng nhà_đầu_tư tâm_lý thận_trọng ưu_tiên đứng thị_trường quan_sát chứng_khoán beta bsi nhận_xét không_khí thị_trường thông_tin xác_nhận nâng hạng bùng_nổ chủ_động nhập_cuộc nhà_đầu_tư hội chứng_khoán bày_tỏ niềm phấn_khởi thích_hợp thị_trường nguyễn_nam_sơn phó trưởng phòng phân_tích chứng_khoán_phú hưng_phs dựa diễn_biến vĩ_mô thế_giới định_giá thị_trường quanh  tham_gia thị_trường lựa_chọn hợp_lý thông_tin tích_cực công_bố nâng hạng hạ_nhiệt căng_thẳng địa_chính_trị mỹ iran thỏa_thuận ngừng_bắn hai tuần giúp giải_tỏa tâm_lý thị_trường chuyên_gia phs tận_dụng hiệu_quả hai tuần điều_hành vĩ_mô duy_trì đà kiểm_soát lạm_phát ổn_định chi_phí năng_lượng  đà tăng_trưởng quý ii yếu_tố then_chốt lạm_phát hạ nhiệt cung nhiên_liệu ổn_định chi_phí logistics giá vận_chuyển hàng_hải ảnh_hưởng xung_đột leo_thang áp_lực sản_xuất giải_tỏa giai_đoạn đầu chi_phí năng_lượng kỷ_lục kìm_hãm đà phục_hồi thị_trường trải điều_chỉnh sâu vn index đỉnh   cổ_phiếu trụ_cột ngân_hàng chứng_khoán áp_lực phản_ánh đầy_đủ rủi_ro xung_đột trung_đông nhịp hồi_phục kỳ_vọng bền_vững căn_cứ định_giá thị_trường hấp_thụ yếu_tố tiêu_cực kết_hợp triển_vọng ngắn_hạn môi_trường vĩ_mô bớt căng_thẳng thông_tin nâng hạng đồng_tình thông_tin tích_cực ngô hiển_phó giám_đốc trung_tâm phân_tích chứng_khoán sài gòn hà_nội shs lưu_ý câu_chuyện nâng hạng cắt_nghĩa quyết_định hôm   ftse russell thông_báo ghi_nhận nỗ_lực cơ_quan quản_lý thị_trường thông_thoáng dòng vốn ngoại giai_đoạn chờ_đợi thông_tin nhà_đầu_tư tâm_lý lo_ngại chủ_yếu thông_tin chiến_sự khu_vực trung_đông tác_động giá dầu kinh_tế vĩ_mô diễn_biến lãi_suất huy_động yếu_tố dịu bớt dòng tiền thị_trường cởi_mở dồi_dào chuyên_gia shs dự_đoán ngắn_hạn thị_trường phản_ứng tích_cực nhà_đầu_tư tâm_lý sợ lỡ nâng hạng việt_nam rổ chỉ_số ftse russell diễn  giai_đoạn     danh_mục cổ_phiếu rổ chỉ_số ftse russell nhà_đầu_tư xem_xét cẩn_trọng yếu_tố tiền giai_đoạn hoạt_động kinh_doanh tình_hình tài_chính triển_vọng doanh_nghiệp định_giá khả_năng rổ chỉ_số nâng hạng coi cộng quy_trình quyết_định đầu_tư hiển nhấn_mạnh mặt_khác nguyễn_nam_sơn bối_cảnh thị_trường_chứng_khoán trải diễn_biến phức_tạp biến_động phân_biệt rõ_ràng hai khái_niệm mua đuổi tâm_lý đám đông tham_gia tích_cực giá hấp_dẫn trở_nên vô_cùng nhà_đầu_tư chiến_lược dài_hạn quan_điểm phs hiện_tượng fomo lo_ngại cảnh_giác nhà_đầu_tư quyết_định mua trải nhịp tăng_giá liên_tiếp đẩy định_giá nội_tại doanh_nghiệp chuyên_gia tranh tổng_thể giai_đoạn khởi_đầu xu_hướng phục_hồi bền_vững giai_đoạn nóng chỉ_số vn index dao_động trading range biên_tích lũy accumulation zone kéo_dài     thiết_lập suốt tín_hiệu kỹ_thuật áp_lực hấp_thụ tương_đối dòng tiền xu_hướng thị_trường thận_trọng cổ_phiếu  đáy triển_vọng kinh_doanh chính_sách cổ_tức duy_trì hấp_dẫn nhà_đầu_tư tận_dụng cơ_hội_tích lũy cổ_phiếu định_giá hợp_lý thay_vì chờ_đợi rơi tâm_lý fomo thị_trường tiến ngưỡng kháng_cự chuyên_gia lưu_ý,1,1,0
mở_cửa  sắc xanh liên_tục chỉ_số sàn_hose dao_động quanh     suốt hôm_nay thị_trường tham_chiếu  đà dẫn_dắt ngân_hàng ngành có_lực mua chủ_động chiếm ưu_thế ghi_nhận xu_hướng gom hàng khối ngoại cổ_phiếu dầu_khí phân_bón diễn_biến dòng tiền hai duy_trì chiều động_lực chỉ_số bsr chạm giá_trần ngành  đóng_cửa   toàn sàn hose  chênh_lệch số_lượng  cổ_phiếu mức_độ đồng_thuận thị_trường ngân_hàng dầu_khí phân_bón chỉ_số vic_mã chứng_khoán     đồng đóng_góp  vn index thị_trường thanh_khoản sàn hose hôm_nay   tỷ   tỷ đồng lệnh mua chủ_động chiếm ưu_thế thị_trường dần cân_bằng trở_lại phiên chiều diễn_biến dòng tiền khối ngoại trở_lại mua ròng  tỷ đồng dứt chuỗi ròng  phiên liên_tiếp lực cầu tcb hpg mbb vnm giao_dịch chứng_khoán vpbank vpx dự_báo     vững   phiên vn index khả_năng tích_lũy hướng kiểm_định       chiến_lược khuyến_nghị nắm vị_thế hạn_chế mua đuổi nhịp hồi nhà_đầu_tư ưu_tiên canh mua ngắn_hạn chỉ_số rung_lắc   thu_hút dòng tiền khuyến_nghị nhà_đầu_tư duy_trì vị_thế cổ_phiếu đà mạnh_mẽ cạnh nhà_đầu_tư cân_nhắc gia_tăng tỷ_trọng giải_ngân mã gia_tăng chú_ý thanh_khoản mua chủ_động,1,3,0
tờ_trình họp đại_hội cổ_đông công_ty chứng_khoán thiên_việt tvs bầu bổ_sung thành_viên hội_đồng_quản_trị thay_thế bùi_thị kim_oanh đơn từ_nhiệm danh_sách ứng_viên hội_đồng_quản_trị thay_thế lý xuân hải_gương_mặt quen_thuộc giới tài_chính ngân_hàng hải_sinh  tiến_sĩ toán_lý đại_học tổng_hợp quốc_gia belarus thạc_sĩ kinh_tế chuyên_ngành ngân_hàng tài_chính mebf đại_học paris dauphine escp đại_học kinh_tế tphcm lý xuân_hải  kinh_nghiệm lĩnh_vực tài_chính ngân_hàng á_châu_acb tổng_giám_đốc băng   ceo công_ty chứng_khoán acb acbs đảm_nhiệm vai_trò quản_lý lĩnh_vực tài_chính doanh_nghiệp  vướng vòng lao_lý vụ án bầu_kiên acb giai_đoạn   hải trưởng ban chiến_lược tập_đoàn hoàng gia_lai   vai_trò chủ_tịch danh_dự hội_đồng_quản_trị công_ty tơ_lụa bảo_lộc bảo_lộc silk cạnh bầu hải hội_đồng_quản_trị chứng_khoán thiên_việt tờ_trình bầu thái_thị_vân thành_viên ban kiểm_soát tvs mục_tiêu lợi_nhuận thuế   tỷ đồng công_ty xây_dựng kế_hoạch kịch_bản kinh_tế tăng_trưởng tích_cực gdp dự_báo    động_lực đầu_tư công xuất_khẩu tiêu_dùng nội_địa tvs research dự_báo vn index      bối_cảnh kỳ_vọng nâng hạng thị_trường nổi thu_hút dòng vốn ngoại cải_thiện thanh_khoản nền_tảng hoạt_động cốt_lõi công_ty cạnh công_ty chứng_khoán dự_kiến chia cổ_tức  tiền cổ_phiếu tỷ_lệ  vốn_điều_lệ tùy kết_quả kinh_doanh,1,1,0
đầu  thị_trường_chứng_khoán biến_động kéo_theo gia_tăng giao_dịch nội_bộ lãnh_đạo doanh_nghiệp lê_hải_đoàn thành_viên hđqt vinasun đăng_ký mua   triệu cổ_phiếu vns giai_đoạn     tỷ_lệ sở_hữu hoàn_tất tỷ_lệ nắm đoàn dự_kiến   vốn_điều_lệ taseco land lê_đức long thành_viên hđqt độc_lập đăng_ký mua   cổ_phiếu tal     gia_tăng nắm mua thành_công  triệu cổ_phiếu  đoàn nguyên_đức chủ_tịch hđqt_hoàng gia_lai đăng_ký mua  triệu cổ_phiếu hag giai_đoạn     chủ_tịch hoàng gia_lai liên_tục mua nâng tỷ_lệ sở_hữu bối_cảnh tình_hình tài_chính doanh_nghiệp cải_thiện rõ_rệt năm_ngoái doanh_nghiệp ghi_nhận doanh_thu   tỷ đồng   lãi thuế   tỷ gấp đôi kỳ tỷ_lệ nợ vốn chủ_sở_hữu    nợ tổng tài_sản   báo_cáo giao_dịch nội_bộ lãnh_đạo doanh_nghiệp mua cổ_phiếu nâng sở_hữu bối_cảnh thị_trường biến_động xung_đột trung_đông chi_phí đầu_vào leo_thang cổ_phiếu giảm_giá triển_vọng kinh_doanh tích_cực doanh_nghiệp thúc_đẩy lãnh_đạo gia_tăng tỷ_lệ sở_hữu mua tỷ_lệ sở_hữu lãnh_đạo doanh_nghiệp tranh_thủ cơ_cấu danh_mục chẳng_hạn phạm_quang khánh_thành_viên hđqt aav group đăng_ký  triệu cổ_phiếu aav     tỷ_lệ sở_hữu     vốn_điều_lệ công_ty tnhh tư_vấn kim_ngưu tổ_chức lãnh_đạo vinasun đăng_ký toàn_bộ   triệu cổ_phiếu vns giai_đoạn     cơ_cấu danh_mục động_thái thoái vốn lãnh_đạo doanh_nghiệp đáp_ứng nhu_cầu tài_chính giao_dịch phản_ánh xu_hướng điều_chỉnh danh_mục đầu_tư bối_cảnh thị_trường cạnh_tranh biến_động công_ty chứng_khoán thị_trường giai_đoạn kiểm_định cung_cầu nhịp hồi_phục tuần    vn index     song nhịp rung_lắc áp_lực chốt gia_tăng giá thanh_khoản hose bình_quân   tỷ đồng phiên nhẹ tuần phản_ánh dòng tiền thận_trọng chứng_khoán bảo việt bvsc vn index dư_địa mục_tiêu quanh     duy_trì nền_tích lũy chứng_khoán ssi diễn_biến nghiêng trạng_thái tái_cân_bằng ngắn_hạn áp_lực cung_gia_tăng giá chứng_khoán việt_vcsc chỉ_số khả_năng dao_động biên_độ hẹp nhịp đan_xen dù_vậy thị_trường_chứng_khoán việt_nam triển_vọng nâng hạng thị_trường cận_biên nổi   nâng hạng giúp thị_trường thu_hút quy_mô công_ty chứng_khoán ước_tính   tỷ usd vốn ngoại_rót việt_nam bộ_phận nghiên_cứu đầu_tư toàn_cầu hsbc con_số   tỷ usd kịch_bản lạc_quan ước_tính vốn quỹ chủ_động lẫn thụ_động,1,1,0
vn index mở_cửa phiên giao_dịch đầu tuần sắc_đỏ  áp_lực duy_trì suốt phiên nhận_định phân_tích tâm_lý thận_trọng nhà_đầu_tư đàm_phán mỹ iran thỏa_thuận phiên chiều_lực cầu cổ_phiếu vingroup giúp chỉ_số đại_diện sàn tp hcm đảo chiều vn index  tham_chiếu   thu_hẹp biên_độ  phiên hai liên_tiếp chỉ_số thống_kê công_ty chứng_khoán vndirect cổ_phiếu vingroup đóng_góp  chỉ_số     đồng vhm bsr vpx gex chia danh_sách tác_động tích_cực vn index tổng_cộng  sàn tp hcm rơi trạng_thái xanh vỏ đỏ_lòng tức chỉ_số đi số_lượng cổ_phiếu chiếm ưu_thế phiên đầu tuần  mã  mã rổ vốn hóa  mã gấp  bất_động_sản khởi_sắc cạnh vingroup cổ_phiếu chủ đầu_tư cii nvl nbb dxg  tham_chiếu qcg trường_hợp hiếm_hoi lội ngược dòng    đồng cổ_phiếu trụ phân_hóa ngân_hàng stb vib msb tpb biên_độ  ngược_lại mã_trụ lpb shb vpb tcb bid đóng_cửa sắc đỏ dầu_khí tương_tự bsr lãnh_đạo doanh_nghiệp nhà_máy lọc dầu_dung_quất vận_hành  mã tích lũy   tham_chiếu   đồng plx pvt diễn_biến trái chiều chỉ_số lần_lượt     chỉ_số đi thanh_khoản dấu_hiệu hạ nhiệt khớp lệnh phiên đầu tuần   tỷ đồng  phiên tuần dòng tiền cục_bộ cổ_phiếu đầu ngành shb fpt hpg vic khối ngoại_giao_dịch thận_trọng giải_ngân   tỷ đồng tuần nhận_định công_ty chứng_khoán yuanta việt_nam dòng tiền xoay_vòng ngành chỉ_số tích_lũy   bứt     tuần đồng quan_điểm phân_tích công_ty chứng_khoán mb bối_cảnh nghiêng khả_năng nhịp hồi_phục tiếp_diễn lý_giải nhận_định phân_tích thị_trường động_lực vn index đáy thành_công quanh ngưỡng_ma cộng mùa họp đại_hội_đồng cổ_đông doanh_nghiệp mục_tiêu tăng_trưởng lợi_nhuận thị_trường xác_nhận nâng hạng chính_phủ nhiệm_kỳ quyết_liệt triển_khai giải_pháp mục_tiêu tăng_trưởng kinh_tế tác_động tích_cực chỉ_số,1,3,0
thị_trường_chứng_khoán nối dài_trạng_thái hưng_phấn dòng tiền cổ_phiếu vốn hóa chỉ_số đại_diện sàn tp hcm duy_trì sắc_xanh suốt phiên    biên_độ thu_hẹp  đóng_cửa quanh kháng_cự ngắn_hạn phiên liên_tiếp giúp chỉ_số tích_lũy tổng_cộng  báo_cáo thị_trường tuần phân_tích công_ty chứng_khoán kafi xu_hướng ngắn_hạn nghiêng tích_lũy hồi_phục   thanh_khoản duy_trì chỉ_số mở_rộng nhịp hồi_phục   dòng tiền luân_chuyển ngành hấp thụ_lực cung diễn củng_cố kịch_bản thiết_lập giá thay_vì điều_chỉnh sâu phân_tích kafi khuyến_nghị nhà_đầu_tư hạn_chế mua đuổi nhịp thay chờ thị_trường điều_chỉnh giải_ngân phiên hôm_nay sàn tp hcm  mã áp_đảo  mã rổ vốn hóa thoát xanh vỏ đỏ_lòng tức chỉ_số số_lượng cổ_phiếu chiếm ưu_thế vn hôm_nay   mã đóng_cửa tham_chiếu gấp  số_lượng mã vic đứng đầu danh_sách cổ_phiếu tác_động tích_cực vn index  cổ_phiếu     đồng mã danh_sách vhm hpg tcx acb hdb xét ngành cổ_phiếu ngân_hàng diễn_biến khởi_sắc biên_độ vpb acb hai đại_diện vốn hóa  hdb shb tpb tcb ctg dao_động    tham_chiếu ngược_lại mã điều_chỉnh stb msb vib dầu_khí sắc_đỏ bao_trùm hai mã_trụ gas plx lần_lượt     bsr điều_chỉnh xấp_xỉ  phiên hưng_phấn đầu tuần bất_động_sản hôm_nay phân_hóa qcg đứng đầu biên_độ     đồng cổ_phiếu chủ đầu_tư novaland nam long an_gia phát_đạt đóng_cửa sắc_đỏ chiều ngược_lại vingroup ttc land dic corp nâng_đỡ thị_trường thanh_khoản sàn tp hcm hôm_nay   tỷ đồng   tỷ đồng phiên hpg shb hút dòng tiền khớp_lệnh lần_lượt   tỷ đồng   tỷ đồng  phiên liên_tiếp thị_trường phát tín_hiệu tích_cực nhà_đầu_tư nước_ngoài trở_lại mua ròng_nhóm giải_ngân   tỷ đồng   tỷ đồng_lực mua cổ_phiếu hòa_phát mbbank,1,3,0
chỉ_số đại_diện sàn tp hcm giao_dịch suốt phiên hôm_nay sắc_xanh liên_tục nới rộng biên_độ cổ_phiếu tập_đoàn vingroup chỉ_số đóng_cửa    tham_chiếu rưỡi sàn tp hcm rơi trạng_thái xanh vỏ đỏ_lòng tức chỉ_số đi mã áp_đảo nguyên_nhân cổ_phiếu vingroup vic chi_phối diễn_biến thị_trường mã biên_độ   đồng đóng_góp   cổ_phiếu phạm_nhật vượng vhm vre vpl  tham_chiếu đóng_góp tổng_cộng  vn index đồng_nghĩa loại_trừ  mã chỉ_số chốt phiên tham_chiếu vingroup thị_trường ngành khởi_sắc bất_động_sản phân_hóa nvl kdh agg đồng_thuận chỉ_số cổ_phiếu chủ đầu_tư nam long đất xanh_quốc_cường gia_lai    sắc đỏ chiếm ưu_thế ngân_hàng stb hôm_nay    đồng vib eib msb ocb tcb lần_lượt xếp   ngược_lại shb vcb trụ đỡ thị_trường lần_lượt   dầu_khí áp_lực mã_đầu ngành gas bsr plx pvd biên_độ điều_chỉnh tương_tự cổ_phiếu trụ thép hpg hsg nkg chốt phiên tham_chiếu thanh_khoản sàn tp hcm hôm_nay   tỷ đồng   tỷ đồng phiên nhà_đầu_tư chủ_yếu rót tiền mã vốn hóa vingroup chiếm   tỷ đồng khối ngoại trở_lại bán_ròng   tỷ đồng phiên xả hàng   áp_lực chủ_yếu vhm khối_lượng rút ròng  triệu cổ_phiếu phân_tích công_ty chứng_khoán acb thanh_khoản đột_biến duy_trì trung_bình dòng tiền vận_động bền_vững đà kỳ_vọng tiếp_diễn vn index kháng_cự quanh  ,1,3,0
báo_cáo tài_chính quý_i công_ty cổ_phần chứng_khoán kỹ_thương tcbs ghi_nhận doanh_thu   tỷ đồng  kỳ mảng vay ký_quỹ doanh_nghiệp đóng_góp   tỷ đồng tương_ứng một_nửa tổng_doanh_số cải_thiện  kỳ   tổng_dư_nợ vay ký quỹ margin tcbs   tỷ đồng nhích   tỷ đồng năm_ngoái tỷ_lệ margin vốn chủ_sở_hữu công_ty  trần ủy ban_chứng_khoán_nhà_nước quy_định  kỳ công_ty dẫn_đầu ngành mảng tư_vấn phát_hành trái_phiếu doanh_nghiệp tiền huy_động   tỷ đồng chiếm  thị_phần mảng cổ_phiếu xếp thị_phần môi_giới sàn giao_dịch chứng_khoán tp hcm vps ssi_trừ chi_phí tcbs lãi thuế   tỷ đồng  kỳ khoản lợi_nhuận  quý trở_lại doanh_nghiệp tài_liệu phiên họp thường_niên   tcbs mục_tiêu lợi_nhuận thuế   tỷ đồng  năm_ngoái công_ty hoàn_thành  kế_hoạch quý i tổng tài_sản tcbs   tỷ đồng  đầu vốn chủ_sở_hữu chiếm một_nửa   tỷ đồng dư_nợ tài_chính   tỷ đồng  khoản ngắn_hạn tcbs công_ty ngân_hàng kỹ_thương techcombank băng nắm  cạnh lợi_nhuận doanh_nghiệp đứng đầu ngành vốn hóa   tỷ đồng,1,1,0
công_bố công_ty cổ_phần chứng_khoán vpbank vpbanks doanh_nghiệp nâng sở_hữu tổng_công_ty phát_triển đô_thị kinh_bắc   triệu cổ_phiếu   triệu cổ_phiếu tương_đương  cổ_đông vpbanks công_bố thông_tin giao_dịch cổ_phiếu kbc vpbanks đô_thị kinh_bắc  cổ_đông quỹ đầu_tư hạ_tầng pvi chủ_tịch đặng thành_tâm hai tổ_chức doanh_nhân tổ_chức nắm   vốn công_ty nhà_đầu_tư thành_lập  đô_thị kinh_bắc hoạt_động lĩnh_vực phát_triển khu công_nghiệp bất_động_sản năm_ngoái doanh_nghiệp sở_hữu   ha đất khu công_nghiệp chiếm   nước_ngoài_ra công_ty phát_triển   ha đất khu đô_thị tỉnh_thành hàng công_ty đặng thành_tâm đem hàng nghìn tỷ đồng doanh_thu lợi_nhuận  đô_thị kinh_bắc ghi_nhận doanh_thu   tỷ đồng lợi_nhuận ròng   tỷ đồng lần_lượt gấp     vpbanks hoạt_động mảng tài_chính chứng_khoán công_ty vpbank nắm  vốn hiện doanh_nghiệp vốn_điều_lệ   tỷ đồng xếp  ngành công_ty kế_hoạch doanh_thu   tỷ đồng lãi thuế   tỷ đồng lần_lượt   năm_ngoái ban lãnh_đạo kỳ_vọng mục_tiêu thị_phần môi_giới sàn tp hcm    dư_nợ vay bình_quân   tỷ đồng   tỷ đồng,1,1,0
biến_động giá cổ_phiếu tâm_điểm phiên chất_vấn ban lãnh_đạo công_ty cổ_phần phát_triển bất_động_sản phát_đạt pdr phiên họp thường_niên   nửa tiếng  cổ_đông đề_nghị chủ_tịch hđqt nguyễn_văn_đạt bình_luận giá cổ_phiếu giải_thích động_cơ giao_dịch nhấn_mạnh thị_giá dao_động   đồng buồn mong_muốn ban lãnh_đạo hết_sức cải_thiện kết_quả kinh_doanh cổ_phiếu phản_ánh giá lao dốc biến_động thị_trường tương_tự cổ_đông cổ_phiếu pdr xứng_đáng giao_dịch   đồng nền_tảng công_ty nhà_đầu_tư hợp_tác phát_triển dự_án năm_ngoái  triệu cổ_phiếu sở_hữu thị_giá    đồng   đồng giao_dịch hy_sinh lợi_ích ngắn_hạn công_ty cổ_đông lợi_ích dài_hạn bền_vững tiền thu tài_sản ước_tính   tỷ đồng công_ty kế_hoạch kinh_doanh quy_mô nửa đăng_ký mua  triệu cổ_phiếu giá   đồng giao_dịch hoàn_tất tuần cổ_đông quan_ngại mua_bán yếu_tố tư_lợi phủ_nhận kiếm tiền giá   đồng chờ gấp rưỡi gấp đôi giao_dịch nguồn_lực công_ty cần_thiết tiền mua quyền cổ_đông phiên họp công_ty kế_hoạch ấp_ủ cổ_phiếu trở_lại giá lịch_sử kế_hoạch hai trụ_cột bất_động_sản thương_mại bt xây_dựng chuyển_giao phát_đạt dự_kiến xây_dựng hàng  dự_án thương_mại  dự_án tp hcm danh_mục đa_dạng loại_hình cao_tầng khu dân_cư tổ_hợp thương_mại dịch_vụ dự_án du_lịch tái_phát_triển đô_thị dự_án bt công_ty dự_án tồn_đọng triển_khai dự_án doanh_nghiệp dừng dự_án trung_tâm thể_dục thể_thao phan_đình_phùng tp hcm tổng đầu_tư   tỷ đồng thay đề_xuất hai dự_án bệnh_viện ung_bướu đường tổng   tỷ đồng hoàn_thành công_ty nhà_nước thanh_toán quỹ đất thu_hồi vốn đầu_tư thu lợi_nhuận phát_đạt chuyển_nhượng dự_án nhà_đầu_tư đối_tác chất_vấn công_ty bán_lẻ ưu_tiên mua_bán sáp_nhập điều_hành kinh_doanh linh_hoạt công_ty giai_đoạn duy_trì hoạt_động chuyển_nhượng dự_án tiền ngoại_lệ chuyển_nhượng dự_án tiền trấn_an cổ_đông yên_tâm chiến_lược suy đem lợi_ích bùi_quang vũ tổng_giám_đốc phát_đạt chuyển_nhượng dự_án tái_cấu_trúc công_ty ưu_tiên rút dự_án cấu_trúc sản_phẩm đòi_hỏi phát_triển dự_án tốc_độ quay_vòng góp_phần áp_lực tài_chính bối_cảnh lãi_suất vay vốn ngân_hàng biến_động công_ty tái_cấu_trúc danh_mục đầu_tư mặt địa_lý địa_bàn trọng_điểm tp hcm đồng_nai công_ty phát_đạt kỳ_vọng tổng_doanh_thu   tỷ đồng lãi thuế   tỷ đồng hai chỉ_tiêu lần_lượt  ,1,1,0
trọn sắc_xanh hôm_nay phiên chỉ_số vn index  áp_lực dâng chỉ_số rơi sát tham_chiếu  h chiếm ưu_thế bệ đỡ cổ_phiếu trụ chứng_khoán trở_lại kiểm_tra mốc   chiều thị_trường dao_động quanh mốc số_lượng chiếm hai_phần_ba toàn sàn hose chỉ_số vững_sắc xanh đóng_cửa sát    hôm_qua thị_trường  cổ_phiếu nhuộm đỏ gấp đôi tăng_giá chứng_khoán hôm_nay rơi trạng_thái xanh vỏ đỏ_lòng chỉ_số cổ_phiếu vic đóng_góp  vn index cổ_phiếu chạm giá_trần đầu chiều   đồng phiên hai liên_tiếp_thị giá biên_độ đưa_mã chứng_khoán lịch_sử thanh_khoản vic hai toàn thị_trường   tỷ đồng một_nửa khớp lệnh mua chủ_động phiên chiều_mã ghi_nhận trắng lệnh xả hàng mua hấp_thụ vin vhm cổ_phiếu xếp hai chỉ_số đóng_góp  điểm_mã hôm_nay đóng_cửa     đồng phiên tiến sát giá_trần tổng giao_dịch ghi_nhận   tỷ đồng đứng  toàn thị_trường phiên  liên_tiếp chứng_khoán thanh_khoản nhẹ   tỷ đồng hôm_qua  tỷ đồng hai phiên thị_trường thanh_khoản tỷ usd khối ngoại áp_lực tâm_lý ròng   tỷ đồng hai cổ_phiếu xả hàng fpt  tỷ đồng vhm  tỷ đồng nhà_đầu_tư nước_ngoài mua ròng vic  tỷ đồng ssi  tỷ đồng giao_dịch chứng_khoán vpbank_vpx đà phiên thuyết_phục phụ_thuộc vào_lực kéo vingroup áp_lực cổ_phiếu mã nóng_điều phản_ánh hoạt_động chốt ngắn_hạn diễn mạnh_mẽ bối_cảnh chỉ_số tiệm_cận kháng_cự độ rộng thị_trường nghiêng chứng_khoán vietcombank vcbs khuyến_nghị nhà_đầu_tư tâm_lý thận_trọng cân_nhắc hiện_thực_hóa lợi_nhuận mã mục_tiêu ngắn_hạn nhà_đầu_tư tuyệt_đối hạn_chế mua đuổi cổ_phiếu nóng chạm kháng_cự,1,3,0
phiên họp thường_niên công_ty chứng_khoán rồng việt vdsc chiều   cổ_đông nêu ý_kiến bối_cảnh công_ty chứng_khoán ngân_hàng vdsc thu_xếp tài_chính cạnh_tranh trả_lời chủ_tịch hội_đồng_quản_trị nguyễn_miên_tuấn chứng_khoán rồng_việt công_ty độc_lập hệ_sinh_thái ngân_hàng công_ty vốn chủ_động đẩy_mạnh hoạt_động vay ký quỹ mảng margin chứng_khoán rồng_việt tăng_trưởng  con_số chậm tăng_trưởng toàn thị_trường xấp_xỉ   dư_nợ margin toàn ngành chứng_khoán mốc   tỷ đồng kỷ_lục lịch_sử cộng ứng tiền quy_mô vay toàn thị_trường   tỷ đồng định_hướng công_ty duy_trì chính_sách cân_bằng an_toàn thanh_khoản tối_ưu_hóa hiệu_quả hoạt_động vay mục_tiêu vay margin thành mảng đóng_góp tỷ_trọng cơ_cấu doanh_thu phát_sinh rủi_ro nợ xấu tuấn nhận_định chủ_động ổn_định vốn hoạt_động vay ghi_nhận mức_độ cạnh_tranh vdsc bất_lợi chi_phí vốn tăng_trưởng mảng vay công_ty nhà_đầu_tư vay thương_vụ deal duy_trì dư_nợ ổn_định đặc_thù vay deal lãi_suất cân_bằng vốn hiệu_quả tăng_trưởng dư_nợ rồng_việt giao_dịch ngân_hàng bidv vietinbank vietcombank ngân_hàng cổ_phần ngân_hàng nước_ngoài hạn_mức tín_dụng tài_chính chủ_yếu phục_vụ vay ký quỹ_ứng hoạt_động kinh_doanh vốn song tuấn thừa_nhận dễ_dàng thu_xếp vốn đối_tác quy_mô vdsc tầm_trung  công_ty vốn chủ_sở_hữu   tỷ   tỷ đồng ban lãnh_đạo nỗ_lực làm_việc đối_tác cổ_đông chiến_lược tăng_cường năng_lực tài_chính khả_năng cạnh_tranh đầu thông_qua hai công_ty kido foods nutifood bình_dương sở_hữu   vốn chứng_khoán rồng_việt cổ_đông tuấn cổ_đông vốn khách_hàng đối_tác đồng_hành  phát_triển thành cổ_đông định_hướng nắm lâu_dài đồng_hành công_ty thông_qua sản_phẩm dịch_vụ kết_nối phát_triển khách_hàng vốn nhàn_rỗi thông_qua vay mua trái_phiếu rồng_việt  vdsc đẩy_mạnh mảng margin dư_nợ vay vốn chủ_sở_hữu  quy_định công_ty chứng_khoán vay ký quỹ  vốn chủ_sở_hữu rồng việt phương_án vốn_điều_lệ   tỷ   tỷ đồng thông_qua phát_hành tối_đa  triệu cổ_phiếu tiền huy_động chủ_yếu hoạt_động vay margin đầu_tư tự_doanh mảng kinh_doanh đề mục_tiêu doanh_thu   tỷ đồng lợi_nhuận thuế  tỷ đồng tương_ứng lần_lượt  ,1,1,0
đồ_thị vn index tham_chiếu phiên hôm_nay lệnh giao_dịch giá mở_cửa thị_trường   rưỡi áp_lực chiếm  toàn sàn hose đẩy chỉ_số sát   nhanh_chóng phục_hồi biến_động quanh     chiều chỉ_số giao_dịch quanh giá  h thị_trường hạ_độ rơi trạng_thái xanh vỏ đỏ_lòng mã_trụ yếu dần chỉ_số bệ đỡ chứng_khoán nhuộm đỏ phiên số_lượng cổ_phiếu sắc xanh chốt phiên    chứng_khoán dứt_mạch  phiên liên_tiếp toàn sàn  tăng_giá số_lượng  mã áp_lực dòng tiền cổ_phiếu mã câu_chuyện hấp_dẫn sàn hose ghi_nhận  cổ_phiếu biên_độ mwg dẫn_đầu cổ_phiếu vn index  h cổ_phiếu trần   đồng phiên_thị giá mwg rưỡi trắng ghi_nhận liên_tục lệnh hấp_thụ thanh_khoản cổ_phiếu thế_giới di_động   tỷ đồng đứng  toàn thị_trường  khớp lệnh mua chủ_động mwg cổ_phiếu bán_lẻ diễn_biến tích_cực giúp chỉ_số ngành toàn thị_trường pnj   dgw   frt_tích lũy   ba_mã vin áp_lực chỉ_số vhm góp  vic  vpl  cổ_phiếu     đồng_thanh khoản mã đứng đầu thị_trường   tỷ đồng một_nửa khớp lệnh chủ_động cổ_phiếu sụt     đồng thanh_khoản   tỷ đồng vhm  khớp lệnh vic xuất_phát mua chủ_động phiên chứng_khoán trụ khoản sàn hose đi lùi tổng giao_dịch   tỷ đồng sụt   tỷ hôm_qua khối ngoại trở_lại mua ròng  tỷ đồng hai phiên bán_ròng hàng nghìn tỷ vic cổ_phiếu mua ròng  tỷ đồng mwg  tỷ điều_chỉnh phiên vn index tuần  tương_đương   tuần cải_thiện điểm_số  liên_tiếp chứng_khoán,1,3,0
hội_đồng_quản_trị công_ty cổ_phần nhựa bình_minh bmp công_bố tờ_trình ý_kiến cổ_đông phương_án phân_phối lợi_nhuận  công_ty chia tiền đợt hai tỷ_lệ   tương_ứng cổ_đông sở_hữu cổ_phiếu   đồng hồi   doanh_nghiệp tạm_ứng cổ_tức đợt tỷ_lệ  tổng tỷ_lệ cổ_tức tiền_mặt  bmp   kỷ_lục   triệu lưu_hành nhựa bình_minh chi   tỷ đồng cổ_tức tiền tương_đương  lợi_nhuận thuế doanh_nghiệp  cơ_cấu cổ_đông nawaplastic industries thành_viên tập_đoàn scg_thái_lan sở_hữu  triệu cổ_phiếu bmp tương_đương  vốn cổ_đông hai đợt chia  tỷ đồng_tiền cổ_tức nawaplastic đầu_tư doanh_nghiệp nhựa sàn việt_nam  chính_thức nắm quyền chi_phối  mua vốn tổng_công_ty đầu_tư kinh_doanh vốn nhà_nước scic ước_tính công_ty scg chi   tỷ đồng sở_hữu_lượng cổ_phần bmp nhựa bình_minh doanh_nghiệp lịch_sử cổ_tức tiền đều_đặn cổ_đông xứ chùa vàng_góp vốn doanh_nghiệp phân_phối lợi_nhuận cổ_đông tỷ_lệ   nâng con_số lũy_kế tổng tiền cổ_tức  đại_gia_thái   tỷ đồng khoản tiền cổ_tức lãi   thương_vụ thị_giá cổ_phiếu nhựa bình_minh hiện   đồng_lượng cổ_phiếu công_ty scg_sở_hữu trị_giá   tỷ đồng gấp   vốn ban_đầu scg tập_đoàn hoạt_động lĩnh_vực xi_măng vật_liệu xây_dựng sản_xuất bao_bì sản_xuất sản_phẩm hóa dầu đầu_tư việt_nam  lĩnh_vực bao_bì nhựa lọc hóa dầu gạch_men nhựa bình_minh kết_quả kinh_doanh tích_cực  doanh_thu doanh_nghiệp   tỷ đồng   lãi thuế   tỷ đồng    lãi kỷ_lục lịch_sử hoạt_động hàng chục doanh_nghiệp công_ty đề kế_hoạch   tỷ đồng doanh_thu   tỷ_lợi_nhuận thuế hai chỉ_tiêu lần_lượt    bmp dự_định  lãi thuế chia cổ_tức tiền_mặt cổ_đông,1,1,0
mục_tiêu đỗ quang_vinh chủ_tịch chứng_khoán shs nêu phiên họp thường_niên diễn   kế_hoạch tham_vọng shs nằm  công_ty chứng_khoán thị_phần môi_giới quý i số_liệu sở giao_dịch chứng_khoán tp hcm hose đỗ quang_vinh doanh_nghiệp lợi_thế hút khách_hàng sống hệ_sinh_thái tài_chính khép_kín ngân_hàng shb công_ty quản_lý quỹ tập_đoàn t t chủ_tịch nhấn_mạnh mục_tiêu shs tham_gia thương_vụ phát_hành kết_nối nhà_đầu_tư quốc_tế sâu mục_tiêu tổng_giám_đốc nguyễn_duy_linh công_ty hiện nắm   thị_phần môi_giới hose  công_ty hàng_đầu thị_phần nâng  linh ceo kế_hoạch công_ty cơ_sở số_lượng nhà_đầu_tư chứng_khoán hiện chiếm  dân_số dư_địa hút giao_dịch đi chính_phủ thúc_đẩy phát_triển thị_trường_chứng_khoán kênh vốn kinh_tế gia_tăng thị_phần môi_giới tổng_giám_đốc shs công_ty trọng_tâm tăng_trưởng quy_mô lẫn tài_sản khách_hàng doanh_nghiệp dự_kiến chia phân_hạng khách_hàng chi_tiết thiết_kế sản_phẩm thời đầu_tư công_nghệ lẫn nâng trình_độ đội_ngũ tư_vấn sản_phẩm tính_chất thu_hút nhà_đầu_tư linh công_ty đa_dạng hóa phương_thức thanh_toán khách_hàng duy_linh theo_đuổi đua miễn_phí giao_dịch zero fee diện rộng thay phí lãi_suất vay phân_khúc khách_hàng đi kèm gia_tăng sản_phẩm dịch_vụ  shs cổ_đông thông_qua kế_hoạch kinh_doanh tổng doanh_thu dự_kiến   tỷ đồng lợi_nhuận thuế   tỷ đồng lần_lượt   đà tăng_trưởng dự_kiến  năm_ngoái đỗ quang_vinh kế_hoạch kinh_doanh thận_trọng hoàn_cảnh chủ_tịch bối_cảnh quốc_tế căng_thẳng địa_chính_trị diễn ảnh_hưởng kinh_tế vĩ_mô xuyên suốt  hội_đồng_quản_trị công_ty mục_tiêu đẩy_mạnh tăng_trưởng mảng kinh_doanh shs chuyển_dịch cơ_cấu hướng bền_vững hạ tỷ_trọng hoạt_động tự_doanh đẩy_mạnh thu  mảng đầu_tư chiếm một_nửa lợi_nhuận  tỷ_trọng  duy_linh ngược_lại thu cốt_lõi vay môi_giới ngân_hàng đầu_tư sản_phẩm tài_chính tỷ_trọng đóng_góp hoạt_động vay dự_kiến chiếm  mảng  ,1,1,0
báo_cáo tài_chính quý i chứng_khoán vix ghi_nhận doanh_thu   tỷ đồng cải_thiện  kỳ tổng chi_phí hoạt_động    tỷ đồng chứng_khoán vix lãi thuế  tỷ đồng  kỳ khoản lãi doanh_nghiệp  quý giải_trình doanh_nghiệp nộp hose kết_quả kinh_doanh quý_i tác_động diễn_biến thị_trường_chứng_khoán thanh_khoản giao_dịch số_liệu mảng vay môi_giới duy_trì tăng_trưởng áp_lực lỗ tự_doanh chi_phí gia_tăng kỳ báo_cáo tài_chính khoản lãi tài_sản tài_chính ghi_nhận thông_qua lãi lỗ   tỷ đồng đóng_góp  doanh_thu công_ty ghi_nhận khoản lỗ mảng kinh_doanh   tỷ đồng lỗ_ròng  tỷ đồng cạnh đi chi_phí tài_chính   tỷ đồng   tổng tài_sản chứng_khoán vix   tỷ đồng  đầu doanh_nghiệp thu_hẹp dư_nợ vay   tỷ đồng đầu   tỷ quý hai liên_tiếp dư_nợ doanh_nghiệp đi ngược_lại hợp_lý danh_mục tự_doanh   tỷ đồng  đầu cổ_phiếu niêm_yết   tỷ đồng cải_thiện  chứng_khoán vix thành_lập    tiền_thân chứng_khoán vincom_vincomsc tập_đoàn vingroup  vingroup thoái vốn công_ty công_ty  đổi chứng_khoán vix ,1,1,0
chỉ_số đại_diện sàn chứng_khoán tp hcm nối dài_trạng_thái hưng_phấn trái dự_đoán phân_tích kịch_bản điều_chỉnh nhẹ nhịp tuần vn index  áp_lực xả hàng vingroup nhanh_chóng sắc_xanh liên_tục nới rộng biên_độ chỉ_số đóng_cửa    tham_chiếu rưỡi sàn tp hcm  mã chốt phiên tham_chiếu xấp_xỉ  mã rổ vốn hóa ghi_nhận phân_hóa  mã  mã_giảm thị_trường chi_phối cổ_phiếu tập_đoàn vingroup bốn mã thành_phần vhm chạm trần   đồng chốt phiên thống_kê công_ty chứng_khoán vndirect đóng_góp  phiên hôm_nay thép ngành duy_nhất đà đồng_thuận hpg hôm_nay tích lũy     đồng hsg nkg lần_lượt đóng_cửa tham_chiếu   ngành phân_hóa ngân_hàng vpb mbb chốt phiên sắc đỏ ngược_lại hdb tcb vcb   đại_diện nguyên tham_chiếu shb lpb klb ocb nab cổ_phiếu chứng_khoán diễn_biến tương_tự mã_trụ ssi hcm vnd vck biên_độ ngược_lại vix vpx tcx biên_độ   dầu_khí ngành biến_động tiêu_cực đồng_loạt sâu bất_chấp thùng dầu thế_giới   usd căng_thẳng trung_đông dấu_hiệu leo_thang trở_lại bsr vận_hành nhà_máy lọc dầu_dung_quất đứng đầu biên_độ   mã_trụ plx gas pvd lần_lượt  thanh_khoản sàn tp hcm   tỷ đồng hai tuần rổ vốn hóa đóng_góp   tỷ đồng dòng tiền cục_bộ vingroup vic vhm chia dẫn_đầu lần_lượt   tỷ đồng  tỷ đồng khối ngoại trở_lại trạng_thái xả hàng giải_ngân   tỷ đồng   tỷ đồng vic đóng_góp thị_trường áp_lực xả hàng quyết_liệt nhà_đầu_tư nước_ngoài khối_lượng bán_ròng  triệu cổ_phiếu nhận_định phân_tích công_ty chứng_khoán mb thanh_khoản độ rộng giai_đoạn vn index tiến đỉnh cũ thị_trường đứng khả_năng rung_lắc tuần chỉ_số dự_đoán lùi     tức   nhà_đầu_tư giải_ngân cơ_cấu danh_mục,1,3,0
phiên họp thường_niên    chứng_khoán vpbank vpbanks_trình cổ_đông mục_tiêu dư_nợ vay ký quỹ margin  năm_ngoái   tỷ đồng cổ_đông lo_ngại doanh_nghiệp hoàn_thành kế_hoạch thị_trường_chứng_khoán giai_đoạn đầu biến_động lãi_suất trả_lời cổ_đông nhâm hà_hải tổng_giám_đốc vpbanks doanh_nghiệp thuận_lợi hoàn_thành kế_hoạch nhu_cầu vay ký quỹ nhà_đầu_tư bối_cảnh tăng_trưởng tín_dụng hệ_thống ngân_hàng   đồng_nghĩa nhà_đầu_tư vay vốn công_ty chứng_khoán đầu_tư hải khoản duy_trì nhà_đầu_tư chứng_khoán thống_kê vpbanks quý i tiền bình_quân nhà_đầu_tư giải_ngân   tỷ đồng phiên   tỷ đồng  cạnh yếu_tố thị_trường lãnh_đạo vpbanks công_ty dư_địa vay     tỷ đồng cạn room lợi_thế cạnh_tranh thu_hút khách_hàng tổ_chức quy_mô ceo vpbanks giao_dịch ký quỹ hình_thức nhà_đầu_tư vay tiền công_ty chứng_khoán mua cổ_phiếu tỷ_lệ   cổ_phần mua tài_sản bảo_đảm quý i_dư nợ margin vpbanks   tỷ đồng_bằng  vốn chủ_sở_hữu trần vay ủy ban_chứng_khoán_nhà_nước quy_định  mảng đóng_góp  doanh_thu công_ty tương_dương  tỷ đồng câu_chuyện tăng_trưởng mảng vay cổ_đông lĩnh_vực đầu_tư tài_sản mã_hóa vpbanks nguyễn_đức_vinh tổng_giám_đốc vpbank ngân_hàng nắm quyền_sở_hữu_vpbanks công_ty nhân_sự nguồn_lực tham_gia mảng hiện công_ty tài_sản_mã hóa vpbanks đầu_tư cơ_quan quản_lý phép vinh tiết_lộ ngân_hàng lập công_ty quản_lý quỹ đầu_tư tài_sản tiền vpbanks tham_gia mảng tiền đầu_tư   tỷ đồng công_ty cổ_phần sàn giao_dịch tài_sản_mã hóa việt_nam thịnh_vượng caex doanh_nghiệp vốn_điều_lệ   tỷ đồng vpbanks caex  cổ_đông okg ventures limited đầu_tư future land lynkid cheng tan feng nghị_quyết  chính_phủ việt_nam thí_điểm thị_trường tài_sản_mã hóa  công_ty vận_hành sàn vốn tối_thiểu   tỷ đồng tối_thiểu  cổ_phần tổ_chức góp,1,1,0
báo_cáo kinh_doanh công_ty cổ_phần đầu_tư điện_máy xanh quý_i doanh_nghiệp   tỷ đồng doanh_thu  kỳ_lợi_nhuận thuế   tỷ gấp rưỡi kỳ năm_ngoái bình_quân công_ty lãi   tỷ đồng tương_đương  tỷ đồng biên_lợi_nhuận thuế cải_thiện   tăng_trưởng điện_máy xanh trụ_cột topzone chuỗi tốc_độ  thế_giới di_động  điện_máy xanh  ngành_hàng điện_thoại_di_động ghi_nhận  gia_dụng tủ_lạnh đi  quý i hệ_thống duy_trì quy_mô   cửa_hàng điện máy xanh  thế_giới di_động  cửa_hàng topzone đầu mảng dịch_vụ kỹ_thuật thợ điện_máy xanh  tỷ đồng doanh_thu    nhân_sự thu khách_hàng chiếm  kênh super app ghi_nhận   tỷ đồng doanh_thu thu_hút  triệu lượt truy_cập đơn hàng bình_quân  hướng mô_hình đại_siêu_thị online_tích_hợp bán_lẻ dịch_vụ tài_chính thị_trường nước_ngoài liên_doanh erablue indonesia doanh_thu  tỷ_rupiah   tỷ đồng doanh_thu bình_quân cửa_hàng gấp     mô_hình tương_đương chuỗi hiện  cửa_hàng mục_tiêu gấp đôi  gấp     điện máy xanh mục_tiêu   tỷ đồng doanh_thu   tỷ đồng lợi_nhuận thuế lần_lượt    kế_hoạch điện_máy xanh phát_hành cổ_phiếu đầu_ra công_chúng ipo cơ_quan quản_lý chấp_thuận quy_mô chào_bán tối_đa doanh_nghiệp   triệu cổ_phiếu tương_đương   vốn cổ_phiếu dự_kiến chào_bán   đồng toàn_bộ tiền thu điện_máy xanh thanh_toán khoản vay ngắn_hạn,1,1,0
cổ_phiếu ngân_hàng sài gòn thương_tín sacombank duy_trì sắc_xanh suốt phiên bật giá_trần nghỉ trưa cổ_phiếu biến_động sacombank bổ_sung điều_chỉnh tờ_trình sát thềm phiên họp cổ_đông thường_niên ngân_hàng dự_kiến bầu tổng_giám_đốc nguyễn_đức_thụy hội_đồng_quản_trị gia_hạn đề_án tái_cơ_cấu  công_bố nửa đà cổ_phiếu sacombank thu_hẹp phiên khớp_lệnh xác_định giá đóng_cửa   chốt phiên   đồng_mã dẫn_đầu biên_độ ngân_hàng mã đứng lpb   eib   tcb   ước_tính công_ty chứng_khoán vndirect_stb đóng_góp   vn index giúp chỉ_số đại_diện sàn tp hcm phiên sâu ngược sacombank phần_đông cổ_phiếu trụ ngân_hàng đóng_cửa tham_chiếu vpb shb tpb vcb acb     lần_lượt góp_mặt danh_sách cổ_phiếu tác_động tiêu_cực vn index_sắc đỏ lan diện rộng nâng tổng_số cổ_phiếu sàn tp hcm  mã gấp đôi rổ vốn hóa  mã chốt phiên tham_chiếu cổ_phiếu  mã vn index    vic trụ_đỡ thị_trường tích lũy     đồng_mã đóng_góp chỉ_số  ngành sắc đỏ chiếm ưu_thế bất_động_sản hôm_nay áp_lực xả hàng đa_số cổ_phiếu  cá_biệt dxg dxs tập_đoàn đất xanh lần_lượt   cổ_phiếu chủ đầu_tư khang_điền nam long hà_đô     tham_chiếu diễn_biến dầu_khí tương_tự mã_đầu ngành gas plx bsr pvd pvt đại_diện hiếm_hoi lội ngược dòng   chỉ_số thị_trường ghi_nhận tín_hiệu tích_cực thanh_khoản giao_dịch hôm_nay   tỷ đồng   tỷ đồng phiên đầu tuần_hpg hòa_phát đứng đầu   tỷ đồng khớp lệnh cổ_phiếu xếp sacombank novaland vinhomes_cộng nhà_đầu_tư nước_ngoài nối_mạch xả hàng hai phiên liên_tiếp áp_lực bán_ròng suy_yếu phiên giải_ngân   tỷ đồng rút   tỷ đồng,1,3,0
sân joko samudro chiều   việt_nam trận đấu thời_tiết nắng gắt  độ c đoàn quân cristiano roland trút mưa bàn thắng lưới đối_thủ chênh_lệch trình_độ bàn tỷ_số phút tình_huống cố_định chu_ngọc nguyễn_lực sút_phạt sát biên_trái bóng đi thẳng lưới thủ_môn timor leste nhảy bóng cách_biệt nới rộng phút  tiền đạo lê_trọng có_mặt đệm bóng lưới trống tình_huống lập bập_ba phút việt_nam phối_hợp ghi_bàn đẹp_mắt đường chuyền ngang hai cầu_thủ bóng trần ngọc_sơn góc nâng tỷ   phút  nguyễn_lực hoàn_tất cú đúp pha đá phạt_chếch trái sát cấm địa_bóng đi chìm góc trái thủ_môn cản_phá khép hiệp tỷ   việt_nam đoàn quân_roland bóng lưới công_nhận lỗi việt_vị tranh_cãi hiệp hai việt_nam ngừng_bắn phá cầu_môn phút  tiền đạo trần_trí_dũng ghi_bàn pha đi bóng dứt_điểm gọn_gàng cấm_địa hiệp hai trận đấu trở_nên sôi_động cầu_thủ dự_bị tung sân nguyễn_văn_dương_chơi nổi_bật vòng bốn phút   cầu_thủ ghi hai bàn kiến_tạo duy_khang lập_công giúp việt_nam nâng tỷ   sức_ép dồn_dập hàng thủ_timor leste sụp_đổ đội bóng thay thủ_môn phút  liên_tiếp_nhận bàn_thua điều_chỉnh khác_biệt việt_nam duy_trì khả_năng tấn_công hiệu_quả phút chứng_kiến màn trình_diễn ấn_tượng hai nổi_bật phút  văn_dương hoàn_tất hat trick cú cứa_lòng kỹ_thuật cấm_địa phút  nguyễn_lực ghi hat trick ấn_định chiến_thắng đậm_đà   suốt  phút timor leste nào_thủ môn_lý xuân_hòa hầu_như làm_việc chiến_thắng giúp việt_nam củng_cố đầu_bảng  tuyệt_đối_hiệu  hai lượt trận đội trận ra_quân lượt bảng a   việt_nam đối_đầu chủ indonesia trận đấu ý_nghĩa quyết_định đầu bảng xác_định vé kết_giải u đông nam_á  tổ_chức  indonesia     giải quy_tụ  đội_tuyển trẻ khu_vực australia vòng thi_đấu hai sân khu_vực greater surabaya cầu_thủ sinh  trở tham_dự vòng bảng đội bảng đội nhì thành_tích bán_kết đầu giải thái_lan thua myanmar   lượt hai bảng b hôm_qua  ,4,2,0
đài địa_phương xe cựu_thủ_môn tàu đâm băng đường ngang pabing nussdorf am_haunsberg  h địa_phương   xe manninger kéo lê mét nhanh_chóng xe sơ_cứu tại_chỗ manninger đi một_mình cơ_quan_chức_năng kiểm_tra tín_hiệu đèn_đỏ đường ngang xác_định hệ_thống hoạt_động bình_thường lái tàu  hành_khách toa bị_thương bàng_hoàng vụ tai_nạn thảm_khốc nussdorf alexander manninger mạng austria salzburg clb sự_nghiệp manninger chia buồn mạng xã_hội alexander gia_đình clb giai_đoạn   trên_hết con_người dấu_ấn lẫn sân cỏ manninger thủ_thành áo tại_ngoại_hạng gia_nhập  bắt  trận đội bóng thành london giành chức vô_địch ngoại_hạng cúp fa chia_tay arsenal manninger sự_nghiệp clb châu_âu torino siena red bull salzburg udinese augsburg_cựu thủ_môn vô_địch serie_a juventus trở_lại mùa giải sự_nghiệp màu áo  đau_buồn đi alexander manninger thiệt_mạng tai_nạn giao_thông thảm_khốc red bull_salzburg gửi tri_ân manninger tâm_trí hướng gia_đình bạn_bè yên_nghỉ alexander cấp_độ đội_tuyển quốc_gia manninger  sân tuyển áo   góp_mặt thành_phần đội_tuyển dự euro ,3,2,0
nói_chuyện hlv ancelotti triệu_tập neymar trả_lời ancelotti có_thể_lực phẩm_chất liệu neymar tuyển neymar thể_hiện chuyên_nghiệp tổng_thống brazil lula da_silva kênh hôm   neymar hiện kỷ_lục ghi  bàn brazil   đứt dây chằng đầu_gối trận uruguay tiền đạo  trở_lại đội_tuyển cựu tiền đạo_barca psg phong_độ thể_lực hlv_ancelotti liên_tục từ_chối triệu_tập neymar đầu  neymar trở_lại clb santos phong_độ ghi  bàn  trận tích_cực cầu_thủ kia sườn dốc thể_lực khả_năng đáp_ứng cường_độ neymar dính  chấn_thương nghỉ  trận brazil đợt world_cup   phỏng_vấn hlv ancelotti loại_trừ khả_năng gọi hai chứng_tỏ phẩm_chất cần_thiết thi_đấu world cup neymar đường cải_thiện thể_lực đi hướng hlv ancelotti hlv nước_ngoài lịch_sử brazil nhà_cầm quân italy hiện kỷ_lục giành champions league bob paisley zinedine zidane pep guardiola hai danh_hiệu nắm kỷ_lục giành world_cup đăng_quang  thành_tích đội bóng xứ samba bán_kết sân_nhà  trận đấu thua thảm_đức   brazil nằm bảng c scotland haiti morocco giới chuyên_môn tây ban_nha pháp hai ứng_cử_viên hàng_đầu argentina bồ đào_nha brazil đức trận giao_hữu hôm   brazil thua_pháp  ,4,2,0
phút  trận rubio nu olimpia   ferreira_sút chấm  m thủ_môn franco fragueda đẩy tiền_đạo olimpia tiếc_nuối tiền_vệ fernando_martinez rubio nu ập ý_định phá bóng cú đá bóng đập trúng mặt ferreira bật khung_thành chủ pha bóng lỗi martinez ôm mặt tự_trách đồng_đội chạy liên_tục động_viên vỗ_về ferreira choáng_váng bóng đập mặt cố_gắng vui cười bàn ấn_định chiến_thắng   phút  ferreira tỷ_số olimpia trận thắng vòng  giúp olimpia củng_cố dẫn_đầu giải vô_địch paraguay  cerro porteno đứng hai  sportivo ameliano đứng  rubio nu xếp  tổng_số  đội ferreira tiền_đạo hàng_đầu giải cầu_thủ  brazil_argentina mỹ thi_đấu trở_lại olimpia năm_ngoái olimpia clb thành_công lịch_sử bóng_đá paraguay kỷ_lục  vô_địch quốc_gia giành copa libertadores hai recopa sudamericana cup liên_lục địa,4,2,0
bán_kết bayern đương_kim vô_địch psg đội đè_bẹp liverpool tứ_kết kane phong_độ đội_hình tinh_thần psg tự_tin đi tiếp bayern psg đội châu_âu đkvđ trung_phong áp sát quyết_liệt sở_hữu xuất_sắc bayern tự_tin hạ đối_thủ phong_độ thử_thách real hlv vincent kompany tỏ thận_trọng hai đội bóng thế_giới so_sánh bayern phong_độ đánh_bại psg mùa bayern hướng cú bốn cạnh champions league đoạt siêu cup_đức dẫn_đầu bundesliga bayer leverkusen kết_cup quốc_gia   bundesliga hùm xám chạm cột mốc  bàn  vòng phong_độ ấn_tượng bồi_đắp chiến_thắng nghẹt thở   allianz arena hôm   trận real hai cú đúp bayern nhanh_chóng gỡ hòa công_aleksandar pavlovic harry kane phút  lượt kylian mbappe lập_công giúp real nghỉ lợi_thế bàn_hiệp hai diễn cân_bằng eduardo camavinga phút  bayern tận_dụng lợi_thế ghi liền hai bàn tuyệt_phẩm luis diaz michael olise bán_kết bayern clb hai trận thắng champions league man utd clb tương_tự real tứ_kết hồi   trận đấu điên rồ_kane bình_luận tính_chất trận tứ_kết diễn_biến hiệp hiếm hiệp hỗn_loạn khởi_đầu tệ chiến_đấu trở_lại hiệp hai toàn đội kiên_nhẫn tận_dụng trận trận đấu hlv kompany nhấn_mạnh yếu_tố cảm_xúc bản_lĩnh tinh_thần học_trò tự_hào đội bóng liên_tục bàn gỡ hòa_điều cầu_thủ sợ_hãi thể_hiện sân cống_hiến chiến_lược gia bỉ tự_trách pha chuyền hỏng bayern thủng lưới giây  ca_ngợi tinh_thần chiến_đấu toàn đội đêm champions league nghĩa kiên_nhẫn chờ tận_dụng bayern xứng_đáng chiến_thắng thủ_thành đức bày_tỏ trận đấu sai_sót bayern phong_độ mắc lỗi chiến_thắng psg phong_độ căng_thẳng tiền_vệ đức,4,2,0
lượt tứ_kết hôm_qua thắng đội porto   công_morgan gibbs white đi tiếp tổng tỷ   aston villa ấn_tượng đè_bẹp bologna   bàn ollie watkins emiliano buendia morgan rogers ezri konsa bán_kết tổng tỷ_số   ollie watkins chạm mốc  bàn đấu_trường gia_nhập aston villa cầu_thủ tại_ngoại_hạng cột mốc giai_đoạn liverpool man city watkins chạm mốc  bàn cup châu_âu thành_tích lịch_sử aston villa cột mốc tiền_đạo hướng mục_tiêu  bàn tại_ngoại_hạng anh_cả đội phong_độ mục_tiêu watkins trận bán_kết nottingham forest nottingham_forest cặp bán_kết toàn đấu_trường châu_âu arsenal man_utd champions league  xảy europa league  liverpool đối_đầu tottenham cặp bán_kết đối_đầu braga freiburg braga ấn_tượng thắng ngược betis   lượt tứ_kết đi tiếp tổng tỷ   freiburg thắng   sân celta vigo đi tiếp tổng tỷ_số   freiburg bán_kết giải đấu châu_âu_freiburg hai đại_diện bundesliga góp_mặt bán_kết cup châu_âu mùa cạnh đội champions league chiến_thắng đất tây ban_nha hlv julian schuster bày_tỏ tự_hào học_trò nhấn_mạnh tinh_thần duy_trì phong_độ ổn_định hai lượt trận đội_trưởng vincenzo grifo màn trình_diễn toàn đội khả_năng tận_dụng đối_thủ dâng tiền_vệ italy freiburg kiểm_soát thế_trận xứng_đáng đi tiếp trận lượt đi bán_kết diễn   lượt tuần chung_kết diễn   sân besiktas istanbul thổ_nhĩ kỳ hai cặp bán_kết xác_định rayo vallecano đấu strasbourg crystal palace đụng_độ shakhtar_donetsk trận lượt đi bán_kết diễn   lượt tuần chung_kết diễn   red bull arena leipzig_đức,4,2,0
  clb cornella thông_báo hoàn_tất mua đội bóng chính_thức chủ đại_diện baix_llobregat thông_cáo cornella messi đánh_dấu chương lịch_sử clb mục_tiêu thúc_đẩy thành_tích thể_thao lẫn phát_triển tổ_chức dự_án tầm dài_hạn kết_hợp tham_vọng bền_vững liên_kết cộng_đồng địa_phương thương_vụ củng_cố liên_hệ lâu_dài messi barcelona catalonia gắn_bó màu áo barca cornella hiện_diện messi thể_hiện cam_kết phát_triển thể_thao đào_tạo tài_năng trẻ địa_phương cornella messi tham_gia đồng_đội luis suarez thành_lập  cornella clb giàu truyền_thống bóng_đá catalonia nổi_bật hệ_thống đào_tạo trẻ cầu_thủ vươn đỉnh_cao bóng_đá chuyên_nghiệp thủ_môn david_raya hậu_vệ jordi alba đồng_đội cũ messi barca inter miami gerard martín javi puado keita balde aitor ruibal ilie sanchez cầu_thủ minh_chứng hiệu_quả mô_hình đào_tạo trẻ cornellà theo_đuổi thập_kỷ hiện clb duy_trì hệ_thống đội trẻ thi_đấu cấp_độ tây ban_nha cam_kết bóng_đá trẻ trọng_tâm hoạt_động sân_cỏ messi   tổ_chức đầu miami quy_tụ clb inter milan river plate atletico chelsea_man city barca messi ngôi_sao bóng_đá lấn_sân đầu_tư bóng_đá  n golo kante mua chủ_tịch clb hạng bỉ royal excelsior virton  thông_qua quỹ coalition capital kylian mbappe giải_ligue  pháp  luka modric_clb giải_hạng vinicius đối_tác clb thi_đấu giải_hạng hai bồ đào_nha,4,2,0
trận lượt tứ_kết champions league tối   real bayern gỡ hòa thắng ngược   đội bóng đức bán_kết tổng tỷ_số   mặt truyền_thống real liên_tục đánh lợi_thế bayern champions league đội bóng_tây ban_nha nổi_tiếng lội ngược dòng tưởng  thắng wolfsburg   trận lượt đi tứ_kết thua   vòng  ngược dòng psg chelsea man_city lượt bán_kết  real phút thắng ngược bayern   real tự_hào vua tranh_cãi màn ngược dòng bayern nếm_vị đắng thuốc_độc thierry henry cựu tiền_đạo arsenal barca bình_luận trận đấu hấp_dẫn sân allianz arena tối   thua   lượt đi sân_nhà bernabeu_real nỗ_lực lượt cú đúp ardan guler kylian_mbappe hiệp lợi_thế duy_trì phút  eduardo camavinga mắc lỗi câu thẻ_vàng hai ghi liên_tiếp hai bàn bàn gỡ hòa   phút  bàn ấn_định chiến_thắng   phút bù tư henry sai_lầm real quyết_tâm gắn_kết đội bóng_tây ban_nha duy_trì tỷ_số trận đấu loạt luân_lưu  sẵn_sàng nỗ_lực phòng_ngự tập_thể trả_giá đội bóng bayern henry đấu_trường real giã_biệt cay_đắng mùa thua barca   chung_kết siêu cup_tây ban_nha đội hạng nhì albacete   vòng   cup nhà_vua la_liga real xếp hai  vòng kém barca   vòng thi_đấu vòng đối_mặt nguy_cơ chứng_kiến kình địch đăng_quang vòng  emmanuel petit cựu danh_thủ arsenal barca mùa giải tồi_tệ bắt_nguồn đội_hình khâu chuyển_nhượng lựa_chọn hlv cầu_thủ cầu_thủ trình_độ real petit,4,2,0
việt_nam quốc_gia trẻ năng_động thân_thuộc hàn_quốc người_dân hàn_quốc du_lịch gia_đình đà_nẵng cảnh đẹp đồ_ăn ngon người_dân thân_thiện chuyến đi vui  dẫn_dắt jeonbuk hyundai motors tp hcm thi_đấu vòng bảng afc champions_league hagl đội chủ cảm_nhận thành_viên đội clb việt_nam nhiệt_tình máu_lửa tinh_thần thi_đấu nghiêm_túc cảm_nhận sức nóng nhiệt_thành cđv tp hcm việt_nam đề_nghị vff run hồi_hộp làm_việc nước_ngoài thâm_tâm mong_muốn xuất_ngoại suy_xét đề_xuất vff nghiêm_túc rõ_ràng phát_triển bóng_đá việt_nam nói_chuyện gia_đình ủng_hộ nhận_định thử_thách tự_tin đón_nhận công_việc thông_qua văn_hóa lịch_sử việt_nam cố_gắng đất_nước chính_thức bay hlv park hang seo đối_xử cầu_thủ việt_nam khuyên bóng_đá chiến_thuật vô_cùng kém chạm cầu_thủ tùy tình_huống hlv gia_đình cha_mẹ cầu_thủ anh_em thân hướng sâu_sát lo_lắng tâm_tư nguyện_vọng cầu_thủ giải_quyết ưu_điểm tiếp_cận suy_nghĩ trẻ_trung cầu_thủ đôi_lúc quát_mắng nạt_nộ rời sân tập cầu_thủ ruột kết_nối tâm_tư phương_án phát_triển phát_triển đội may_mắn phong_cách cầu_thủ luyện_tập chăm_chỉ thi_đấu hết_mình màu cờ_sắc áo việt_nam nghĩa_là hlv_trưởng đặc_thù tức dựa thành_tích tập_thể thành_tích làm_việc xấu sa_thải trở_lại hàn_quốc thể_hiện áp_lực đầu việt_nam nỗ_lực toàn đội khắc_phục kiểm_soát áp_lực thành_tích yêu_mến tin_tưởng cầu_thủ nhân_viên đội_tuyển hâm_mộ việt_nam vui báo đáp tin_tưởng thành_tích đội_tuyển hai gỡ toàn_bộ hành_lý áp_lực cố_gắng suy_nghĩ động_não giúp đtqg cải_thiện năng_lực hlv đtqg áp_lực bình_thường_lẽ đương_nhiên việt_nam phương_án xả_stress hạn_chế thông_thường đi bạn_bè quen ăn_uống lo_lắng tâm_sự đi đánh golf gia_đình thăm tinh_thần nhẹ_nhàng phở ngon cố_gắng bóng_đá rảnh_rỗi biến thành bóng_đá quên đi hai làm_việc cảm_nhận rõ_ràng nhiệt_huyết ý_chí quyết_thắng học_tập cầu_thủ gửi chúc khen_ngợi màn trình_diễn sân_cỏ hâm_mộ thành_quả phát_triển cầu_thủ thành_tích đông nam_á châu_á mong giải cầu_thủ tự_tin một_chút trận đầu thành_tích cầu_thủ dẫn_lối quan_điểm bóng_đá việt_nam toàn thế_giới hlv_trưởng dẫn_dắt đội đường mục_tiêu triết_lý vô_cùng cầu_thủ việt_nam nuôi_dưỡng tinh_thần bóng_đá chuyên_nghiệp sâu_sắc cầu_thủ cố_gắng nỗ_lực đầu_tư suy_nghĩ đá bóng đóng_góp chiến_thắng đội đầu_tư cải_thiện thể_chất thể_trạng yếu_tố cầu_thủ bóng_đá cầu_thủ đỉnh_cao cristiano ronaldo lionel messi thi_đấu đỉnh_cao  tinh_thần chuyên_nghiệp hàng_đầu hàn_quốc cầu_thủ   nuôi_dưỡng tinh_thần cầu_thủ việt_nam làm_vậy kéo_dài tuổi_thọ thi_đấu tùy cầu_thủ ý_kiến ý_kiến xuất_phát ham xuất_phát đóng_góp phát_triển đội đội_tuyển việt_nam cầu_thủ đứng phản_đối chỉ_thị ban huấn_luyện thoải_mái bóng_đá bộ_môn dự_đoán đáp_án duy_nhất lập_trường cầu_thủ chỉ_đạo hlv bình_thường cầu_thủ đứng sân khác_biệt phản_ứng hoàn_cảnh khác_biệt suy cầu_thủ linh_hoạt đa_dạng tình_huống sân tư_cách hlv theo_dõi sát_sao trận đấu clb tìm_kiếm hạt_giống cầu_thủ năng_lực đợt đội_tuyển thành_tích yếu sai_sót kết_quả giải khắc_phục yếu xây_dựng chiến_thuật suy_nghĩ chương_trình huấn_luyện mục_tiêu khích_lệ giúp cầu_thủ thi_đấu đội thống_nhất xuất_phát văn_hóa tương_đồng hai quốc_gia hai tương_đồng coi_trọng gia_đình kính nhường tôn_trọng lẫn hợp_tác hàn_quốc khái_niệm văn_hóa jeong việt_nam gọi_là tình sợi dây tình_cảm vô_hình_kết_nối cảm_xúc sâu_sắc con_người tổng_hòa tương_đồng hiệu_quả hợp_tác nhiệt_thành cầu_thủ sân cầu_thủ hàn_quốc việt_nam sân dốc chiến_đấu chiến_thắng đồng_đội hy_sinh đồng_đội sẵn_sàng khắc_phục cầu_thủ hàn_quốc thi_đấu tinh_thần chuyên_nghiệp hâm_mộ cống_hiến hâm_mộ trận đấu_vui thú_vị tốc_độ ví_dụ va_chạm sân cầu_thủ hàn_quốc đứng dậy trở_lại trận đấu nhịp_độ chán ủng_hộ sân cổ_vũ việt_nam cầu_thủ thi_đấu mục_tiêu chiến_thắng kéo hâm_mộ sân ủng_hộ tinh_thần chuyên_nghiệp cầu_thủ việt_nam trang_bị bóng_đá hàn_quốc quy_tắc nghiêm_ngặt tiền_bối hậu_bối thời thi_đấu huấn_luyện hàn_quốc cố_gắng nếp văn_hóa bình_đẳng làm_việc công_bằng việt_nam văn_hóa tiền_bối hậu_bối theo_dõi bữa đấy cầu_thủ trẻ tự_nhiên thoải_mái lắm phát_biểu leo hoa_quả việt_nam phương_hướng hàn_quốc tiền_bối chỉ_thị bình_đẳng thi_đấu toàn đội giao_lưu hai đang_phát_triển tốt_đẹp có_thể_thao dư_địa phát_triển kết_nối giao_lưu hệ_thống đào_tạo trẻ môn thể_thao bóng_đá tăng_cường hoạt_động giao_lưu đội u_u trận giao_hữu hàn_quốc việt_nam đội hàn_quốc việt_nam đá giao_hữu tập_luyện trải_nghiệm ý_tưởng huấn_luyện phát_triển trở thành kỳ cố_định hai phát_sóng k league v league hai quốc_gia ý_tưởng quan_hệ bóng_đá vận_dụng quen_biết liên_đoàn chuyên_gia bóng_đá hàn_quốc tích_cực giới_thiệu ưu_điểm bóng_đá việt_nam góp_phần mở_đường giúp việt_nam làm_việc giúp phát_triển fifa world_cup hình_mẫu thể_thao lợi_nhuận chuẩn_mực thế_giới mong đóng_góp bóng_đá việt_nam tiến hoàn_thiện hệ_thống thông_qua lợi_ích lợi_nhuận thông_qua hợp_đồng quảng_cáo thu_hút hâm_mộ sân hàn_quốc quốc_gia phát_triển kinh_tế thể_thao giúp việt_nam tham_khảo nội_dung hiệu_quả hàn_quốc doanh_nghiệp nhà_tài_trợ mục_tiêu thông_qua vff kết_nối doanh_nghiệp tài_trợ đóng_góp phát_triển bóng_đá việt_nam vui làn_sóng k pop văn_hóa ẩm_thực hàn_quốc góp_phần quảng_bá hình_ảnh đất_nước thế_giới k_pop thể_thao đóng_góp giao_lưu việt_nam mong thể_thao đóng_góp hai quốc_gia láng_giềng anh_em thân_thiết cạnh chuyến thăm lãnh_đạo tăng_cường giao_lưu thanh_thiếu_niên phát_triển cơ_sở_hạ_tầng bóng_đá thể_thao tăng_cường giao_lưu truyền_hình phát_sóng thể_thao hai thông_qua chuyến thăm mong tổng_thống thưởng_thức món ngon việt_nam phở bánh_xèo bún_chả lẩu ngài giới_thiệu quán địa_phương ngon hướng_dẫn_viên du_lịch,4,2,0
cầu_thủ chủ real_mcmanaman bình_luận hlv sân diễn cựu danh_thủ quyền_lực phòng thay đồ sân bernabéu khác_biệt clb liverpool arne slot quyết_định man city pep guardiola nắm toàn_quyền real cầu_thủ tiếng_nói mcmanaman trưởng_thành lò liverpool đội real giai_đoạn   man city   cấp_độ quốc_tế ghi bàn  trận khoác áo_tuyển dự euro   world_cup  trải_nghiệm cựu tiền_vệ  hlv thành_công sân bernabeu chìa khóa nằm cân_bằng kỷ_luật tâm_lý hlv tài_năng thuyết_phục mcmanaman kém cầu_thủ đội bóng vui tập_luyện quá_tải chiến_thuật phân_tích video ranh_giới hạnh_phúc giúp mong_manh mcmanaman dẫn_chứng hlv thành_công real vicente del bosque nổi_tiếng phong_cách mềm_mỏng khả_năng quản_trị phòng thay đồ ngược_lại nhà_cầm quân phong_cách cứng_rắn thường_xuyên quát_mắng tồn_tại real hlv kiểu nhanh_chóng rời đi đề_cập xabi alonso real_mcmanaman nằm cá_tính chiến_thuật xabi quát mắng cố áp_đặt triết_lý leverkusen cầu_thủ chấp_nhận kết_luận quan_điểm tương_tự podcast nhắc trải_nghiệm làm_việc thời zinedine zidane ancelotti huyền_thoại bóng_đá xứ wales giành tôn_trọng chủ_yếu đẳng_cấp cầu_thủ khối_lượng giáo_án chiến_thuật tập cơ_bản thi_đấu đối_kháng dứt_điểm phân_tích chiến_thuật phức_tạp_bale zidane tham_gia tập ảnh_hưởng uy_tín bale ancelotti hlv giải làm_việc khả_năng cân_bằng phòng thay đồ cầu_thủ sân cựu tiền đạo xứ wales zidane hai nhiệm_kỳ dẫn_dắt real     giành  danh_hiệu hai la_liga kỷ_lục liên_tiếp vô_địch champions league ancelotti dẫn_dắt real hai nhiệm_kỳ     đoạt  danh_hiệu hai la_liga champions league bale real thông_điệp ưu_tiên champions_league áp_lực thượng_tầng hlv thích_nghi phòng thay đồ áp_đặt triết_lý nhận_định hlv trường_hợp đội bóng hệ_thống chiến_thuật cầu_thủ real cầu_thủ chấp_nhận chiến_lược gia_xuất_sắc quản_trị con_người bale real nguy_cơ trải mùa giải trắng_tay vòng   cup nhà_vua bayern munich đứng hai la_liga kém barca  tương_lai hlv dấu_hỏi,3,2,0
quá_khứ tuyển nữ việt_nam trao hlv ngoại rainer willfeld_đức steve darby trần vân_phát trung_quốc takashi norimatsu_nhật_bản suốt  dẫn_dắt đội_tuyển hlv mai_đức giai_đoạn rực_rỡ bóng_đá nữ việt_nam đầu tham_dự world cup  vô_địch đông nam_á  giành bốn hc vàng sea_games     giải asian cup  đội_tuyển dừng vòng bảng hlv giai_đoạn thời hlv lãnh_đạo liên_đoàn bóng_đá việt_nam vff hội_đồng_hlv quốc_gia thảo_luận nhà_cầm quân_nội nước_ngoài hlv nội ưu_tiên yếu_tố tài_chính thấu_hiểu thích_ứng bóng_đá nữ việt_nam phó chủ_tịch vff phụ_trách chuyên_môn trần tú giải_thích lễ công_bố tân_hlv hoàng_văn_phúc hà_nội bóng_đá nữ kém bóng_đá nam tú hlv ngoại làm_việc việt_nam bóng_đá nữ đảm_đương nhiệm_vụ thuận_lợi đông nam_á xu_thế chuộng hlv nhật_bản bóng_đá nữ số_một châu_á thái_lan điển_hình hlv miyo okamoto   cựu hlv tuyển nữ nhật_bản futoshi_ikeda  thành_công mong_đợi tú đặc_thù việt_nam xét hàm_lượng sức_ép yếu_tố ngoại_cảnh chiến_lược tuyển_nữ ưu_tiên hlv nội tuyển_nam ngược_lại trình_độ hlv nội thua_kém hlv_ngoại lợi_thế áp_lực tú công_việc vff hướng hlv nội cạnh chiến_lược hlv ngoại thành_công tuyển nam   vff kế_hoạch kế_nhiệm hlv mai_đức hoàng_văn_phúc tuyển_nữ trợ_lý vff phúc làm_việc đội_tuyển nắm_bắt lực_lượng cầu_thủ phúc hội_tụ yếu_tố cần_thiết chuyên_môn kinh_nghiệm  công_tác huấn_luyện phúc pro tiêu_chí bắt_buộc quy_định lđbđ châu_á afc đtqg_nam nữ hlv_hoàng văn_phúc phó chủ_tịch trần tú áp_lực di_sản hlv mai_đức đồng_hành tối_đa tân_hlv hoàn_thành nhiệm_vụ kinh_nghiệm hlv mai_đức  nhà_cầm quân  cầu_thủ nữ việt_nam ý_chí tuyệt_vời bền_bỉ ham tập_luyện tâm_lý kỹ_càng cạnh khả_năng chuyển_đổi trạng_thái bóng bóng giành bóng hlv  hlv_phúc giải_quyết chuyển_giao thế_hệ đội_tuyển cú hích cầu_thủ giải vô_địch quốc_gia nữ mùa thi_đấu hai giai_đoạn đá sân_nhà sân v league đội_tuyển xây_dựng tinh_thần tập_thể thể_lực đáp_ứng lối triệu_tập giải đấu chính_thức đội_tuyển nữ tân_hlv hoàng_văn_phúc asiad  nhật_bản  cọ_xát chỉ_tiêu  đội_tuyển hướng huy_chương asean cup nữ chung_kết sea games  sinh  thi_đấu thể công_quân_khu  đường_sắt việt_nam trung_vệ giải_nghệ  sự_nghiệp huấn_luyện clb dẫn_dắt hà_nội acb quảng_nam sài gòn fc đội bóng giải_thể đỉnh_cao chức vô_địch v league  quảng_nam phúc bén_duyên đội_tuyển quốc_gia  chức vô_địch u đông nam_á mở_rộng  dẫn_dắt đội_tuyển dự_vòng chung_kết u châu_á    hlv ký hợp_đồng  vff dẫn_dắt đtqg u việt_nam vòng bảng sea_games  myanmar quyết_định từ_chức  phúc trung_tâm đào_tạo bóng_đá trẻ hà_nội làm_việc giai_đoạn giám_đốc kỹ_thuật hlv tạm quyền hà_nội fc,4,2,0
sân_al awwal park tối   thi_đấu thể_lực tiền_đạo bồ đào_nha đau bụng mệt_mỏi rời sân phút  hlv jorge jesus tiết_lộ cân_nhắc ronaldo_trận trạng_thái ronaldo đau bụng mệt_mỏi rời sân thẳng phòng thay đồ nôn ói nhà_cầm quân bồ đào_nha  phút sân ronaldo chạm bóng  hai dứt_điểm bảy bóng trúng cột dọc cú dứt_điểm phá vạch vôi ghi_dấu tình_huống bàn thắng duy_nhất phút  cựu tiền_đạo man_utd real madrid dứt_điểm vòng cấm thủ_môn marek rodak cản phá băng thủ_thành al ettifaq bóng lưới trống kết_quả   giúp nối dài_mạch thắng  trận liên_tiếp  trận giải_quốc nội_thành_tích lịch_sử clb_al nassr vững_vàng đỉnh bảng saudi pro league  al hilal tám đá trận trận ronaldo lên_mạng xã_hội ăn_mừng khen_ngợi hâm_mộ bầu_không_khí khán_đài tuyệt_vời hlv jesus nhấn_mạnh cổ_vũ khán_giả động_lực sân_vận_động hôm_nay bầu_không_khí cầu_thủ cảm_nhận tiến mục_tiêu hâm_mộ nói_al nassr trận xuất_phát phản_ứng al ahli trận hòa_al fayha hlv jesus bác_bỏ quyết_định bất_lợi xảy al nassr lạ trọng_tài hôm_nay quyết_định bất_công bày_tỏ   al nassr al wasl tứ_kết afc champions league two sân zabeel dubai ronaldo kỳ_vọng kịp bình_phục đá,3,2,0
thất_bại allianz arena tứ_kết tối   mbappe ghi_bàn lượt đi lẫn lượt giúp đội bóng_tây ban_nha lật ngược tình_thế hai liên_tiếp real dừng tứ_kết tiền đạo_pháp cập bến bernabeu kết_quả khép mùa champions league  sự_nghiệp mbappe ra_mắt màu áo as monaco  tiền đạo pháp  trận ghi  bàn hiệu_suất cầu_thủ duy_nhất vô_địch top  tiền đạo ghi bàn lịch_sử giải gia_nhập real madrid  quyết_định hành_trình chinh_phục champions league rời psg tiền đạo sinh  hướng đội giàu truyền_thống_nhất châu_âu sở_hữu  chức vô_địch giai_đoạn mbappe trưởng_thành real đăng_quang bốn tám mùa giải hai mùa mbappe chưa_thể đội bóng tiến tứ_kết thành_tích kém khoác áo_psg monaco monaco mbappe tiếng vang mùa đầu dự ghi  bàn đội bán_kết psg tiến sâu đỉnh_cao mùa   đội bóng_pháp chung_kết trận đấu quyết_định lisbon psg thất_bại   bayern pha bàn kingsley coman trận đấu sân da luz mbappe_tiến danh_hiệu dừng bán_kết tứ_kết lặp hành_trình mbappe nghịch_lý liên_tục nằm cầu_thủ thế_giới ghi_bàn đều_đặn hoàn_tất mục_tiêu clb  mbappe danh_sách danh_thủ vô_địch champions league ronaldo nazario gianluigi buffon zlatan ibrahimovic francesco totti nguyên_nhân ổn_định ghế huấn_luyện  mùa champions league mbappe làm_việc  hlv leonardo jardim monaco đời hlv psg unai emery thomas tuchel mauricio pochettino christophe galtier luis enrique real trải triều_đại carlo ancelotti xabi_alonso alvaro arbeloa_sự liên_tục dự_án kế_thừa ảnh_hưởng khả_năng xây_dựng tập_thể ổn_định chinh_phục champions league giải đấu đòi_hỏi chiều sâu chiến_thuật tinh_thần đoàn_kết bản_lĩnh vòng knock out mbappe lên_tiếng mạng xã_hội tiền_đạo người_pháp thừa_nhận thất_vọng giải đấu kêu_gọi toàn đội cố_gắng phút chất_vấn lặp thất_bại viết madrid thất_bại lựa_chọn thông_điệp chú_ý nằm hứa chiến_thắng trở_lại dòng trạng_thái đi kèm ảnh đen trắng chụp ghi khoảnh_khắc rời sân allianz arena tượng_trưng giấc mơ dang_dở bayern chấm_dứt tham_vọng vô_địch tiền_đạo  champions league tương_lai dấu real dấu_hiệu hồi_sinh giai_đoạn chuyển_giao nhân_sự thay hlv mùa   ảnh_hưởng kế_hoạch dài_hạn đội bóng mbappe đi vết xe bóng_đá hiện_đại cầu_thủ xuất_sắc vô_địch champions league,4,2,0
tối   coventry hòa   sân blackburn_rovers bàn_gỡ bobby_thomas phút  kết_quả giúp coventry vững đỉnh bảng championship  đội xếp millwall  mùa giải vòng chắc_suất thăng_hạng phỏng_vấn trận bật khóc bầu_không_khí ăn_mừng cuồng_nhiệt sân ewood park tuyệt_vời cđv trải thất_vọng đội bóng xứng_đáng khoảnh_khắc đội bóng lịch_sử ý_nghĩa thành_phố lampard tiền_vệ vĩ_đại bậc lịch_sử thi_đấu chelsea giai_đoạn   ghi  bàn  trận_đoạt  danh_hiệu ngoại_hạng champions league khoác áo west ham swansea city_man city giải_nghệ new york city fc cấp_độ quốc_tế lampard ghi  bàn  trận tuyển dự kỳ_world cup    euro  giải đấu bầu đội_hình tiêu_biểu lampard hai liên_tiếp giành danh_hiệu cầu_thủ   cựu danh_thủ giúp coventry thăng_hạng bối_cảnh thành_tựu xứng_đáng đứng ngang_hàng danh_hiệu sự_nghiệp didier_drogba john_terry đội bóng nỗ_lực phi_thường bày_tỏ lampard hlv derby county chelsea everton dẫn_dắt coventry   clb thua  hòa  thắng  tỷ_lệ   nhà_cầm quân tiếp_quản coventry đứng  hai giúp coventry lột_xác đầu trở_lại ngoại_hạng  lampard thừa_nhận tầm_vóc clb nhận_lời dẫn_dắt hlv  tiết_lộ mục_tiêu ban_đầu lọt play off coventry kỳ_vọng giành vé hạng vòng kế_hoạch thăng_hạng toàn đội top   lampard từng_trải mùa giải chờ phút mục_tiêu may hoàn_thành mục_tiêu cảm_giác tuyệt_vời vô_địch,3,2,0
thái_lan sân gelora_delta nhiệm_vụ thắng lào thua myanmar   lượt khởi_đầu thuận_lợi tỷ_số phút  pha_rê dắt khéo_léo dứt_điểm wipusit srichan phút  lào gỡ hòa cú sút phạt chân trái anulak singsawang_thái_lan hai phút  cú sút piyaphat malisaychon thủ_môn lào cản_phá prez alves kelly kuako có_mặt đá bồi_ghi bàn kết_quả nguyên thái_lan chiếm đầu_bảng lào trận philippines myanmar   màn tỏa sisombat_vilaisone cú đúp bàn thắng phút   giúp lào_ngược dòng ngoạn_mục chiến_thắng giúp lào_đứng bảng b  kết_thái_lan đứng  hai thái_lan dừng vòng bảng u đông nam_á tiền_thân u đầu kỳ_giải  trận hòa lào   gián_tiếp thái_lan dừng  đội chia bảng thi_đấu vòng_tròn lượt đội đội nhì thành_tích bán_kết cạnh lào_australia đi tiếp đứng bảng c trận toàn_thắng hai suất xác_định lượt bảng a diễn ngày_mai việt_nam chủ indonesia malaysia đấu timor leste việt_nam dẫn_đầu  malaysia indonesia thầy_trò hlv cristiano roland hòa chủ bảng đội đương_kim vô_địch australia kết_trận bán_kết lào đội nhì thành_tích kỳ_giải  giải u u đông nam_á quá_khứ giải đấu mở_rộng đội mời khu_vực nhật_bản trung_quốc bahrain bangladesh_thái_lan việt_nam australia thành_tích đăng_quang xếp myanmar indonesia malaysia  nhật_bản ,4,2,0
phút  trận đấu sân king abdullah sports city jeddah   nỗ_lực móc_bóng hậu_vệ ali_majrashi tung chân trúng mặt_tiền đạo jdt jairo da silva_cú va_chạm lực cầu_thủ brazil đổ gục sân dấu_hiệu bất_tỉnh tại_chỗ cầu_thủ jdt lập_tức phản_ứng dữ_dội ra_hiệu khẩn_cấp đội_ngũ y_tế sân trọng_tài adham makhadmeh nhanh_chóng rút thẻ_đỏ majrashi theo_dõi chấn_thương jairo cựu_trọng_tài quốc_tế chuyên_gia phân_tích báo saad_al kathiri trọng_tài makhadmeh quyết_định chính_xác hành_vi bạo_lực sử_dụng_lực phản_ứng chậm đội_ngũ y_tế cầu_thủ jdt nổi giận_jairo nằm bất_động chục giây tiếp_cận kịp_thời tình_hình đội_trưởng natxo insa chạy thẳng đường_biên giật cờ tay_trọng_tài biên chú_ý lao khu_vực y_tế đá đổ ghế cáng sân hành_động khẩn_cấp insa phạt thẻ_vàng vi_phạm quy_trình nhân_viên y_tế khiêng cáng sân trọng_tài cho_phép cầu_thủ malaysia la_hét kêu_gọi nhân_viên y_tế sân trọng_tài makhadmeh bận rút thẻ_đỏ cầu_thủ al ahli đồng_đội jonathan silva cảnh_cáo phản_ứng đối_phương pha va_chạm quyết_định phản_đối trọng_tài cứng_nhắc cầu_thủ đối_mặt nguy_cơ chấn_thương nghiêm_trọng mạng xã_hội cổ_động_viên chỉ_trích phản_ứng chậm_chạp đau_đớn đội_ngũ y_tế chính_sự chậm_trễ buộc cầu_thủ jdt hành_động an_toàn đồng_đội jairo bệnh_viện xác_nhận ổn_định kiểm_tra chuyên_sâu đầu mặt pha bóng thẻ_đỏ trận đấu tranh_cãi hàng_loạt quyết_định điều_hành chuyên_gia al_kathiri bàn tỷ_số jdt phút  đáng_ra công_nhận lỗi đẩy ngược_lại bàn thắng quyết_định al ahli hiệp hai hợp_lệ pha bóng nguy_hiểm cầu_thủ đội bóng saudi var xem_xét nhận_định công_tác trọng_tài dấu_hỏi lớn_al kathiri mô_tả trận đấu thảm_họa điều_hành trọng_tài lẫn tổ var mắc sai_sót tình_huống then_chốt liên_đoàn bóng_đá châu_á afc chờ báo_cáo chính_thức giám_sát trận đấu bộ_phận y_tế toàn_diện tổng_thư_ký afc windsor john phản_hồi ngắn_gọn cơ_quan xem_xét tình_huống kết_luận cầu_thủ pha_phạm lỗi_majrashi rơi trạng_thái suy_sụp hình_ảnh trận ôm đầu bật khóc chứng_kiến hậu_quả pha jdt tỷ_số phút  pha phản_lưới majrashi tiền_vệ franck kessie gỡ hòa   al ahli hiệp phút  wenderson galeno ghi_bàn ấn_định thắng_lợi   al ahli bán_kết,4,2,0
sân gelora delta indonesia chiều thái_lan thua ngược lào   lượt bảng b đội đứng lào bán_kết tư_cách bảng thái_lan thắng philippines   thua myanmar   giải u đông nam_á  tổ_chức indonesia      đội chia bảng thi_đấu vòng_tròn lượt đội đội nhì thành_tích bán_kết tham_dự giải u_thái_lan cử cầu_thủ u tức sinh  tham_dự vòng u châu_á  cầu_thủ sinh  dẫn_dắt hlv marco gockel đi tập_huấn hướng vòng chung_kết u châu_á  arab saudi  vòng bảng kết_quả thất_vọng thầy_trò hlv sirisak gửi xin_lỗi hâm_mộ thái_lan màn trình_diễn đội_tuyển họp_báo trận kết_quả mong_đợi từ_chức hlv_trưởng đội u hlv sirisak sinh   công_tác huấn_luyện thái_lan giai_đoạn   trợ_lý đội_tuyển thái_lan hlv milovan rajevac hlv tạm quyền đtqg king s cup  trận thua việt_nam   hlv srisak tin_tưởng học_trò tương_lai tươi_sáng thường_xuyên trưởng_thành thông_tin cầu_thủ dự_án tìm_kiếm tài_năng bộ_phận kỹ_thuật lđbđ_thái_lan hai thái_lan dừng vòng bảng giải_u đông nam_á tiền_thân u đầu kỳ_giải  trận hòa lào   gián_tiếp thái_lan dừng kỳ_giải cạnh lào_australia bán_kết đứng bảng c trận toàn_thắng hai suất xác_định lượt bảng a diễn ngày_mai việt_nam chủ indonesia malaysia đấu timor leste việt_nam dẫn_đầu  malaysia indonesia thầy_trò hlv cristiano roland hòa chủ bảng đội đương_kim vô_địch australia kết_trận bán_kết lào đội nhì thành_tích giải u u đông nam_á tổ_chức đầu_vào  kỳ_giải  quá_khứ giải đấu mở_rộng đội mời khu_vực nhật_bản trung_quốc bahrain bangladesh_thái_lan việt_nam australia dẫn_đầu đăng_quang xếp myanmar indonesia malaysia  nhật_bản ,4,2,0
sân_la cartuja tối   khởi_đầu mơ giây  cú đánh_đầu ander barrenetxea bàn thắng lịch_sử trận chung_kết cup nhà_vua phá kỷ_lục  giây manuel badenes lập  valencia atletico nhanh_chóng lập trật_tự phút  ademola lookman_sút chéo góc quân_bình tỷ_số cầu_thủ nigeria hai ghi_bàn trận chung_kết cup nhà_vua finidi george  màu áo real betis hiệp sociedad phạt_đền mikel oyarzabal tiền đạo tây ban_nha đi lịch_sử sociedad cầu_thủ ghi_bàn hai trận chung_kết cup nhà_vua pha lập_công chấm  mét chung_kết  hiệp hai tỏa tình_huống đỡ bóng xoay sút chân trái căng góc quân_bình tỷ   tỷ_số nguyên hai hiệp phụ buộc hai đội giải_quyết thắng_thua loạt luân_lưu thủ_môn unai marrero sắm vai cản cú đá alexander sorloth julian alvarez pablo marin thành_công luân_lưu ấn_định chiến_thắng   sociedad trận đấu phân_định luân_lưu đồng_đội hâm_mộ marrero trận đồng_đội cup vua tây_ban nha felipe vi_thủ_môn  bày_tỏ nổi giấc mơ thuở hiện_thực sociedad_đoạt danh_hiệu cup nhà_vua thứ_tư lịch_sử    hlv pellegrino matarazzo nhà_cầm quân mỹ vô_địch giải đấu top  châu_âu lỡ giải_cơn khát danh_hiệu vô_địch la liga mùa   clb thành madrid nâng danh_hiệu cup nhà_vua  cố_gắng hết_sức bàn đêm koke thừa_nhận nhấn_mạnh atletico hướng mục_tiêu vô_địch champions_league arsenal kết,3,2,0
phút  trận đấu sân empower field at mile high   messi đi bóng cánh xâm_nhập vòng cấm chủ colorado trống hai hậu_vệ cứa_lòng chân trái bóng góc ấn_định tỷ   inter_miami bảy bàn đầu mùa mls  petar musa dallas sam surridge nashville dẫn_đầu đua vua phá lưới đội_trưởng inter miami nâng thành_tích sự_nghiệp  bàn_xếp cristiano ronaldo kỷ_lục  bàn hai đội trận đấu phong_độ tương_đồng  trận colorado thắng  inter_miami bất_bại  trận sân_nhà colorado thắng  hòa  thua  inter miami thắng  hòa  thua   trận sân trận đấu diễn cân_bằng colorado gấp đôi dứt_điểm   inter miami trận hlv javier_mascherano từ_chức phút  yannick bright phạm lỗi phạt_đền messi lĩnh trách_nhiệm tỷ_số đội đkvđ ưu_thế tinh_thần đội nhân_đôi cách_biệt cú đánh_đầu german_berterame phút   messi chuyền bóng_kiến_tạo tình_huống hai bàn dường_như inter miami lỏng chân hàng thủ_phút  rafael navarro đi bóng ghi_bàn rút ngắn tỷ_số   colorado bốn phút cầu_thủ sân thay darren yapi thoát sút đối_mặt thủ_môn inter miami gỡ hòa   inter miami chờ messi tỏa giành trận rơi  chống  bright thẻ_đỏ phút  kết_quả giúp leo xếp hai bảng miền đông mls   trận kém trận nashville,4,2,0
phút  trận đấu pacific fc halifax_wanderers vòng ngoại_hạng canada cpl pha dứt_điểm đồng_đội thủ_môn đẩy tiền đạo alejandro diaz băng đá bồi_ghi bàn cầu_thủ halifax lập_tức phản_ứng tiền_đạo đối_phương đứng hậu_vệ bóng luật việt_vị fifa giải đấu cơ_thể hợp_lệ ghi_bàn cầu_thủ tấn_công hậu_vệ tình_huống thổi phạt việt_vị áp_dụng quy_định bàn thắng diaz khả_năng công_nhận trọng_tài pacific tỷ_số tình_huống luật giai_đoạn thử_nghiệm cpl đề_xuất wenger cầu_thủ tấn_công coi việt_vị hở rõ_ràng daylight hậu_vệ hai cầu_thủ chồng_lấn tách_biệt rõ_ràng cầu_thủ tấn_công hợp_lệ pha bóng diaz_nhỉnh hậu_vệ lorenzo_callegari hai xác_định hở bàn thắng công_nhận luật việt_vị wenger áp_dụng khác_biệt trận đấu chuyên_nghiệp ý_tưởng thử_nghiệm cấp_độ chủ_yếu tác_động cân_nhắc triển_khai rộng_rãi luật nỗ_lực cải_tiến bóng_đá fifa cpl lựa_chọn môi_trường thử_nghiệm cạnh_tranh áp_lực giải hàng_đầu châu_âu_wenger trưởng ban phát_triển bóng_đá toàn_cầu fifa đầu đề_xuất luật việt_vị  bóng_đá hiện_đại ảnh_hưởng quyết_định việt_vị milimet công_nghệ var việt_vị tự_động áp_dụng rộng_rãi tình_huống cầu_thủ đối_phương cơ_thể từ_chối bàn thắng tranh_cãi hấp_dẫn trận đấu mục_tiêu luật khuyến_khích lối tấn_công lợi_thế cầu_thủ ghi bàn giúp trận đấu diễn liền mạch fifa bớt quyết_định việt_vị sít_sao hạn_chế tranh_cãi cải_thiện trải_nghiệm đề_xuất wenger đồng_thuận tuyệt_đối ý_kiến lo_ngại xáo_trộn cấu_trúc chiến_thuật đội bóng dựa hệ_thống phòng_ngự dâng xác_định hở rõ_ràng tiềm_ẩn yếu_tố chủ_quan tranh_luận thay_vì loại_bỏ tranh_cãi cpl quyết_định đi đầu thử_nghiệm kỳ_vọng đóng_góp hoàn_thiện luật bóng_đá tương_lai,4,2,0
lượt việt_nam dẫn_đầu bảng_a  indonesia malaysia  thầy_trò hlv cristiano roland thua bảng thua cách_biệt  bàn_indonesia thắng đi tiếp tâm_thế thoải_mái ban huấn_luyện việt_nam xoay_tua trận thắng timor leste   đội_tuyển thay khung thủ_môn lý xuân hòa hậu_vệ đội_trưởng nguyễn_huỳnh_đăng_khoa chu_ngọc nguyễn_lực lê_trọng bất_chấp sức_ép khán_giả chủ cầu_thủ việt_nam đứng vững indonesia rõ_rệt ghi_bàn mặt_trận tấn_công đội_tuyển pha dứt_điểm chính_xác phút  văn_dương_sút góc trái thủ_môn indonesia cản_phá vất_vả sút chệch cột vòng cấm phút  đầu hiệp hai đường chuyền cánh trái cột nguyễn_lực đệm_cận thành thủ_môn chủ tỷ_số hòa   việt_nam khép bảng_a đầu thủng lưới đội lần_lượt hạ malaysia   timor leste   indonesia đầu dừng vòng bảng bốn kỳ tham_dự bán_kết   việt_nam chạm trán đội bảng c australia_trận bán_kết lào bảng b malaysia nhì thành_tích giải u u đông nam_á tổ_chức đầu_vào  kỳ_giải  quá_khứ giải đấu mở_rộng đội mời khu_vực nhật_bản trung_quốc bahrain bangladesh_thái_lan việt_nam australia dẫn_đầu đăng_quang xếp myanmar indonesia malaysia  nhật_bản  giải tổ_chức indonesia     kỳ tư liên_tiếp việt_nam vòng bảng đội_tuyển vô_địch    nhì   hai đứng tư  ,4,2,0
sân zabeel   hlv jorge jesus tung đội_hình ronaldo đá dàn ngôi_sao sadio mane joao felix kingsley coman marcelo brozovic hai siêu_sao  đá cup c châu_á  phút chứng_minh phút  pha bóng cánh nawaf boushal căng ngang thuận_lợi ronaldo băng sút chạm bóng đi chìm góc tỷ_số thủ_quân_al nassr mừng bàn thắng  sự_nghiệp nhảy_xoay quen_thuộc bàn thắng ronaldo cup c châu_á bàn thắng ronaldo giúp al nassr đá phút  phạt góc joao_felix trung_vệ inigo martinez bật đánh_đầu nhân_đôi cách_biệt hai phút kịch_bản tương_tự lặp abdulelah_al amri nâng tỷ   al wasl đứng  thế_giới chỉ_số sức_mạnh tương_đương đội tầm_trung saudi pro_league hlv jorge jesus mạnh_dạn rút ronaldo nghỉ phút  đội kịp ghi bàn thắng tư phút  công_sadio mane chiến_thắng al nassr bán_kết al ahli qatar al hussein jordan ronaldo hướng danh_hiệu chính_thức al nassr arab saudi mạng xã_hội tiền đạo_bồ đào_nha đăng thông_điệp ngắn_gọn hẹn bán_kết kèm biểu_tượng quyết_tâm trận đấu afc champions league  giải_hạng hai châu_á clb xung_đột trung_đông trận đấu diễn lượt sân trung_lập uae việt_nam clb công_an hà_nội vòng   tampines rovers singapore cặp bán_kết kết_thúc gamba osaka thắng bangkok united   hai lượt chỉ_số gamba osaka đứng  thế_giới đội hàng_đầu arab_saudi clb nhật_bản đối_thủ châu_lục,4,2,0
trận đấu ảnh_hưởng đua vô_địch diễn căng_thẳng hấp_dẫn kỳ_vọng hâm_mộ sân etihad manchester   hiệu_quả một_chút may_mắn man city giành thắng nắm quyền tự_quyết giải  vòng hiện hiệu   arsenal thắng burnley cách_biệt hai bàn trận đấu bù   nửa xanh thành manchester chiếm đỉnh bảng hướng chức vô_địch   mùa thời pep guardiola trận hlv mikel arteta tuyên_bố arsenal thắng tử_thủ kai havertz xếp đá trung_phong thay_vì viktor_gyokeres trở_lại chấn_thương thủ_quân martin odegaard lập_tức đá eberechi eze lệch trái arsenal sòng_phẳng tình_huống bóng sống ấn_tượng pha áp_lực vòng  phút giành bóng một_phần_ba sân đối_phương hai etihad_cộng trận đấu đôi_khi quyết_định khoảnh_khắc trận đứng man city phút  rayan cherki vốn thuận hai chân xuyên phá không_gian chật_hẹp đi gabriel dứt_điểm lạnh_lùng góc tỷ_số  phút cherki sút bóng chạm gabriel đập trúng mé cột dọc bàn_thua arsenal lung_lay áp_lực sân man city  phút đội  áp_lực một_phần_ba sân  man city bàn gỡ hòa   phút  havertz pressing bóng rời matheus nunes trở gianluigi donnarumma thủ_thành man city chần_chừ kịp góc phá tiền_đạo arsenal nhoài chặn_đứng bóng đổi hướng bay khung_thành trống_erling haaland_sút trúng cạnh cột dọc phạt góc antoine semenyo lỗi tình_huống đối_mặt thủ_thành david_raya đáp arsenal cục rẽ hướng tình_huống phản_công havertz thoát đối_mặt sút trúng donnarumma gabriel martinelli sân thay noni madueke ập đá bồi thắng thủ_thành italy eze bóng cấm_địa xoay_xở cứa_lòng bóng dội mép cột dọc phút bóng đầu sân kia ghi_bàn quyết_định pha phối_hợp khởi_nguồn thủ_môn donnarumma nico o reilly bật tường jeremy doku tạt rodri hàng thủ_arsenal hút tiền_vệ man city kèm sát haaland bóng bật tiền đạo na_uy dứt_điểm tỷ   arsenal kết_thúc phút  gabriel đánh_đầu chạm đổi hướng trúng cột dọc phút bù tạt căng cầu_thủ sân thay leandro trossard havertz kèm khung_thành đánh_đầu sạt xà_ngang thua màn trình_diễn arsenal etihad sáng_sủa trận kế trận thắng  trận đấu_trường man city phong_độ đánh_bại arsenal liverpool chelsea chênh_lệch đà phong_độ trận đấu cân_bằng quyết_định khoảnh_khắc đứng chủ sân etihad,3,2,0
tiếng còi mãn sân alvalade tối   đi máy ăn_mừng ngạo_nghễ liên_tục dí viết tắt áo đầu vai_trò chiến_thắng sân sporting lisbon_trận tỷ_số phạt_đền andreas schjelderup phút  morita hidemasa quân_bình   sporting phút  phút bù cầu_thủ thay rafa silva xâm_nhập vòng cấm sút chéo_góc ấn_định chiến_thắng   benfica kết_quả giúp thầy_trò mourinho bất_bại  trận giải vđqg_bồ đào_nha mùa  thắng  hòa thất_thế đua vô_địch xếp hai  kém porto  mùa giải  vòng trận đấu tuyệt_vời trận xuất_sắc hai đội bóng trọng_tài mourinho nhận_xét benfica sporting thể_hiện phong_cách quen_thuộc bầu_không_khí sân tuyệt_vời vô_địch thừa_nhận benfica phụ_thuộc kết_quả đối_thủ đội đầu bảng porto bốn vòng benfica lần_lượt đấu moreirense famalicao braga estoril praia porto chạm trán amadora alverca avs santa clara mourinho ký hợp_đồng hai benfica hè  đánh_dấu trướng đội bóng thua  hòa  thắng  tỷ_lệ   mùa benfica thua porto   tứ_kết cup quốc_gia real vòng play off champions league cạnh_tranh giải_vđqg truyền_thông tây ban_nha mourinho ứng_viên thay_thế alvaro arbeloa real mùa   đội bóng_hoàng_gia nguy_cơ trải mùa giải trắng_tay vòng   cup nhà_vua bayern đứng hai la_liga kém barca  trận thắng sporting tương_lai mourinho cam_kết rõ_ràng_liệu benfica mùa hai tuần ngày_trước xảy hlv  ngược_lại phóng_viên công_việc phóng_viên đài đáp hài_hước chẳng câu trả_lời phòng họp_báo mourinho bật cười,3,2,0
lượt tối   việt_nam dẫn_đầu bảng_a  indonesia malaysia  hai lượt việt_nam hạ malaysia   malaysia thắng indonesia   điểm_số_hiệu đối_đầu phân_bậc indonesia thắng việt_nam chiếm đầu đi tiếp tư_cách đội nhì thành_tích sân gelora delta indonesia phòng_ngự phản_công chủ rõ_rệt việt_nam kiểm_soát thế_trận liên_tục dứt_điểm tiếp_cận indonesia hlv cristiano roland đối_mặt áp_lực tấn_công indonesia họp_báo trận hòa   hơi ngạc_nhiên indonesia chờ_đợi tấn_công hiệp nhà_cầm quân brazil indonesia chiến_thuật nghỉ hiệp_đầu cố_gắng ngạc_nhiên roland hlv kurniawan dwi yulianto cầu_thủ chiến_thuật đề tấn_công vội_vàng rút kinh_nghiệm hai trận đầu đối_thủ khoan_phá hai cánh pha phản_công hướng an_toàn phát_triển lối kurniawan việt_nam quyết_liệt hiệp_đầu đội phản_công khả_năng tấn_công tối_ưu việt_nam khả_năng chuyển_đổi phòng_ngự tấn_công cố_gắng sức_ép lộ trống sân trận hòa bàn thắng indonesia dừng vòng bảng đầu bốn kỳ việt_nam bán_kết tư_cách bảng_a australia bảng c trận bán_kết lào bảng b malaysia đội nhì thành_tích giải u u đông nam_á tổ_chức đầu  kỳ_giải  quá_khứ giải mở_rộng đội mời khu_vực nhật_bản trung_quốc bahrain bangladesh_thái_lan việt_nam australia dẫn_đầu đăng_quang xếp myanmar indonesia malaysia  nhật_bản  giải tổ_chức indonesia     tư liên_tiếp việt_nam vòng bảng đội_tuyển vô_địch    nhì   hai đứng tư  ,4,2,0
trận cầu_thủ đôi xảy xô_xát đỉnh_điểm fadly bay đá kiểu kungfu lưng cầu_thủ dewa đập đất đuổi trả_đũa fadly hành_vi bạo_lực fadly bức_xúc nền_tảng_mạng xã_hội indonesia tiền đạo sinh  nổi_tiếng bàn quyết_định giúp đội hạ honduras   lượt bảng h giải u world_cup  dừng vòng bảng chiến_thắng indonesia hai dự_giải fadly triệu_tập đội u quốc_gia cạnh fadly hai cầu_thủ bhayangkara fc tố_cáo hành_vi bạo_lực ahmad catur prasetyo tấn_công thành_viên dewa giơ van_xin aqilah lissunnah aljundi đá bụng cầu_thủ thành_viên ban huấn_luyện tham_gia đánh chủ_tịch dewa united ardian satya negara thất_vọng giải đấu tổ_chức thanh_thiếu_niên học_hỏi đấu_trường bạo_lực clb trách_nhiệm giáo_dục đạo_đức luân_thường đạo_lý thay_vì áp_lực buộc cầu_thủ thắng giá vị tuyên_bố hành_động pháp_lý răn_đe khởi_kiện vụ bạo_lực bài_học ardian hlv trưởng u indonesia nova arianto điều_tra nguyên_nhân vụ_việc biện_pháp cầu_thủ danh_sách triệu_tập đội_tuyển cầu_thủ đtqg làm_gương tôn_trọng sân nova bạo_lực sân_cỏ vấn_nạn bóng_đá indonesia đội hộ_tống sân đối_phương xe_bọc_thép cảnh_sát chống bạo_động triển_khai trận đấu đối_thủ_truyền kiếp_giải bóng_đá u indonesia epa super league u tổ_chức đầu_vào  kỳ tư thành_phần tham_gia đội u clb dự_giải vô_địch quốc_gia indonesia bri super league giải  đội chia thành hai bảng thi_đấu vòng_tròn hai lượt thể_thức sân_nhà sân đội dẫn_đầu bảng chung_kết mùa giải   diễn       bhayangkara đứng nhì bảng_a   trận kém persija hai thi_đấu hai trận dewa đứng   đá  trận,4,2,0
kết_quả công_bố madrid   psg đánh_bại ứng_cử_viên tuyển bóng_đá nữ vô_địch euro  tuyển golf châu_âu giành ryder cup đội mclaren vô_địch f thế_giới đội bóng_rổ oklahoma city thunder vô_địch nba giải_thưởng laureus trao  bao_quát môn thi_đấu vinh_danh thành_tựu thể_thao tập_thể oscar thể_thao  psg giành  danh_hiệu champions league ligue  cup_pháp siêu cup_pháp siêu_cup châu_âu fifa intercontinental_cup lịch_sử hai đội barca  bayern  hành_trình lột_xác chiến_tích giành champions league thầy_trò hlv luis enrique liverpool aston_villa arsenal đè_bẹp inter   trận chung_kết đỉnh chia_tay lionel messi kylian mbappe neymar minh_chứng quan_điểm tài_chính yếu_tố quyết_định thể_thao đội hai giành giải_đội thể_thao tuyển bóng_đá nam_pháp vô_địch euro  world_cup  tuyển bóng_đá nam italy world_cup  euro  bayern champions league   toni kroos_cựu tiền_vệ real tuyển_đức giành giải_vđv truyền cảm_hứng hiện quỹ từ_thiện giúp_đỡ trẻ_em hoàn_cảnh thông_qua chương_trình giành giải nam vđv vợt tây ban_nha kết_thúc  hai danh_hiệu roland_garros mỹ mở_rộng giành australia mở_rộng  hoàn_tất sưu_tập đơn nam grand slam alcaraz vợt tư giành giải roger federer rafael nadal novak_djokovic djokovic kỷ_lục đăng_quang federer vđv_điền kinh_usain bolt danh_hiệu giải nữ vđv vợt vô_địch mỹ mở_rộng chung_kết roland garros  cựu vợt serena williams vđv thể_dục simone_biles kỷ_lục bốn giành giải đua f vô_địch  lando_norris giành giải phát_hiện golfer vô_địch the masters   rory_mcilroy giành giải_màn trở_lại,3,2,0
xin_lỗi hành_động hoen_ố danh_tiếng đội_tuyển quốc_gia indonesia fadly xin_lỗi phẫn_nộ hâm_mộ indonesia trận thua dewa united   thành_viên bhayangkara fc bất_bình đối_phương ghi_bàn tư_thế việt_vị trọng_tài công_nhận căng_thẳng pha_phạm lỗi ẩu_đả cầu_thủ quan_chức đôi hỗn_loạn fadly tung cú đá kiểu kungfu lưng cầu_thủ dewa united đập đất hành_vi bạo_lực cầu_thủ  bức_xúc nền_tảng_mạng xã_hội indonesia fadly nổi_tiếng bàn quyết_định giúp đội hạ honduras   lượt bảng h giải u world_cup  chiến_thắng duy_nhất indonesia hai dự_giải triệu_tập đội u quốc_gia đợt fadly vốn nằm danh_sách sơ_bộ hành_động bạo_lực khả_năng tài_năng triệu_tập cạnh_án kỷ_luật nội_bộ bhayangkara truyền_thông indonesia lđbđ indonesia pssi cấm fadly thi_đấu sẵn_sàng chấp_nhận hình_phạt hứa lặp hành_động fadly tranh_cãi bàn hai dewa fadly alberto cố_gắng can_ngăn xô_xát xảy tấn_công chửi_mắng gọi_là quái_vật thằng khốn_nạn bức_xúc túm cầu_thủ đối_phương fadly hai cầu_thủ bhayangkara tố_cáo hành_vi bạo_lực ahmad catur prasetyo tấn_công thành_viên dewa giơ van_xin aqilah lissunnah aljundi đá bụng cầu_thủ dewa chủ_tịch dewa united ardian satya negara thất_vọng tuyên_bố hành_động pháp_lý răn_đe tối_qua bhayangkara tuyên_bố chính_thức trang_instagram clb đội bóng dung hành_vi bạo_lực lên_án hình_thức khiêu_khích phân_biệt chủng_tộc đội kiên_quyết thông_qua quy_trình kỷ_luật nội_bộ quy_định hiện_hành tương_tự tái_diễn thu_thập bằng_chứng gửi cơ_quan_chức_năng hành_động chuyên_nghiệp công_bằng thông_báo bhayangkara đoạn kêu_gọi duy_trì tinh_thần thể_thao đề_cao fair_play bóng_đá,4,2,0
lốp xe đâm thủng xì_hơi real_đuối dần tan_vỡ trận cầu bayern munich tưởng_chừng kỳ_tích rộng chủ_tịch florentino perez cố_gắng can_thiệp thay nhầm linh_kiện quyết_định đội bóng quyền_lực nằm cầu_thủ kết_quả thất_bại toàn_tập nhà_cầm quân trẻ đánh uy_quyền cầu_thủ tâm_điểm hoài_nghi khán_đài sục_sôi giận_dữ chuyển_giao khai_tử trứng dàn đẳng_cấp thế_giới đánh niềm mặt chuyên_môn bồn cầu phòng tắm ghế sofa phòng bàn phòng bếp tức cơ_bản nỗ_lực đội_hình tài_năng lò đào_tạo trẻ clb bối_cảnh thiếu_hụt nhân_sự chẳng_thể phong_cách quản_trị vốn nằm ranh_giới cảm_xúc chính_trị mổ_xẻ nuông_chiều ngôi_sao nghĩa_cử góc_độ vô_hại sân_cỏ tỏ quá_mẫn cán clb công_kích trọng_tài vỗ_về trụ_cột giá thỏa_hiệp uy_quyền thời_khắc tồi_tệ phát_biểu arbeloa ôn_hòa nỗ_lực khơi gợi_lòng tự_tôn nhắc lịch_sử liều thuốc tăng_lực đi lửa rực cháy khát_khao hơn_bao_giờ_hết kéo_theo món nợ xứng tầm vị_thế huyền_thoại đi linh_hồn trận đấu_clb biểu_tượng quyền_lực rõ_ràng chủ_tịch hiện_thân định_chế tối_cao mặt cấu_trúc di_sản lâu_bền nắm quyền giúp real duy_trì trật_tự tầm ảnh_hưởng perez chạm phòng thay đồ mồ_côi cá_tính sức lôi_cuốn mạnh_mẽ đời hlv real chính_clb suy_yếu quyền vòng xoáy tự_hủy bóng_đá đỉnh_cao nhận_thức yếu_tố quyết_định cầu_thủ nhanh_chóng thầy bản_lĩnh kẻ yếu_thế thủ_lĩnh sa_đà cuộc_chiến lề dani carvajal sa_sút đóng vai_trò then_chốt sân thibaut courtois eder militao fede valverde jude bellingham kylian_mbappe siêu_sao thiên thủ_lĩnh chuyên_môn thủ_lĩnh tinh_thần đội bóng đi gương_mặt sergio ramos raul gonzalez ngày_trước tức tự_thân sở_hữu uy_quyền lắng_nghe tuân_phục yên_bình khiếm_khuyết che_lấp trải khủng_hoảng kết_quả khủng_hoảng cộng_hưởng đội_hình cân_đối bản_sắc nhạt nhòa chẳng ánh hào_quang lịch_sử lối vốn tiền_vệ nhãn_quan tư_duy quyền kiểm_soát có_lẽ clb mẫu hlv độc_đoán kiểu perez ưa_thích bến đỗ bão lịch_sử mô_hình ngắn_ngủi thành_công santiago bernabeu niềm hlv hồ_sơ bài_bản vững_chãi lộ_trình rõ_ràng gạt quyết_định sa_thải alonso niềm khao_khát châu_âu clb ngấu_nghiến kỷ_lục real chiến_thắng hôm_nay ngày_kia thói_hư văn_hóa luật_định bất_thành_văn bởi_lẽ thi_đấu mục_tiêu chẳng án phạt suy_ngẫm cầu_thủ arbeloa coi khép chương sự_nghiệp nạn_nhân kết_quả thứ_giáo_điều tuyệt_đối bóng_đá cỗ máy chuyên xuất_xưởng kịch_bản real sân_khấu phép trống perez lấp trống quyết_định thúc_đẩy đại_tu sâu rễ bền gốc,4,2,0
việt_nam bán_kết tư_cách bảng a thắng malaysia   timor leste   hòa chủ indonesia   australia bảng c thành_tích toàn_thắng thủng lưới brunei singapore campuchia dễ_dàng kiểm_soát trận vòng bảng hlv veart australia lặp bán_kết việt_nam thử_thách khác_biệt đối_thủ họp_báo chiều   suốt  phút lơ_là đối_phương hlv sinh  nhận_định việt_nam sở_hữu cầu_thủ kỹ_thuật chuyển_đổi trạng_thái tấn_công phòng_ngự australia lưu_tâm thiết_lập hệ_thống phòng_ngự trận đấu ngày_mai hấp_dẫn veart nâng tầm mức_độ việt_nam giải u châu_á  veart khoác áo_tuyển australia giai_đoạn    cựu tiền_đạo hlv cấp_độ trẻ dẫn_dắt adelaide united giải vđqg australia giai_đoạn   chỉ_định dẫn_dắt đội u quốc_gia hlv việt_nam cristiano roland cao_australia ban huấn_luyện phương_án đội thi_đấu bán_kết ngày_mai duy_trì đà_hưng phấn vòng bảng cầu_thủ tiến_bộ trận đấu chứng_minh đấu ngày_mai roland tỏa giải đấu diễn  kỳ_giải hai đội vô_địch việt_nam đăng_quang    australia    chung_kết  australia hòa việt_nam    phút thắng   luân_lưu  bán_kết việt_nam thắng  chung_kết australia  đi trận  hiện_diện bán_kết thua chung_kết  việt_nam thắng australia   vòng bảng việt_nam thua australia   vòng bảng hòa   thua   trận tranh_giải   việt_nam hạ_australia   bán_kết thắng chủ thái_lan chung_kết giải u đông nam_á  diễn indonesia     đội chia bảng thi_đấu vòng_tròn lượt đội đội nhì thành_tích kết_trận bán_kết đấu lào malaysia giải u u đông nam_á tổ_chức đầu_vào  kỳ_giải  quá_khứ giải đấu mở_rộng đội mời khu_vực nhật_bản trung_quốc bahrain bangladesh,4,2,0
